,names,Brand
0,Maryland Cookies Chocolate Chip Minis x6,Maryland
1,Weetabix Cereal x24,Weetabix
2,Walker's Shortbread Fingers x10 160g,Walker's
3,Stamford Street Co. Chopped Tomatoes in Tomato Juice 400g,Stamford Street Co.
4,Cravendale Filtered Fresh Semi Skimmed Milk 2L Fresher for Longer,Cravendale
5,JS Double Cream 300ml,JS
6,Heinz Baked Beans in a Rich Tomato Sauce 4 x 415g,Heinz
7,Walkers Ready Salted Multipack Crisps 6x25g,Walkers
8,Napolina Chopped Tomatoes 4x400g,Napolina
9,Napolina Chopped Tomatoes 400g,Napolina
10,Oatly Oat Drink Barista Edition Long Life 1L,Oatly
11,Stamford Street Co. Baked Beans in Tomato Sauce 400g,Stamford Street Co.
12,Heinz Baked Beans in a Rich Tomato Sauce 415g,Heinz
13,Alpro Almond No Sugars Long Life Drink 1L,Alpro
14,KTC Chopped Tomatoes 400g,KTC
15,Cravendale Filtered Fresh Whole Milk 2L Fresher for Longer,Cravendale
16,Walkers Cheese & Onion Multipack Crisps 6x25g,Walkers
17,McVitie's Milk Chocolate Digestives Biscuits 266g,McVitie's
18,Heinz Cream of Tomato Soup 400g,Heinz
19,KTC Chick Peas 400g,KTC
20,Princes Tuna Chunks in Spring Water 4x145g,Princes
21,Stamford Street Co. Peeled Plum Tomatoes in Tomato Juice 400g,Stamford Street Co.
22,Walkers Quavers Cheese Multipack Crisps Snacks 6x16g,Walkers
23,Stamford Street Co. Tortilla Chips 200g,Stamford Street Co.
24,Hula Hoops Original Potato Ring Crisps 6x24g,Hula Hoops
25,Jacob's Mini Cheddars Original Baked Snacks Multipack 6x23g,Jacob's
26,Batchelors Super Noodles Chicken Flavour 90g,Batchelors
27,Pom-Bear Original Multipack Crisps 6x13g,Pom-Bear
28,McVitie's Digestives The Original Biscuits 360g,McVitie's
29,Birds Eye Potato Waffles x10 567g,Birds Eye
30,KitKat 2 Finger Milk Chocolate Biscuit Bar Multipack 9x20.7g,KitKat
31,Walkers Salt & Vinegar Multipack Crisps 6x25g,Walkers
32,Diet Coke 8x330ml,Diet Coke
33,Cadbury Dairy Milk Chocolate Bar 180g,Cadbury
34,Tilda Microwave Rice Pure Basmati 250g,Tilda
35,Alpro Almond No Sugars Chilled Drink 1L,Alpro
36,Cadbury Brunch Oats Chocolate Chip Cereal Bar Pack x5 160g,Cadbury
37,Cadbury Dairy Milk Giant Buttons Chocolate Bag 119g,Cadbury
38,Walkers Wotsits Really Cheesy Multipack Crisps Snacks 6x16.5g,Walkers
39,Stamford Street Co. Dark Chocolate 100g,Stamford Street Co.
40,Kit Kat 2 Finger Milk Chocolate Biscuit Bar Multipack 14x20.7g,Kit Kat
41,Ambrosia Custard Can 400g,Ambrosia
42,Pringles Original Sharing Crisps 185g,Pringles
43,Stamford Street Co. Digestive Biscuits 400g,Stamford Street Co.
44,Kerrygold Pure Irish Butter 250g,Kerrygold
45,Doritos Cool Original Sharing Tortilla Chips Crisps 180g,Doritos
46,Pringles Sour Cream & Onion Sharing Crisps 185g,Pringles
47,Ambrosia Rice Pudding Can 400g,Ambrosia
48,Walkers Prawn Cocktail Multipack Crisps 6x25g,Walkers
49,Stamford Street Co. Milk Chocolate Digestives 300g,Stamford Street Co.
50,Sensations Thai Sweet Chilli Sharing Crisps 150g,Sensations
51,Heinz Cream of Tomato Soup x4 400g,Heinz
52,Branston Baked Beans 4x410g,Branston
53,Jus-Rol Puff Pastry Ready Rolled Sheet 320g,Jus-Rol
54,McVitie's Ginger Nut Biscuits 250g,McVitie's
55,Weetabix Cereal x48,Weetabix
56,Heinz Cream of Chicken Soup 400g,Heinz
57,McVitie's Dark Chocolate Digestive Biscuits 266g,McVitie's
58,Happy Egg Large Free Range Eggs x10,Happy Egg
59,Hula Hoops BBQ Beef Potato Ring Crisps 6x24g,Hula Hoops
60,Stamford Street Co. Milk Chocolate 100g,Stamford Street Co.
61,Stamford Street Co. Peach Slices in Light Syrup 411g,Stamford Street Co.
62,Terry's Chocolate Orange Milk Ball 157g,Terry's
63,Kettle Chips Sea Salt & Balsamic Vinegar of Modena Sharing Crisps 130g,Kettle Chips
64,Stamford Street Co. Clear Honey 340g,Stamford Street Co.
65,Alpro Soya Chilled Drink 1L,Alpro
66,KitKat Chunky Milk Chocolate Bar Multipack 4x40g,KitKat
67,Jacob's Cream Crackers 300g,Jacob's
68,Cadbury Brunch Oats Raisin Chocolate Cereal Bar Pack x5 160g,Cadbury
69,Dolmio Bolognese Pasta Sauce 500g,Dolmio
70,Jacob's Mini Cheddars Original Baked Snacks Multipack 12x23g,Jacob's
71,Stamford Street Co. Salted Peanuts 200g,Stamford Street Co.
72,Heinz Top Down Ketchup 460g,Heinz
73,Yeo Valley Organic Yogurt Greek Style With Honey 4x100g,Yeo Valley
74,McVitie's Rich Tea Biscuits 300g,McVitie's
75,McVitie's Hobnobs Milk Chocolate Biscuits 262g,McVitie's
76,McCoy's Classic Variety Pack Crisps 6x25g,McCoy's
77,Soreen Malt Lunchbox Loaf Bars x5,Soreen
78,Oreo Vanilla Cookie Sandwich Biscuits 154g,Oreo
79,JS Sunflower Oil 1L,JS
80,Tunnock's Caramel Wafers x8,Tunnock's
81,Quaker Oat So Simple Original Porridge Sachets 10x27g,Quaker
82,Napolina Spaghetti 500g,Napolina
83,Batchelors Original Mushy Peas 300g,Batchelors
84,Alpro Long Life Oat Drink 1L,Alpro
85,Lindt Excellence Dark 70% Cocoa Chocolate Bar 100g,Lindt
86,Napolina Tomato Passata 500g,Napolina
87,Bisto Gravy Granules 190g,Bisto
88,Nescafé Azera Americano Instant Coffee 90g,Nescafé
89,Kellogg's Corn Flakes Breakfast Cereal 500g,Kellogg's
90,McVitie's The Original Jaffa Cakes Twin Pack x20 238g,McVitie's
91,Hula Hoops Variety Pack Potato Ring Crisps 6x24g,Hula Hoops
92,Nature Valley Crunchy Oats & Honey Cereal Bars 5x42g,Nature Valley
93,Petits Filous Kids Strawberry & Apricot Yoghurt 4x85g,Petits Filous
94,Green Giant Original Sweet Corn x4 198g,Green Giant
95,Stamford Street Co. Mushy Peas 300g,Stamford Street Co.
96,Jacob's Cheddars Cheese Biscuits 150g,Jacob's
97,Walkers Classic Variety Multipack Crisps 6x25g,Walkers
98,Yorkshire Tea Tea Bags x80,Yorkshire Tea
99,Hellmann's Real Squeezy Mayonnaise 430ml,Hellmann's
100,McCain Ready Baked Jacket Potatoes x4 800g,McCain
101,Oatly Oat Drink Whole Chilled 1L,Oatly
102,Heinz Baked Beans in a Rich Tomato Sauce 200g,Heinz
103,Farrow's Giant Marrowfat Peas 300g (180g*),Farrow's
104,Cadbury Fingers Milk Chocolate Biscuits 114g,Cadbury
105,Heinz Baked Beans Snap Pots 4 x 200g,Heinz
106,Pot Noodle Chicken & Mushroom 90g,Pot Noodle
107,Heinz Spaghetti Hoops In Tomato Sauce 400g,Heinz
108,Walkers Salt & Shake Multipack Crisps 6x24g,Walkers
109,Tyrrells Chips Lightly Sea Salted 150g,Tyrrells
110,Oatly Organic Oat Drink Long Life 1L,Oatly
111,Doritos Chilli Heatwave Sharing Tortilla Chips Crisps 180g,Doritos
112,Marmite Classic Yeast Extract Spread 250g,Marmite
113,Soreen Banana Lunchbox Loaf Bars x5,Soreen
114,Skips Prawn Cocktail 6x13.1g,Skips
115,Walkers Squares Salt & Vinegar Multipack CrispsSnacks 6x22g,Walkers
116,Ambrosia Custard Pots 4x125g,Ambrosia
117,Heinz Spaghetti Hoops In Tomato Sauce 205g,Heinz
118,Snack a Jacks Salt & Vinegar Multipack Rice Cakes Pack x5,Snack a Jacks
119,McVitie's Digestives The Original Biscuits Twin Pack 2x360g,McVitie's
120,Walkers Quavers Cheese Multipack Crisps Snacks 12x16g,Walkers
121,Heinz Baked Beans in a Rich Tomato Sauce 150g,Heinz
122,Sacla Basil Pesto 190g,Sacla
123,Heinz Vegetable Soup 400g,Heinz
124,Stork Baking Spread Alternative to Butter 500g,Stork
125,Go Ahead Apple Fruit & Oat Bakes Snack Bars Multipack 6x35g,Go Ahead
126,Oatly Oat Drink Semi Chilled 1L,Oatly
127,Pringles Salt & Vinegar Sharing Crisps 185g,Pringles
128,KTC Coconut Milk 400ml,KTC
129,Ko-Lee Instant Noodles Chicken Flavour 70g,Ko-Lee
130,Green & Black's Organic 70% Dark Chocolate Bar 90g,Green & Black's
131,Nescafé Gold Blend Instant Coffee 200g,Nescafé
132,Magnum Mini Classic Almond & White Chocolate Ice Cream Sticks 6x55ml,Magnum
133,Tunnock's Milk Chocolate Teacakes Biscuits x10,Tunnock's
134,Old El Paso Mexican Original Smoky BBQ Fajita Kit 500g,Old El Paso
135,McCoy's Flame Grilled Steak Crisps 6x25g,McCoy's
136,Kallo Organic Lightly Salted Rice Cakes 130g,Kallo
137,Heinz Tomato Ketchup 910g,Heinz
138,Kellogg's Special K Original Breakfast Cereal 750g,Kellogg's
139,Cadbury Dairy Milk Little Bars Chocolate Bars Pack x6 108g,Cadbury
140,Fox's Biscuits Party Rings 125g,Fox's
141,Yorkshire Tea Bags x240,Yorkshire Tea
142,Del Monte Fruit Cocktail In Juice 415g (250g Drained),Del Monte
143,Bisto Reduced Salt Gravy Granules 190g,Bisto
144,Heinz Baked Beans and Sausages 415g,Heinz
145,Vitalite Dairy Free Spread 500g,Vitalite
146,Quorn Vegetarian Mince Family Pack 500g,Quorn
147,"Loyd Grossman Pasta Sauce, Tomato & Basil 350g",Loyd Grossman
148,Doritos Tangy Cheese Sharing Tortilla Chips Crisps 180g,Doritos
149,Napolina Chick Peas 400g (240g*),Napolina
150,Bonne Maman Strawberry Conserve 370g,Bonne Maman
151,Stamford Street Co.White Chocolate 100g,Stamford Street Co.
152,Walkers Wotsits Really Cheesy Multipack Crisps Snacks 12x16.5g,Walkers
153,Cadbury Dairy Milk Chocolate Bar 110g,Cadbury
154,Kellogg's Fruit 'n Fibre Original Breakfast Cereal 700g,Kellogg's
155,Quaker Porridge Oats 1kg,Quaker
156,Old El Paso Smoky BBQ Fajitas Seasoning Mix 35g,Old El Paso
157,Branston Baked Beans 220g,Branston
158,Tilda Microwave Rice Wholegrain Basmati 250g,Tilda
159,Barny Chocolate Sponge Bear Biscuits 5x25g,Barny
160,Fox's Biscuit Jam 'n' Cream Rings 150g,Fox's
161,Tyrrells Cider Vinegar & Salt Sharing Crisps 150g,Tyrrells
162,Napolina Peeled Plum Tomatoes 400g,Napolina
163,Maltesers Milk Chocolate & Honeycomb Bites Bag Fairtrade 102g,Maltesers
164,"Tetley Everyday Tea Bags, Softpack x240",Tetley
165,Napolina Red Kidney Beans 400g (240g*),Napolina
166,Stamford Street Co. Strawberry Jam 454g,Stamford Street Co.
167,Heinz Cream Of Mushroom Soup 400g,Heinz
168,Kettle Chips Mature Cheddar & Red Onion Sharing Crisps 130g,Kettle Chips
169,Del Monte Peach Slices In Juice 415g (250g Drained),Del Monte
170,Galaxy Smooth Milk Chocolate Snack Bars Multipack Vegetarian 4x42g,Galaxy
171,Smiths Frazzles Crispy Bacon Multipack Snacks Crisps 6x18g,Smiths
172,Stamford Street Co. Potatoes in Water 540g,Stamford Street Co.
173,Stamford Street Co. White Rice 1kg,Stamford Street Co.
174,Ryvita Crispbread Dark Rye Crackers 250g,Ryvita
175,Whole Earth Crunchy Peanut Butter 454g,Whole Earth
176,Walkers Classic Variety Multipack Crisps 12x25g,Walkers
177,Alpro No Sugars Chilled Oat Drink 1L,Alpro
178,Walkers Smoky Bacon Multipack Crisps 6x25g,Walkers
179,Cadbury Drinking Hot Chocolate 500g,Cadbury
180,Hula Hoops Variety Crisps 12x24g,Hula Hoops
181,Heinz Baked Beans and Pork Sausages 200g,Heinz
182,Green & Black's Organic 85% Dark Chocolate Bar 90g,Green & Black's
183,Rude Health Almond Drink 1L,Rude Health
184,Cadbury Wispa Chocolate Bar Multipack x4 111.6g,Cadbury
185,Bahlsen PiCK UP! Milk Chocolate Biscuit Bars 5x28g,Bahlsen
186,Pringles Texas BBQ Sauce Flavour Sharing Crisps 185g,Pringles
187,Cadbury Bournville Classic Dark Chocolate Bar 180g,Cadbury
188,McCoy's Salt & Vinegar Variety Pack Crisps 6x25g,McCoy's
189,Jammie Dodgers Biscuits Minis x6,Unknown
190,Alpro Strawberry Banana Peach Pear Soya Dairy Free Yoghurt Alternative 4x125g,Alpro
191,Smarties Milk Chocolate Sweets Tube Multipack x4 38g,Smarties
192,Kingsfood Hot Dog Sausages x8 400g (184g*),Kingsfood
193,Knorr Stock Pot Chicken 8x28g,Knorr
194,Quaker Oat So Simple Golden Syrup Porridge Sachets 10x36g,Quaker
195,Alpro Soya Light Chilled Drink 1L,Alpro
196,Alpro Soya Growing Up Long Life Dairy Alternative Toddler Drink 1+ Years 1L,Alpro
197,Peperami Original Salami 5x20g,Peperami
198,Gia Garlic Puree 90g,Gia
199,Alpro Plain Natural Dairy Free Soya Yoghurt Alternative 500g,Alpro
200,Rowse Natural Blossom Honey Squeezy 340g,Rowse
201,Kettle Chips Sweet Chilli & Sour Cream Sharing Crisps 130g,Kettle Chips
202,Heinz Baked Beans in a Rich Tomato Sauce 6 x 415g,Heinz
203,HP Squeezy Brown Sauce 450g,HP
204,Mcvitie's Rich Tea x2 Biscuits 300g,Mcvitie's
205,Jacob's Mini Cheddars Red Leicester x6 25g,Jacob's
206,Fox's Biscuits Party Rings Minis x6,Fox's Biscuits
207,Kellogg's Rice Krispies Multigrain Shapes Breakfast Cereal 350g,Kellogg's
208,Sensations Lime & Coriander Chutney Sharing Poppadoms 82.5g,Sensations
209,Paxo Sage & Onion Stuffing Mix 170g,Paxo
210,Heinz Chicken & Vegetable Chunky Big Soup 400g,Heinz
211,Jacob's TUC Original Snack Crackers 150g,Jacob's
212,Alpro Soya Long Life Drink 1L,Alpro
213,Kellogg's Bran Flakes Breakfast Cereal 750g,Kellogg's
214,Fever Tree Refreshingly Light Tonic Water Can 8x150ml,Fever Tree
215,"Mars Caramel, Nougat & Milk Chocolate Snack Bars Multipack 4x39.4g",Mars
216,Walkers Monster Munch Pickled Onion Multipack Crisps Snacks 6x20g,Walkers
217,Stamford Street Co. Tomato Ketchup 460g,Stamford Street Co.
218,Green Giant Original Sweetcorn 198g,Green Giant
219,Cadbury Dairy Milk Fruit & Nut Chocolate Bar 180g,Cadbury
220,Toffee Crisp Milk Chocolate Bar Multipack 4x38g,Toffee Crisp
221,Batchelors Bigga Marrowfat Peas 300g (180g*),Batchelors
222,Oxo Beef Stock Cubes x12 71g,Oxo
223,Haribo Starmix Sweets Bag 175g,Haribo
224,San Pellegrino Sparkling Natural Mineral Water 6x1L,San Pellegrino
225,Hellmann's Real Squeezy Mayonnaise 750ml,Hellmann's
226,Nescafé Original Instant Coffee 300g,Nescafé
227,Merchant Gourmet Puy Lentils & French Green Lentils Simply Cooked 250g,Merchant Gourmet
228,Hartley's No Added Sugar Strawberry Jelly Pot 115g,Hartley's
229,Cadbury Twirl Chocolate Bar Multipack x10 215g,Cadbury
230,Aero Peppermint Mint Chocolate Bar Multipack x4 27g,Aero
231,Kit Kat 2 Finger Dark Chocolate Biscuit Bar 9x20.7g,Kit Kat
232,PG tips Original Biodegradable Black Tea Bags x160,PG tips
233,Kellogg's Rice Krispies Breakfast Cereal 660g,Kellogg's
234,BEAR Fruit Yoyos Strawberry Multipack x5 20g,BEAR
235,Cadbury Dairy Milk Chocolate Bar Multipack x9 244.8g,Cadbury
236,Alpro No Sugars Organic Soya Long Life Drink 1L,Alpro
237,De Cecco Spaghetti 500g,De Cecco
238,Alpro Vanilla Dairy Free Soya Yoghurt Alternative 500g,Alpro
239,Sunny Raisins Kids Snack 14 Pack,Sunny
240,Walkers Ready Salted Crisps 12x25g,Walkers
241,Alpro Blueberry & Cherry Soya Dairy Free Yoghurt Alternative 4x125g,Alpro
242,Kellogg's Rice Krispies Squares Marshmallow Snack Bars 4x28g,Kellogg's
243,Koko Coconut UHT Drink 1L,Koko
244,Quaker Oat So Simple Golden Syrup Porridge Pot 57g,Quaker
245,Scott's Porage Original Porridge Oats 1kg,Scott's Porage
246,Napolina Penne 500g,Napolina
247,Walkers French Fries Variety Multipack Crisps Snacks 12x18g,Walkers
248,Walkers Classic Variety Multipack Crisps 20x25g,Walkers
249,Princes Tuna Chunks in Brine 4x145g,Princes
250,Walkers Roast Chicken Multipack Crisps 6x25g,Walkers
251,Stamford Street Co. Crunchy Peanut Butter 340g,Stamford Street Co.
252,Eat Natural Crunchy Protein Bars with Peanuts & Chocolate 3 x 45g,Eat Natural
253,Heinz Oxtail Soup 400g,Heinz
254,"Loyd Grossman Pasta Sauce, Tomato & Chilli 350g",Loyd Grossman
255,Branston Baked Beans 410g,Branston
256,Heck 97% Pork Gluten Free Sausages x6 400g,Heck
257,Hellmann's Real Mayonnaise 400g,Hellmann's
258,Kallo Lightly Salted Corn Cakes 130g,Kallo
259,Princes Tuna Chunks in Sunflower Oil 4x145g,Princes
260,Heinz Minestrone Soup 400g,Heinz
261,Nairn's Rough Oatcake 291g,Nairn's
262,Lotus Biscoff Biscuit 250g,Lotus Biscoff
263,Stamford Street Co. Rice Pudding 400g,Stamford Street Co.
264,Haribo Tangfastics Sour Sweets Bag 175g,Haribo
265,Alpro No Sugars Long Life Oat Drink 1L,Alpro
266,Heck Chicken Italia Gluten Free Chipolata Sausages x10 340g,Heck
267,Heinz Salad Cream 425g,Heinz
268,Kellogg's Coco Pops Chocolate Breakfast Cereal 650g,Kellogg's
269,Nestle Shredded Wheat Bitesize Cereal 720g,Nestle
270,Nakd Cocoa Orange Fruit & Nut Bars 4x35g,Nakd
271,Cauldron Vegan Tofu Block 396g,Cauldron
272,Belvita Breakfast Soft Bakes Chocolate Chip Pack x5 250g,Belvita
273,Hartley's Strawberry Jelly 135g,Hartley's
274,Hellmann's Light Squeezy Mayonnaise 430ml,Hellmann's
275,KP Original Salted Peanuts 250g,KP
276,Bisto Chicken Gravy Granules 190g,Bisto
277,After Eight Dark Chocolate Thins Box 300g,After Eight
278,McVitie's Jamaica Ginger Cake 245g,McVitie's
279,Ryvita Original Crispbread Crackers 250g,Ryvita
280,Weetabix Cereal x12,Weetabix
281,Cadbury Twirl Chocolate Bar Multipack x4 136g,Cadbury
282,Dolmio Lasagne Creamy White Sauce 470g,Dolmio
283,Snack A Jacks Caramel Sharing Rice Cakes Crisps 159g,Snack A Jacks
284,McVitie's Jaffa Cakes Original Biscuits Cakes x10,McVitie's
285,Fox's Biscuits Chocolatey Milk Chocolate Rounds 130g,Fox's
286,Hartley's Strawberry Jelly Pot 125g,Hartley's
287,McVitie's Fruit Shortcake Biscuits 200g,McVitie's
288,Carr's Melts Cheese 150g,Carr's
289,Pot Noodle King Pot Chicken & Mushroom 114g,Pot Noodle
290,Galaxy Minstrels Milk Chocolate Buttons Pouch Bag 125g,Galaxy
291,KitKat 4 Finger Milk Chocolate Bar Multipack 4x41.5g,KitKat
292,Jacob's Cream Cracker 2x200g,Jacob's
293,Ready Brek Smooth Porridge Oats Original 450g,Ready Brek
294,Walkers French Fries Ready Salted Multipack Crisps Snacks 6x18g,Walkers
295,Nairn's Dark Chocolate Chip Oat Biscuit 200g,Nairn's
296,Butterkist Popcorn Sweet Cinema Style 100g,Butterkist
297,Green Giant Salt Free Sweet Corn 4x198g (4x165g*),Green Giant
298,Nature Valley Protein Peanut & Chocolate Cereal Bars 4x42g,Nature Valley
299,Colman's Original English Mustard 170g,Colman's
300,Branston Small Chunk Pickle 360g,Branston
301,Heinz Chicken Noodle Soup 400g,Heinz
302,Doritos Tangy Cheese Multipack Tortilla Crisps Chips 5x30g,Doritos
303,Heinz Ravioli In Tomato Sauce 400g,Heinz
304,Quorn Vegetarian Chicken Style Pieces 500g,Quorn
305,Nescafe Gold Cappuccino Instant Coffee x8 15.5g Sachets,Nescafe
306,Heinz Lentil Soup 400g,Heinz
307,Carr's Table Water Crackers 125g,Carr's
308,Kellogg's Crunchy Nut Breakfast Cereal 500g,Kellogg's
309,Peperami Original Salami Lunchbox Minis 10x10g,Peperami
310,Kallo Dark Chocolate Rice Cake Thins Gluten Free 90g,Kallo
311,Cadbury Dairy Milk Whole Nut Chocolate Bar 180g,Cadbury
312,Tyrrells Sweet Chilli & Red Pepper Sharing Crisps 150g,Tyrrells
313,Magnum Mini Classic Chocolate Ice Cream Sticks 6x55ml,Magnum
314,Magnum Mini Double Chocolate & Double Caramel Ice Cream Sticks 6x55ml,Magnum
315,Ryvita Crackerbread Original Crackers 200g,Ryvita
316,Arla Jord Chilled Oat Drink 1L,Arla
317,Graham's Gold Jersey Full Cream Milk 1L,Graham's
318,Nairn's Cheese Oatcakes 200g,Nairn's
319,Kellogg's Rice Krispies Squares Delightfully Chocolatey Snack Bars 4x36g,Kellogg's
320,Alpro Plain No Sugars Soya Dairy Free Yoghurt Alternative 500g,Alpro
321,Stamford Street Co. Spaghetti Rings in Tomato Sauce 400g,Stamford Street Co.
322,Flahavan's Organic Jumbo Oats 1kg,Flahavan's
323,Jordans Frusli Juicy Red Berry Chewy Cereal Bars 6x30g,Jordans
324,Ryvita Thins Multi Seed Flatbread Crackers 125g,Ryvita
325,"Batchelors Pasta 'n' Sauce, Cheese & Broccoli 99g",Batchelors
326,"Loyd Grossman Pasta Sauce, Roasted Garlic & Tomato 350g",Loyd Grossman
327,McVitie's Milk Chocolate Digestives Biscuits Twin Pack 2x316g,McVitie's
328,Shredded Wheat Cereal Biscuits x30,Unknown
329,Bounty Coconut & Milk Chocolate Snack Bars Multipack 4x57g,Bounty
330,Ambrosia Rice Pudding 4x125g,Ambrosia
331,Kellogg's Special K Red Berries Breakfast Cereal 500g,Kellogg's
332,Lavazza Qualita Rossa Ground Coffee 2x250g,Lavazza
333,Kellogg's Frosties Breakfast Cereal 470g,Kellogg's
334,Fry's Turkish Delight Chocolate Bar Multipack x3 153g,Fry's
335,Stamford Street Co. Spaghetti 1kg,Stamford Street Co.
336,Heinz Spaghetti In Tomato Sauce 200g,Heinz
337,Cirio Chopped Tomatoes 4x400g,Cirio
338,Napolina Fusilli 500g,Napolina
339,Sarson's Brown Malt Vinegar 250ml,Sarson's
340,Eat Natural Fruit & Nut Bars Dark Chocolate with Cranberries and Macadamias 3 x 45g,Eat Natural
341,Tyrrells Cheddar Cheese & Chive Sharing Crisps 150g,Tyrrells
342,Nutella Hazelnut & Chocolate Spread 350g,Nutella
343,Nature Valley Crunchy Oats & Maple Syrup Cereal Bars 5x42g,Nature Valley
344,"Snickers Caramel, Nougat, Peanuts & Milk Chocolate Snack Bars Multipack 4x41.7g",Snickers
345,McCoy's Meaty Variety Pack Crisps 6x25g,McCoy's
346,Alpro Almond Long Life Drink 1L,Alpro
347,Heinz Cream of Tomato Soup 300g,Heinz
348,Yorkshire Tea Tea Bags x160,Yorkshire Tea
349,De Cecco Linguine 500g,De Cecco
350,Princes Corned Beef 340g,Princes
351,"Hartley's Jelly, Raspberry 135g",Hartley's
352,Nestle Curiously Cinnamon Cereal 375g,Nestle
353,Alpro Soya No Sugars Chilled Drink 1L,Alpro
354,Border Dark Chocolate & Ginger Biscuits 150g,Border
355,Alpro Soya No Sugars Long Life Drink 1L,Alpro
356,"Black Farmer Premium Pork Sausages, Gluten Free x6 400g",Black Farmer
357,Karyatis Roasted Red Peppers 450g (350g*),Karyatis
358,Mutti Finely Chopped Tomatoes 400g,Mutti
359,Nature Valley Crunchy Oats & Dark Chocolate Cereal Bars 5x42g,Nature Valley
360,Merchant Gourmet Whole Chestnuts 180g,Merchant Gourmet
361,Old El Paso Regular Soft Flour Tortilla Wraps x8 326g,Old El Paso
362,Lindt Excellence Dark 90% Cocoa Chocolate Bar 100g,Lindt
363,Jordans Country Crisp Breakfast Cereal with Sun Ripe Strawberries 500g,Jordans
364,Sharwood's Mango Chutney 360g,Sharwood's
365,Walkers Sensations Thai Sweet Chilli Multipack Crisps 5x25g,Walkers
366,Mr Kipling Vienesse Whirl Cakes x6,Mr Kipling
367,Doritos Chilli Heatwave Multipack Tortilla Crisps Chips 5pk,Doritos
368,Kinder Chocolate Small Snack Bars Multipack 16x12.5g,Kinder
369,KP Dry Roasted Peanuts 250g,KP
370,The Coconut Collaborative Natural Yogurt Alternative 350g,The Coconut Collaborative
371,Galaxy Smooth Milk Chocolate Block Bar Vegetarian 110g,Galaxy
372,Nairn's Fine Oatcakes 218g,Nairn's
373,"Batchelors Super Noodles, BBQ Beef 90g",Batchelors
374,Jacob's Twiglets Original Baked Snacks Multipack 6x23g,Jacob's
375,Kellogg's All-Bran Breakfast Cereal 750g,Kellogg's
376,Snack a Jacks Salt & Vinegar Sharing Rice Cakes Crisps 117g,Snack a Jacks
377,Patak's Korma Curry Sauce 450g,Patak's
378,Napolina Tomato Puree 142g,Napolina
379,Lea & Perrins Worcestershire Sauce 150ml,Lea & Perrins
380,Carnation Sweetened Condensed Milk Tin 397g,Carnation
381,Jammie Dodgers Biscuits Raspberry Flavour 140g,Unknown
382,Lindt Excellence Dark Sea Salt Chocolate Bar 100g,Lindt
383,Eat Natural Fruit & Nut Bars Almond & Apricot with Yoghurt Coating 3x50g,Eat Natural
384,Knorr Stock Cubes Chicken 8x10g,Knorr
385,Heinz No Added Sugar Baked Beans in a Rich Tomato Sauce 4 x 415g,Heinz
386,Knorr Stock Pot Chicken 4x28g,Knorr
387,Very Lazy Chopped Garlic 200g,Very Lazy
388,Alpro Coconut Chilled Drink 1L,Alpro
389,Paxo Sage & Onion Stuffing Mix 85g,Paxo
390,Cadbury Peanut Brunch Cereal Bar Multipack 5x32g,Cadbury
391,Bonne Maman Raspberry Conserve 370g,Bonne Maman
392,Alpen Muesli No Added Sugar 550g,Alpen
393,Wagon Wheels Jammie Chocolate Biscuit Bars x6,Unknown
394,Mazola Pure Rapeseed Oil 1L,Mazola
395,Cadbury Twirl Bites Chocolate Bag 109g,Cadbury
396,Fox's Biscuits Viennese Milk Chocolate,Fox's Biscuits
397,Homepride Tomato & Herb Pasta Bake Sauce 485g,Homepride
398,"Baxters Favourites, Cream Of Tomato Soup 400g",Baxters
399,Trebor Extra Strong Peppermint Mints Multipack x4 166g,Trebor
400,Jacob's Cracker Crisps Sour Cream & Chive 150g,Jacob's
401,Kellogg's Coco Pops Breakfast Cereal Bars 6x20g,Kellogg's
402,Sensations Roast Chicken & Thyme Sharing Crisps 150g,Sensations
403,Cadbury Snack Sandwich Chocolate Biscuit Multipack x6 132g,Cadbury
404,Propercorn Sweet & Salty Popcorn Multipack 6 x 14g,Propercorn
405,Maldon Sea Salt Flakes 250g,Maldon
406,McVitie's Digestives The Original Biscuits 225g,McVitie's
407,Dolmio Bolognese Smooth Tomato Pasta Sauce 500g,Dolmio
408,Cadbury Picnic Chocolate Bar Multipack x4 152g,Cadbury
409,Knorr Stock Pot Vegetable 8x28g,Knorr
410,Quaker Oat So Simple Original Porridge Sachets 20x27g,Quaker
411,Jacob's Savours Salt & Black Pepper Crackers 200g,Jacob's
412,Kellogg's Rice Krispies Breakfast Cereal Bars 6x20g,Kellogg's
413,Rowntree’s Fruit Pastilles Sweets Sharing Pouch 143g,Rowntree’s
414,Sundora Sultanas 500g,Sundora
415,Patak's Tikka Masala Curry Sauce 450g,Patak's
416,Heinz Mulligatawny Soup 400g,Heinz
417,Tilda Microwave Rice Lime & Coriander Basmati 250g,Tilda
418,Nestle Honey Cheerios Cereal 515g,Nestle
419,Maltesers Milk Chocolate & Honeycomb Funsize Snack Bags Fairtrade 214.5g,Maltesers
420,Maltesers Milk Chocolate & Honeycomb Gift Box of Chocolates Fairtrade 110g,Maltesers
421,Kellogg's Krave Milk Chocolate Cereal 410g,Kellogg's
422,Nescafé Gold Origins Alta Rica Instant Coffee 95g,Nescafé
423,PG tips Original Biodegradable Black Tea Bags x80,PG tips
424,Jacob's Cream Crackers High Fibre 200g,Jacob's
425,Snack a Jacks Sour Cream & Chive Multipack Rice Cakes,Snack a Jacks
426,Heinz Beef & Vegetable Chunky Big Soup 400g,Heinz
427,Quaker Oat So Simple Original Porridge Pot 45g,Quaker
428,Dolmio Lasagne Red Tomato Sauce 500g,Dolmio
429,Tilda Microwave Rice Wholegrain Basmati & Quinoa 250g,Tilda
430,Werther's Original Butter Sweets 135g,Werther's Original
431,Weight Watchers Caramel Wafer Biscuits 80g,Weight Watchers
432,Frylight 1 Cal Olive Oil Cooking Spray 190ml,Frylight
433,"Frank Cooper's Fine Cut Oxford Marmalade, Seville Orange 454g",Frank Cooper's
434,Glenryck Pilchards in Tomato Sauce 155g,Glenryck
435,Smiths Chipsticks Salt & Vinegar Multipack Snacks Crisps 6x17g,Smiths
436,Green Giant Salt Free Sweet Corn 198g (165g*),Green Giant
437,Popchips Barbeque Sharing Crisps 85g,Popchips
438,Jordans Country Crisp Breakfast Cereal with Chunky Nuts 500g,Jordans
439,Blue Dragon Original Thai Sweet Chilli Sauce 190ml,Blue Dragon
440,Alpro Plain Coconut Dairy Free Soya Yoghurt Alternative 500g,Alpro
441,Galaxy Ripple Chocolate Bars Multipack 4x33g,Galaxy
442,McVitie's Mini Gingerbread Men Biscuits 114g,McVitie's
443,Jacob's Twiglets Snacks 150g,Jacob's
444,De Cecco Fusilli 500g,De Cecco
445,Alpen Muesli No Added Sugar 1.1kg,Alpen
446,Branston Original Pickle 360g,Branston
447,Penn State Sour Cream & Chives Sharing Pretzels 175g,Penn State
448,Patak’s Plain Poppadoms x8,Patak’s
449,Belvita Breakfast Biscuits Strawberry & Yogurt Crunch Pack x5 253g,Belvita
450,Alpro greek Style Strawberry & Raspberry Yogurt Alternative 150g,Alpro
451,Shreddies The Original 460g,Shreddies
452,Lindt Excellence Dark Orange Chocolate Bar 100g,Lindt
453,Douwe Egberts Pure Gold Instant Coffee 190g,Douwe Egberts
454,Alpro Almond Chilled Drink 1L,Alpro
455,Kenco Latte Instant Coffee Sachets 130.4g,Kenco
456,Butterkist Popcorn Toffee 170g,Butterkist
457,Walkers Squares Variety Multipack Crisps Snacks 6x22g,Walkers
458,Ambrosia Low Fat Custard Can 400g,Ambrosia
459,Fruit Shoot Apple & Blackcurrant Kids Juice Drink 8x200ml,Fruit Shoot
460,Pot Noodle Original Curry 90g,Pot Noodle
461,Whole Earth Smooth Peanut Butter 454g,Whole Earth
462,Pot Noodle Beef & Tomato 90g,Pot Noodle
463,Nutella Hazelnut & Chocolate Spread 200g,Nutella
464,Nutella Hazelnut & Chocolate Spread 750g,Nutella
465,Lindt Excellence Dark Caramel and Sea Salt Chocolate Bar 100g,Lindt
466,Tilda Microwave Rice Pilau Basmati 250g,Tilda
467,McVitie's Digestives Milk Chocolate Biscuits 433g,McVitie's
468,Innocent Pure Orange Juice with Bits 1.35L,Innocent
469,Heinz Spaghetti In Tomato Sauce 400g,Heinz
470,Green & Black's Organic Milk Chocolate Bar 90g,Green & Black's
471,Heinz Classic Potato & Leek Soup 400g,Heinz
472,Alpro Soya Long Life Alternative to Single Cream 250ml,Alpro
473,Alpen Strawberry & Yogurt Bar 145g,Alpen
474,"Twinings Peppermint Tea, 20 Tea Bags",Twinings
475,Heinz Spaghetti & Sausages 400g,Heinz
476,Tetley Everyday Tea Bags Decaffeinated x80 250g,Tetley
477,Daily's Porridge Oats 1kg,Daily's
478,Weetabix Oatibix Flakes Golden Oat Flakes Cereal 550g,Weetabix
479,Yorkie Original Milk Chocolate Bar Multipack 3x46g,Yorkie
480,De Cecco Penne Rigate 500g,De Cecco
481,Haagen-Dazs Salted Caramel Ice Cream 460ml,Haagen-Dazs
482,Blue Dragon Sweet Chilli & Garlic Stir Fry Sauce 120g,Blue Dragon
483,Jordans Frusli Juicy Blueberries Cereal Bars 6x30g,Jordans
484,Maille Dijon Original Mustard 215g,Maille
485,"Batchelors Super Noodles Pot, Chicken 75g",Batchelors
486,Knorr Stock Cubes Vegetable 8x10g,Knorr
487,Del Monte Mandarins in Juice 298g,Del Monte
488,"Batchelors Super Noodles, Curry 90g",Batchelors
489,KP Original Salted Peanuts 415g,KP
490,Cadbury Dairy Milk Chocolate Bar Multipack x4 134g,Cadbury
491,Napolina Butter Beans 400g (240g*),Napolina
492,Belvita Breakfast Biscuits Cocoa Chocolate Chip Pack x5 225g,Belvita
493,Lindt Excellence Dark Mint Chocolate Bar 100g,Lindt
494,Blue Dragon Original Thai Sweet Chilli Sauce 380g,Blue Dragon
495,M&M's Crunchy Peanut & Milk Chocolate Bites Pouch Bag 125g,M&M's
496,Blue Dragon Chow Mein Stir Fry Sauce 120g,Blue Dragon
497,Nescafé Gold Cappuccino Unsweetened Instant Coffee Sachets x8,Nescafé
498,Old El Paso Crunchy Taco Shells x12 156g,Old El Paso
499,Maltesers Milk Chocolate & Honeycomb Sharing Pouch Bag Fairtrade 175g,Maltesers
500,Oreo Double Stuff Cookie Sandwich Biscuits 157g,Oreo
501,Alpro Coconut Long Life Drink 1L,Alpro
502,Sweetex Calorie Free Sweeteners Tablets x600,Sweetex
503,Sainsbury’s Salt & Vinegar Crunchy Sticks 140g,Sainsbury’s
504,Nakd Berry Delight Fruit & Nut Bars 4 x 35g,Nakd
505,Geeta's Mango Chutney 320g,Geeta's
506,MOMA Barista Oat Drink Unsweetened 1L,MOMA
507,Quality Street Matchmakers Cool Mint Chocolate Box 120g,Quality Street
508,Cadbury Hot Chocolate Instant 28g,Cadbury
509,McVitie's Jaffa Cake Bars x5,McVitie's
510,Hellmann's Light Mayonnaise 400g,Hellmann's
511,Alpro Dark Chocolate Dessert 4x125g,Alpro
512,"Oxo Stock Cubes, Chicken x12 71g",Oxo
513,Hartley's Orange Jelly 135g,Hartley's
514,MOMA Original Oat Drink Unsweetened 1L,MOMA
515,"Graze Protein Bites, Cocoa Vanilla Oat Squares 4x30g",Graze
516,Canderel Low Calorie Granular Sweetener 75g,Canderel
517,Oatly Oat Drink Chocolate Long Life 1L,Oatly
518,Nescafe Gold Cappuccino Decaf Unsweetened Instant Coffee Sachets 8x15g,Nescafe
519,Tyrrells Mixed Root Vegetable Sharing Crisps 125g,Tyrrells
520,Mug Shot Noodles Chicken & Sweetcorn 54g,Mug Shot
521,Fish! Tuna Chunks in Brine 4x145g,Fish!
522,"Baxters Favourites, Lentil & Bacon Soup 400g",Baxters
523,Marigold Swiss Vegetable Bouillon 150g,Marigold
524,Extra Peppermint Sugarfree Chewing Gum Bottle 60 Pieces,Extra
525,Sensations Thai Sweet Chilli Coated Peanuts 150g,Sensations
526,Heinz Salad Cream 605g,Heinz
527,Cadbury Hot Chocolate Instant Jar 300g,Cadbury
528,"Baxters Favourites, Chicken Broth Soup 400g",Baxters
529,Kellogg's Nutri-Grain Strawberry Snack Bar 6x37g,Kellogg's
530,Cadbury Dairy Milk Chocolate Fruit & Nut Bar 110g,Cadbury
531,Napolina Cannellini Beans 400g (240g*),Napolina
532,"Batchelors Cup a Soup, Cream of Asparagus with Croutons x4 117g",Batchelors
533,Weetabix Cereal x72,Weetabix
534,Kallo Organic Vegetable Stock Cubes 8x11g,Kallo
535,Loyd Grossman Tikka Masala Curry Cooking Sauce 350g,Loyd Grossman
536,Heinz Tomato Ketchup 700g,Heinz
537,Popchips Sea Salt & Vinegar Sharing Crisps 85g,Popchips
538,Pringles Paprika Sharing Crisps 185g,Pringles
539,Snickers Chocolate Snack Size Bars Multipack 9x35.5g,Snickers
540,Ambrosia Low Fat Custard Pots 4x125g,Ambrosia
541,Lindt Excellence Dark 85% Cocoa Chocolate Bar 100g,Lindt
542,Mars Snickers Twix Maltesers & Milky Way Funsize Milk Chocolate Bars 20 Packs,Mars
543,Kenco Millicano Americano Instant Coffee 100g,Kenco
544,Doritos Mild Salsa Sharing Dip 300g,Doritos
545,Fridge Raiders Slow Roasted Chicken Snack Bites 3x 22.5g,Fridge Raiders
546,Tilda Microwave Rice Coconut Basmati 250g,Tilda
547,Napolina Peeled Plum Tomatoes 4x400g,Napolina
548,Kallo Organic Chicken Stock Cubes 8x11g,Kallo
549,Oxo Beef Stock Cubes x24 142g,Oxo
550,Yeo Valley Organic Fresh Whole Milk 2L,Yeo Valley
551,Cadbury Wispa Chocolate Bar Multipack x9 213.3g,Cadbury
552,The Snack Organisation Sweet Chilli Rice Crackers 100g,The Snack Organisation
553,Kellogg's Special K Red Berries Breakfast Cereal 330g,Kellogg's
554,Weetabix Oatibix Cereal x24,Weetabix
555,Cadbury Bournville Cocoa Powder Tin 250g,Cadbury
556,Hula Hoops Puft Salted Crisps 6x15g,Hula Hoops
557,Nutella B-ready Chocolate Biscuit Snack Bars Multipack 6x22g,Nutella
558,Sacla Sun Dried Tomato Pesto 190g,Sacla
559,Heinz Peppa Pig Pasta Shapes 205g,Heinz
560,Nestle Shredded Wheat Honey Nut Cereal 500g,Nestle
561,Caxton Pink & White Wafers 85g,Caxton
562,Alpro Vanilla Custard 525g,Alpro
563,McVitie's Hobnob's Biscuits The Oaty One Dark Chocolate 262g,McVitie's
564,Nakd Blueberry Muffin Fruit & Nut Bars 4x35g,Nakd
565,Carnation Evaporated Milk Tin 170g,Carnation
566,Ryvita Crispbread Multigrain Crackers 250g,Ryvita
567,Ryvita Crispbread Pumpkin Seed & Oat Crackers 200g,Ryvita
568,Heinz Limited Edition Cream Of Tomato Soup With A Hint Of Basil 400g,Heinz
569,Mama Instant Rice Noodles 225g,Mama
570,Angel Delight Butterscotch Flavour Dessert 59g,Angel Delight
571,Wheat Crunchies Bacon 6x23g,Unknown
572,Cadbury Double Decker Multipack Chocolate Bar x4 174.8g,Cadbury
573,Carnation Evaporated Milk Tin 410g,Carnation
574,Hellmann's Plant Based Vegan Mayonnaise 270g,Hellmann's
575,Colman's Original English Mustard 100g,Colman's
576,Heinz No Added Sugar Baked Beans in a Rich Tomato Sauce 415g,Heinz
577,Options Belgian Chocolate Jar 220g,Options
578,Kit Kat 4 Finger Milk Chocolate Bar Multipack x8 41.5g,Kit Kat
579,Campbell's Condensed Cream Of Chicken Soup 295g,Campbell's
580,Cadbury Dairy Milk Caramel Chocolate Bar Multipack x4 148g,Cadbury
581,Cadbury Flake Chocolate Bar Multipack x4 102g,Cadbury
582,Belvita Breakfast Soft Bakes Chocolate Filled Pack x5 250g,Belvita
583,Angel Delight Strawberry Flavour Dessert 59g,Angel Delight
584,Walkers Monster Munch Roast Beef Multipack Crisps Snacks 6x20g,Walkers
585,Quorn Vegetarian Mozzarella & Pesto Escalope x2 240g,Quorn
586,Hartley's Orange Jelly Pot 125g,Hartley's
587,Rowse Original Squeezy Honey 250g,Rowse
588,Milkybar White Chocolate Giant Buttons Pouch 94g,Milkybar
589,"McCain Quick Chips, Crinkle Cut 4x100g",McCain
590,Kenco Smooth Instant Coffee Refill 150g,Kenco
591,Wagon Wheels Original Chocolate Biscuit Bars x6,Wagon Wheels
592,HP The Original Brown Sauce 600g,HP
593,Frylight 1 Cal Golden Sunflower Oil Cooking Spray 190ml,Frylight
594,Colman's Mint Sauce 165g,Colman's
595,Hovis Digestive Biscuits 250g,Hovis
596,Urban Fruit Gently Baked Mango 100g,Urban Fruit
597,Krisprolls Wholegrain 225g,Krisprolls
598,Sarson's Distilled Malt Vinegar 568ml,Sarson's
599,Hartley's 10 Cal Strawberry Jelly Pot 175g,Hartley's
600,Oxo Vegetable Stock Cubes x12 71g,Oxo
601,Hartley's No Added Sugar Raspberry Jelly Pot 115g,Hartley's
602,Yorkie Raisin & Biscuit Milk Chocolate Bar Multipack x3 46g,Yorkie
603,Kenco Decaff Instant Coffee Refill 150g,Kenco
604,Napolina Tomato Passata 690g,Napolina
605,Rowntree's Fruit Gums Sweets Sharing Pouches 150g,Rowntree's
606,Jordans Frusli Raisins & Hazelnuts Chewy Cereal Bars 6x30g,Jordans
607,Plenish Organic Almond Dairy Alternative Long Life Drink 1L,Plenish
608,Haribo Supermix Sweets Bag 175g,Haribo
609,Marmite Classic Yeast Extract Spread 125g,Marmite
610,Mug Shot Pasta Tomato & Herb 64g,Mug Shot
611,Weetabix Chocolate Cereal x24 540g,Weetabix
612,Yorkshire Gold Tea Bags x80,Yorkshire Gold
613,Propercorn Sweet & Salty Popcorn 90g,Propercorn
614,"Filippo Berio Olive Oil, Extra Virgin 750ml",Filippo Berio
615,Knorr Stock Pot Vegetable 4x28g,Knorr
616,Napolina Rigatoni 500g,Napolina
617,Bonne Maman Apricot Conserve 370g,Bonne Maman
618,Cadbury Dairy Milk Whole Nut Chocolate Bar 120g,Cadbury
619,Cadbury Crunchie Chocolate Bar Multipack x4 128g,Cadbury
620,Werther's Original Sugar Free Sweets 80g,Werther's Original
621,"Batchelors Cup a Soup, Cream of Vegetable with Croutons x4 122g",Batchelors
622,Stamford Street Co. Custard 385g,Stamford Street Co.
623,TREK Cocoa Oat Protein Flapjacks 3 x 50g,TREK
624,"Baxters Vegetarian, Spicy Parsnip Soup 400g",Baxters
625,Walkers Monster Munch Variety Multipack Crisps Snacks 12x20g,Walkers
626,Old El Paso Large Soft Flour Tortilla Wraps x6 350g,Old El Paso
627,Nescafe Gold Vanilla Latte Instant Coffee Sachets x8,Nescafe
628,Batchelors Cup a Soup Minestrone with Croutons x4 94g,Batchelors
629,Clarks Original Maple Syrup with Carob Syrup 180ml,Clarks
630,Old El Paso Refried Beans 435g,Old El Paso
631,Nescafé Azera Americano Decaff Instant Coffee 90g,Nescafé
632,Dolmio Bolognese Onion & Garlic Pasta Sauce 500g,Dolmio
633,Mug Shot Pasta Roast Chicken Soup 55g,Mug Shot
634,The Jolly Hog Proper Porker Sausage x6 400g,The Jolly Hog
635,Nakd Cocoa Delight Fruit & Nut Bars 4 x 35g,Nakd
636,Lea & Perrins Worcestershire Sauce 290ml,Lea & Perrins
637,Marmite Classic Yeast Extract Spread 500g,Marmite
638,"Baxters Favourites, Minestrone Soup 400g",Baxters
639,"The Fruit Factory Strawberry, Apple & Orange Fruit Strings 5x20g",The Fruit Factory
640,Ritz Breaks Original Crackers Multipack x6 190g,Ritz
641,Heinz Cream of Tomato Cup Packet Soup x4 88g,Heinz
642,"Batchelors Cup a Soup, Potato & Leek x4 107g",Batchelors
643,Hartley's Sugar Free Strawberry Jelly Twin Pack 23g,Hartley's
644,Nairn's Chocolate Biscuit Breaks 160g,Nairn's
645,Cadbury Dairy Milk Caramel Nibbles Chocolate Bag 120g,Cadbury
646,Spam Chopped Pork & Ham 340g,Spam
647,Nature Valley Crunchy Variety Pack Cereal Bars 5x42g,Nature Valley
648,Blue Dragon Sweet & Sour Stir Fry Sauce 120g,Blue Dragon
649,Tilda Microwave Rice Wholegrain Basmati & Wild 250g,Tilda
650,Dolmio Pasta Bake Creamy Tomato Pasta Sauce 500g,Dolmio
651,Kellogg's Just Right Cereal 500g,Kellogg's
652,Walkers Wotsits Giants Really Cheesy Sharing Crisps Snacks 130g,Walkers
653,Tuc Crackers Savoury Sandwich 150g,Tuc
654,Alpro Chilled Oat Drink 1L,Alpro
655,Jus-Rol Shortcrust Pastry Sheets 320g,Jus-Rol
656,Amoy Straight to Wok Medium Noodles 2x150g,Amoy
657,Jacob's Cornish Wafer 150g,Jacob's
658,Haagen-Dazs Vanilla Ice Cream 460ml,Haagen-Dazs
659,Butterkist Popcorn Toffee 6x20g,Butterkist
660,Sainsbury’s Whole Almonds 200g,Sainsbury’s
661,Penn State Sea Salted Sharing Pretzels 175g,Penn State
662,Stamford Street Co. Medium Cut Orange Marmalade 454g,Stamford Street Co.
663,Walkers Cheese & Onion Crisps 12x25g,Walkers
664,"Tetley Everyday Tea Bags, Softpack x80",Tetley
665,Ambrosia Devon Custard Pot 150g,Ambrosia
666,Mug Shot Noodles Sweet & Sour 67g,Mug Shot
667,Merchant Gourmet Simply Cooked Red & White Quinoa 250g,Merchant Gourmet
668,Tilda Pure Basmati Rice 1kg,Tilda
669,BEAR Fruit Yoyos Blackcurrant Multipack x5 20g,BEAR
670,Popchips Barbeque Multipack Crisps 5pk,Popchips
671,BEAR Fruit Yoyos Raspberry Multipack x5 20g,BEAR
672,"Filippo Berio Olive Oil, Extra Virgin 500ml",Filippo Berio
673,Baxters Carrot & Butterbean Soup 400g,Baxters
674,Polo Original Mints Roll Multipack 4x34g,Polo
675,Alpro Raspberry Cranberry & Blackberry Yoghurt Alternative 4x125g,Alpro
676,Yutaka Panko Breadcrumbs 180g,Yutaka
677,Lindt Excellence Milk Extra Creamy Chocolate Bar 100g,Lindt
678,Dolmio Bolognese Pasta Sauce 750g,Dolmio
679,Blue Dragon Black Bean Stir Fry Sauce 120g,Blue Dragon
680,Ocean Spray Wholeberry Cranberry Sauce 250g,Ocean Spray
681,Dolmio Meatball Tomato & Basil Pasta Sauce 500g,Dolmio
682,Dolmio Bolognese Low Fat Pasta Sauce 500g,Dolmio
683,McVitie's Dark Chocolate Digestives Biscuits Twin Pack 2x316g,McVitie's
684,"Batchelors Cup a Soup, Chicken & Vegetable with Croutons x4 110g",Batchelors
685,Snack A Jacks Chocolate Chip Sharing Rice Cakes Crisps 180g,Snack A Jacks
686,Cheerios Multigrain 390g,Cheerios
687,"Batchelors Cup a Soup, Cream of Mushroom with Croutons x4 99g",Batchelors
688,"FareShare £5 Donation (Only available as part of a regular shop, cannot be bought in isolation)",FareShare
689,Rowntree’s Fruit Pastilles Sweets Tube Multipack 4x42.8g,Rowntree’s
690,Kenco Rich Instant Coffee Refill 150g,Kenco
691,Knorr Stock Pot Beef 4x28g,Knorr
692,Alpro Soya Chocolate Long Life Drink 3x250ml,Alpro
693,Flora Pure Sunflower Oil with Vitamin E 1L,Flora
694,Mori-Nu Silken Tofu Firm 349g,Mori-Nu
695,Kellogg's Nutri-Grain Bakes Raisin Snack Bar 6x45g,Kellogg's
696,Ferrero Rocher Chocolate Pralines Gift Box 24 Pieces 300g,Ferrero Rocher
697,Knorr Stock Pot Rich Beef 8x28g,Knorr
698,Twix Caramel & Milk Chocolate Fingers Twin Biscuit Snack Bars Multipack 9x40g,Twix
699,Heinz Country Vegetable Big Soup 400g,Heinz
700,BEAR Fruit Yoyos Strawberry Family Pack x9 20g,BEAR
701,Nescafe Gold Double Choc Mocha Instant Coffee Sachets x8,Nescafe
702,Kellogg's Nutri-Grain Bakes Chocolate Snack Bar 6x45g,Kellogg's
703,"Tetley Everyday Tea Bags, Softpack x160",Tetley
704,Oxo Reduced Salt Beef Stock Cubes x12 71g,Oxo
705,Tilda Pure Basmati Rice 500g,Tilda
706,Quaker Oat So Simple Golden Syrup Porridge Sachets 20x36g,Quaker
707,KP Dry Roasted Peanuts 415g,KP
708,Green & Black's Organic Ginger Dark Chocolate Bar 90g,Green & Black's
709,Marmite Rice Cakes 25g,Marmite
710,Nescafé Gold Blend Espresso Instant Coffee 95g,Nescafé
711,KTC Peeled Plum Tomatoes 400g,KTC
712,Stamford Street Co. Mayonnaise 500ml,Stamford Street Co.
713,Stamford Street Co. Pasta Sauce 440g,Stamford Street Co.
714,Napolina Extra Virgin Olive Oil 500ml,Napolina
715,Options Single Sachet Belgian Chocolate 11g,Options
716,Old El Paso Mexican Cheesy Bakes Enchilada Dinner Kit 663g,Old El Paso
717,Nakd Peanut Delight Fruit & Nut Bars 4 x 35g,Nakd
718,Bernard Matthews Turkey Ham Wafer Thin 230g,Bernard Matthews
719,Hartley's Sugar Free Raspberry Jelly Twin Pack 23g,Hartley's
720,Butterkist Popcorn Sweet & Salted 100g,Butterkist
721,Lindt Les Grandes Dark Chocolate Hazelnut Bar 150g,Lindt
722,McVitie's Fig Rolls Biscuits 200g,McVitie's
723,Green Giant Salad Crisp Sweet Corn 160g (140g*),Green Giant
724,Polo Sugar Free Mints Roll Multipack 4x33.4g,Polo
725,"Baxters Healthy, Lentil & Vegetable Soup 400g",Baxters
726,"Kikkoman Soy Sauce, Naturally Brewed 150ml",Kikkoman
727,Ambrosia Low Fat Rice Pudding Can 400g,Ambrosia
728,Crosta & Mollica Classic Torinesi Breadsticks 120g,Crosta & Mollica
729,McCain Hash Browns 625g,McCain
730,Cadbury Marvellous Creations Jelly Pop Candy Chocolate Bar 160g,Cadbury
731,Ryvita Crispbread Sesame Crackers 250g,Ryvita
732,Sharwood's Tikka Masala Curry Sauce 420g,Sharwood's
733,Kellogg's Krave Chocolate Hazelnut Cereal 410g,Kellogg's
734,Rowse Original Squeezy Honey 680g,Rowse
735,Jacob's Cream Cracker Snackpack x8 185g,Jacob's
736,Pringles Prawn Cocktail Sharing Crisps 185g,Pringles
737,Desi Paneer Full Fat Cheese 226g,Desi
738,Nescafé Original Instant Coffee 200g,Nescafé
739,Robertson's Golden Shred Orange Marmalade 454g,Robertson's
740,Kinder Bueno Milk Chocolate & Hazelnuts Bars Multipack 4x43g,Kinder
741,Fry's Chocolate Cream Chocolate Bar Multipack x3 147g,Fry's
742,"Heinz Classics, Carrot & Coriander 400g",Heinz
743,Princes Mackerel Fillets in Tomato Sauce 125g,Princes
744,Maltesers Milk Chocolate & Honeycomb Gift Box Of Chocolates Fairtrade 310g,Maltesers
745,Heinz Weight Watchers Tomato Soup 295g,Heinz
746,Butterkist Microwave Popcorn Salted 3x60g,Butterkist
747,Kellogg's Corn Flakes Breakfast Cereal 250g,Kellogg's
748,Blue Dragon Teriyaki Stir Fry Sauce 120g,Blue Dragon
749,Heinz Five Mixed Beans 415g,Heinz
750,Jacob's Cracker Crisps Salt & Vinegar 150g,Jacob's
751,Nescafe Gold Caramel Latte Instant Coffee Sachets x8,Nescafe
752,Knorr Dry Packet Soup Super Chicken Noodle 51g,Knorr
753,Schar Gluten Free Wholesome Seeded Loaf 300g,Schar
754,Kallo Blueberry & Vanilla Rice & Corn Cakes 131g,Kallo
755,Heinz No Added Sugar Beans in a Rich Tomato Sauce 4x200g,Heinz
756,Nairns Gluten Free Oatcakes 213g,Nairns
757,The Groovy Food Company Agave Nectar 250ml,The Groovy Food Company
758,"Batchelors Pasta 'n' Sauce, Cheese, Leek & Ham 99g",Batchelors
759,Angel Delight Chocolate Flavour Dessert 59g,Angel Delight
760,Allinson Easy Bake Yeast 100g,Allinson
761,Ainsley Harriott Roasted Vegetable Cous Cous 100g,Ainsley Harriott
762,Heinz No Added Sugar Baked Beans in a Rich Tomato Sauce 200g,Heinz
763,Nescafe Azera Americano Intense Instant Coffee 90g,Nescafe
764,Graze Lemon & Blueberry Superfood Oat Square Bites with Baobab 4x30g,Graze
765,Pom-Bear Cheese & Onion Multipack Crisps 6x13g,Pom-Bear
766,Sunny Raisins Kids Snack 6 Pack,Sunny
767,Heinz Chicken & Mushroom Soup 400g,Heinz
768,Lyle's Golden Syrup 454g,Lyle's
769,Kenco Cappuccino Instant Coffee x8 Sachets,Kenco
770,Bens Original Boil in Bag Long Grain Rice 8x62.5g,Bens Original
771,Quaker Oat So Simple Sultanas & Raisins Porridge Sachets 10x38.5g,Quaker
772,Nature Valley Protein Salted Caramel & Nut Cereal Bars 4x42g,Nature Valley
773,"Batchelors Pasta 'n' Sauce, Chicken & Mushroom 99g",Batchelors
774,Schar Gluten Free Crispbread 150g,Schar
775,Mrs Crimble's Gluten Free Choc Macaroons x6,Mrs Crimble's
776,Cadbury Dairy Milk Caramel Chocolate Bar 180g,Cadbury
777,Mcvitie's Light Rich Tea Biscuits 300g,Mcvitie's
778,Bens Original Sweet and Sour Sauce 450g,Bens Original
779,Alpro Smooth Chocolate Dessert 4x125g,Alpro
780,Green Giant Original Sweet Corn 3x340g (3x285g*),Green Giant
781,"Baxters Favourites, French Onion Soup 400g",Baxters
782,Milkybar White Chocolate Bar Multipack 4x25g,Milkybar
783,Heinz Tomato Ketchup 50% Less Sugar 880g,Heinz
784,Properchips Sea Salt Lentil Chips 85g,Properchips
785,Sainsbury’s Flourish Tomato Red Pepper & Lentil Soup 400g,Sainsbury’s Flourish
786,Carr's Melts Original Crackers 150g,Carr's
787,Alpro Soya Vanilla Long Life Drink 1L,Alpro
788,"Nairn's Wheat Free, Ginger Biscuits 200g",Nairn's
789,"Baxters Favourites, Scotch Broth Soup 400g",Baxters
790,Robertson's Golden Shredless Orange Marmalade 454g,Robertson's
791,Sharwood's Korma Curry Cooking Sauce 420g,Sharwood's
792,Quaker Oat So Simple Apple & Blueberry Porridge Sachets 10x36g,Quaker
793,Terry's Chocolate Orange Dark 157g,Terry's
794,Merchant Gourmet Tomatoey French Puy & Green Lentils 250g,Merchant Gourmet
795,Kit Kat Chunky Milk Chocolate Bar Multipack x9 32g,Kit Kat
796,Kellogg's Crunchy Nut Hazelnut & Chocolate Granola 380g,Kellogg's
797,Cirio Passata Rustica Crushed Tomatoes 2x350g,Cirio
798,Tabasco Original Red Pepper Hot Sauce 57ml,Tabasco
799,PG Tips Decaffeinated Tea Bags x70 230g,PG Tips
800,Lindt Lindor Milk Chocolate Truffles Box 200g,Lindt
801,Alpro Velvet Vanilla Dessert 4x125g,Alpro
802,Sarson's Brown Malt Vinegar 400ml,Sarson's
803,Hartley's 10 Cal Raspberry Jelly Pot 175g,Hartley's
804,Alpro Soya Light Long Life Drink 1L,Alpro
805,Fray Bentos Meatballs In Tomato Sauce 380g,Fray Bentos
806,Sacla' Vegan Basil Pesto 190g,Sacla'
807,Twix Caramel & Milk Chocolate Fingers Twin Biscuit Snack Bars Multipack 4x40g,Twix
808,Heinz No Added Sugar or Salt Tomato Ketchup 425g,Heinz
809,Bovril Beef Paste & Yeast Extract Spread & Hot Drink 250g,Bovril
810,Meridian Crunchy Peanut Butter 280g,Meridian
811,Haribo Share the Happy Mini Bag Multipack Sweets 352g,Haribo
812,Kit Kat 2 Finger Orange Chocolate Biscuit Bar Multipack x9 20.7g,Kit Kat
813,Kellogg's Bran Flakes Cereal 500g,Kellogg's
814,Bens Original Medium Chilli Con Carne Sauce 450g,Bens Original
815,Nissin Demae Ramen Chicken Flavour Japanese Noodlesoup 100g,Nissin
816,Quorn Vegetarian Family Roast 454g,Quorn
817,Jacob's Mini Cheddars Red Leicester Baked Snacks Multipack 12x23g,Jacob's
818,Old El Paso Taco Seasoning Mix Garlic & Paprika 25g,Old El Paso
819,Off the Eaten Path Balsamic Vinegar Bean Sticks 100g,Off the Eaten Path
820,Walkers Max Paprika Multipack Crisps 6x27g,Walkers
821,Crisp 'N' Dry Vegetable Oil 1L,Crisp 'N' Dry
822,Califia Farms Oat Drink Barista Blend 1L,Califia Farms
823,"John West Sardines in Olive Oil, Boneless 95g (67g*)",John West
824,Alpro Hazelnut Long Life Drink 1L,Alpro
825,Patak's Jalfrezi Curry Sauce 450g,Patak's
826,"Nescafe Dolce Gusto Cappuccino Coffee x16 Pods, 8 Drinks",Nescafe
827,Galaxy Smooth Milk Chocolate Block Bar Vegetarian 180g,Galaxy
828,Hula Hoops Original Crisps 12x24g,Hula Hoops
829,Jordans Super Berry Granola Breakfast Cereal 500g,Jordans
830,Pizza Express House Light Salad Dressing 235ml,Pizza Express
831,Guinness Draught Stout Beer Cans 4x440ml,Guinness
832,Lizi's Low Sugar Granola 450g,Lizi's
833,Heinz Sandwich Spread 300g,Heinz
834,Bird's Custard Powder 350g,Bird's
835,Saxa Table Salt Drum 750g,Saxa
836,Maryland Cookies Chocolate Chip 200g,Maryland
837,Haagen-Dazs Belgian Chocolate Ice Cream 460ml,Haagen-Dazs
838,Pot Noodle King Pot Beef & Tomato 114g,Pot Noodle
839,Heinz Macaroni Cheese 400g,Heinz
840,Holy Moly Guacamole: Original 150g,Holy Moly
841,"The Fruit Factory Strawberry, Apple & Orange Fruit Stars 5x20g",The Fruit Factory
842,Mikado Milk Chocolate Biscuits 75g,Mikado
843,Tassimo Kenco Americano Smooth Coffee Pods x16,Tassimo
844,"John West Sardines in Tomato Sauce, Boneless 95g",John West
845,"Twinings Lemon & Ginger Tea, 20 Tea Bags",Twinings
846,"Warburtons Tiger Artisan Bloomer, Gluten Free 400g",Warburtons
847,Patak's Tikka Masala Spice Paste 283g,Patak's
848,Cadbury Dairy Milk Freddo Chocolate Bar Multipack x5 90g,Cadbury
849,Napolina Five Bean Salad in Vinaigrette 400g,Napolina
850,Green & Black's Organic Cocoa Powder 125g,Green & Black's
851,Weetabix Crunchy Bran Cereal 375g,Weetabix
852,Opies Cocktail Gherkins with Distilled Malt Vinegar 227g (115g*),Opies
853,Cadbury Darkmilk Chocolate Bar 90g,Cadbury
854,"Batchelors Pasta 'n' Sauce, Macaroni Cheese 108g",Batchelors
855,Sprite 2L,Sprite
856,Hartley's Raspberry Jelly Pot 125g,Hartley's
857,Dole Peaches In Juice Fruit Snacks 4x113g,Dole
858,Pot Noodle Sticky Rib 90g,Pot Noodle
859,Homepride Chilli Con Carne Sauce 485g,Homepride
860,Heinz Classic BBQ Sauce 480g,Heinz
861,Peperami Hot Salami 5x20g,Peperami
862,Tunnock's Dark Chocolate Caramel Wafers 8x30g,Tunnock's
863,Pepsi Max No Caffeine No Sugar Cola Bottle 2L,Pepsi Max
864,Quorn Vegetarian Chicken Style Fillets 312g,Quorn
865,Extra Spearmint Sugarfree Chewing Gum Bottle 60 Pieces,Extra
866,Doritos Hot Salsa Sharing Dip 300g,Doritos
867,Mug Shot Noodles Creamy Cheese 68g,Mug Shot
868,Calypso Mr Freeze Ice Pops 20x45ml,Calypso
869,"Ovaltine Malt Drink, Original, Light 300g",Ovaltine
870,Pringles Cheese & Onion Sharing Crisps 185g,Pringles
871,McVitie's Penguin Milk Chocolate Biscuit Bars 7x36g,McVitie's
872,Homepride Tomato & Bacon Pasta Bake Sauce 485g,Homepride
873,The Fruit Factory Strawberry Fruit Strings 5x20g,The Fruit Factory
874,Ryvita Thins Rosemary & Sea Salt Flatbread Crackers 125g,Ryvita
875,Dr. Oetker Bicarbonate of Soda 200g,Dr. Oetker
876,Nando's Peri Peri Rub Medium 25g,Nando's
877,M&M's Crunchy Peanut & Milk Chocolate Sharing Pouch Bag 220g,M&M's
878,Heinz Spaghetti In Tomato Sauce 4x400g,Heinz
879,Quality Street Matchmakers Zingy Orange Chocolate Box 120g,Quality Street
880,Nairn's Organic Oatcake 250g,Nairn's
881,Bisto Onion Gravy Granules 190g,Bisto
882,Patak's Balti Curry Sauce 450g,Patak's
883,Nissin Soba Classic Wok Style Instant Cup Noodles Pot 90g,Nissin
884,Nissin Demae Ramen Sesame Flavour Japanese Noodlesoup 100g,Nissin
885,Heinz Ravioli In Tomato Sauce 200g,Heinz
886,Nescafé Gold Blend Decaff Instant Coffee 200g,Nescafé
887,Kallo Very Low Salt Vegetable Stock Cubes 6x10g,Kallo
888,Haribo Starmix Mini Bag Multipack Sweets 22x16g,Haribo
889,HP Brown Sauce 255g,HP
890,Capri-Sun Orange 8 x 200ml,Capri-Sun
891,Hartley's Strawberry Seedless Jam 300g,Hartley's
892,Heinz Beef Broth Soup 400g,Heinz
893,Quaker Oat So Simple Apple & Blueberry Porridge Pot 57g,Quaker
894,Soreen Strawberry Lunchbox Loaf Bars x5,Soreen
895,Nairn's Gluten Free Scottish Porridge Oats 450g,Nairn's
896,Genius Gluten Free Crumpets x4,Genius
897,Dolmio Stir in Sun Dried Tomato Pasta Sauce 150g,Dolmio
898,Heinz Salad Cream Light 605g,Heinz
899,Ainsley Harriott Spice Sensation Cous Cous 100g,Ainsley Harriott
900,Ryvita Thins Cheddar & Black Pepper Flatbread Crackers 125g,Ryvita
901,Cadbury Heroes Chocolate Box 290g,Cadbury
902,Kellogg's Special K Juicy Red Berry Snack Bars 6x21.5g,Kellogg's
903,Baxters Carrot & Coriander Soup 400g,Baxters
904,Dole Mandarins In Juice Fruit Snacks 4x113g,Dole
905,Fox's Biscuits Chunkie Triple Chocolate Cookies 180g,Fox's
906,Rowntree's Jelly Tots Bag 150g,Rowntree's
907,Heinz Seriously Good Mayonnaise 775g,Heinz
908,Heinz Classic Cream of Chicken Soup 4x400g,Heinz
909,Garner's Original Pickled Onions 454g (230g*),Garner's
910,Soreen Apple Lunchbox Loaf Bars x5,Soreen
911,Kenco Smooth Instant Coffee 200g,Kenco
912,Meridian Smooth Peanut Butter 280g,Meridian
913,Pot Noodle King Original Curry 114g,Pot Noodle
914,McVitie's Digestives Dark Chocolate Biscuits 433g,McVitie's
915,Billington's Light Muscovado Sugar 500g,Billington's
916,"Baxters Vegetarian, Country Garden Soup 400g",Baxters
917,Whitworths Whole Cranberries 130g,Whitworths
918,Paxo Sage & Onion Stuffing Mix 340g,Paxo
919,Nestle Nesquik Chocolate Cereal 375g,Nestle
920,Skips Prawn Cocktail 14x13.1g,Skips
921,Toblerone Milk Chocolate Bar 360g,Toblerone
922,Jordans Country Crisp Breakfast Cereal with Raspberries 500g,Jordans
923,The Collective Gourmet Passion Fruit Greek-Style Yoghurt 425g,The Collective
924,Cadbury Family Treatsize Multipack 216g,Cadbury
925,Marmite Yeast Extract Rice Cakes 110g,Marmite
926,Princes Mackerel Fillets in Olive Oil 125g (90g*),Princes
927,Hartley’s Sugar Free Orange Jelly Twin Pack 23g,Hartley’s
928,Fibre One 90 Calorie Milk Chocolate Popcorn Bars 4x21g,Fibre One
929,Green Giant Original Sweet Corn 340g (285g*),Green Giant
930,Bonne Maman Bitter Orange Marmalade 370g,Bonne Maman
931,Gia Sun Dried Tomato Puree 70g,Gia
932,Hartley's 10 Cal Mango and Passionfruit Jelly Pot 175g,Hartley's
933,Panda Liquorice Bar Pack x4 128g,Panda
934,Colman's Original English Mustard Powder 57g,Colman's
935,Cadbury Dairy Milk with Daim Chocolate Bar 120g,Cadbury
936,Bens Original Sweet & Sour Extra Pineapple Sauce 450g,Bens Original
937,Yorkshire Tea Loose Leaf Tea 250g,Yorkshire Tea
938,Kallo Belgian Dark Chocolate Rice Cake Minis 4x21g,Kallo
939,Milky Way Magic Stars Milk Chocolate Bites Pouch Bag 100g,Milky Way
940,Blue Dragon Fish Sauce 150ml,Blue Dragon
941,Swizzels Bumper Bag Sweets,Swizzels
942,Alpro Soya Chilled Alternative to Single Cream 250ml,Alpro
943,Rombouts Coffee Filter Papers 4 Cups x40,Rombouts
944,Walkers Less Salt Lightly Salted Multipack Crisps 6x25g,Walkers
945,Dunn's River Coconut Milk 400ml,Dunn's River
946,Kellogg's Rice Krispies Squares Curious Caramel & Chocolate Snack Bars 4x36g,Kellogg's
947,Walkers Meaty Variety Multipack Crisps 20x25g,Walkers
948,"Billington's Natural Golden Caster, Unrefined Cane Sugar 1kg",Billington's
949,Colman's Horseradish Sauce 136g,Colman's
950,Popchips Sour Cream & Onion Sharing Crisps 85g,Popchips
951,Sainsbury’s Sunflower & Extra Virgin Olive Oil 500ml,Sainsbury’s
952,Doves Farm Organic Strong White Flour 1.5kg,Doves Farm
953,Billington's Golden Granulated Sugar 1kg,Billington's
954,LION Bar 4x42g,LION
955,"Batchelors Super Noodles, Bacon 90g",Batchelors
956,Galaxy Minstrels Milk Chocolate Buttons Sharing Pouch Bag 217g,Galaxy
957,Tetley Everyday Tea Bags Decaffeinated x160,Tetley
958,Ambrosia Chocolate Devon Custard Pot 150g,Ambrosia
959,Sensations Mango & Chilli Chutney Sharing Poppadoms 82.5g,Sensations
960,Princes Drained & Ready to Use Tuna Steak with a Little Spring Water 3x110g,Princes
961,Irish Yogurts Diet Fat Free 4x125g,Irish Yogurts
962,Walkers Bugles Southern Style BBQ Sharing Snacks 110g,Walkers
963,Walkers Quavers Prawn Cocktail Multipack Crisps Snacks x6 16g,Walkers
964,Nairn's Super Seeded Organic Oatcakes 200g,Nairn's
965,Knorr Stock Pot Rich Beef 4x28g,Knorr
966,De Cecco Tortiglioni Pasta 500g,De Cecco
967,Dorset Cereals Honey Granola Breakfast Cereal 450g,Dorset Cereals
968,Oreo Vanilla Cookie Sandwich Biscuits Twin Pack 2x154g,Oreo
969,Old El Paso Sliced Green Jalapenos 215g,Old El Paso
970,Clarence Court Mabel Pearmans's Burford Brown Medium Free Range Eggs x6,Clarence Court
971,Cornish Sea Salt Co Original Sea Salt 225g,Cornish Sea Salt Co
972,"Amoy Soy Sauce, Dark 150ml",Amoy
973,Jordans Crunchy Oat Raisin & Almond Granola Breakfast Cereal 750g,Jordans
974,McVitie's Hobnobs Milk Choc Jumbo Pack Biscuits 431g,McVitie's
975,Old El Paso Mexican Sizzling Extra Mild Super Tasty Fajita Kit 476g,Old El Paso
976,"Nescafé Dolce Gusto Latte Macchiato Coffee x16 Pods, 8 Drinks",Nescafé
977,Napolina Chopped Tomatoes 227g,Napolina
978,Horlicks Instant Malt Stick 32g,Horlicks
979,Peter's Yard Original Sourdough Crackers 90g,Peter's Yard
980,Loyd Grossman Bolognese Original Pasta Sauce 350g,Loyd Grossman
981,Rude Health Oat Drink 1L,Rude Health
982,Belvita Breakfast Biscuits Yogurt Crunch Pack x5 253g,Belvita
983,Pukka Organic Three Mint Tea Bags x 20,Pukka
984,Heinz Baked Beans Barbecue 390g,Heinz
985,Pot Noodle Chinese Chow Mein 90g,Pot Noodle
986,Koko Dairy Free Unsweetened Drink 1L,Koko
987,KTC Minced Garlic Paste 210g,KTC
988,Propercorn Lightly Sea Salted Popcorn Multipack 6x10g,Propercorn
989,Hellmann's Light Squeezy Mayonnaise 750ml,Hellmann's
990,Nik Naks Nice 'N' Spicy Crisps 6x20g,Nik Naks
991,Weetabix On The Go Breakfast Drink Chocolate 250ml,Weetabix
992,"Batchelors Super Noodles, Chow Mein 90g",Batchelors
993,Rowntree's Randoms Sweets Sharing Pouches 150g,Rowntree's
994,Doria Doriano Italian Crackers 240g,Doria Doriano
995,Mug Shot Noodles Macaroni Cheese 68g,Mug Shot
996,Butterkist Microwave Popcorn Sweet & Salted 3x60g,Butterkist
997,Kenco Decaff Instant Coffee 200g,Kenco
998,Sensations Honey & Salt Roasted Peanuts 145g,Sensations
999,Baxters Baby Beetroot 567g (335g*),Baxters
1000,Carr's Cracker Selection 200g,Carr's
1001,Lotus Biscoff Caramelised Biscuit Spread Smooth 400g,Lotus Biscoff
1002,Properchips Barbecue Lentil Chips 85g,Properchips
1003,Pot Noodle Bombay Bad Boy 90g,Pot Noodle
1004,Jordans Super Nutty Granola Breakfast Cereal 500g,Jordans
1005,Milky Way Nougat & Milk Chocolate Snack Bars Multipack 12x21.5g,Milky Way
1006,"Loyd Grossman Pasta Sauce, Puttanesca 350g",Loyd Grossman
1007,Ritter Sport Marzipan 100g,Ritter Sport
1008,Aero Milk Chocolate 4x27g,Aero
1009,Nescafé Gold Irish Cream Latte Instant Coffee 19.8 x8,Nescafé
1010,Kallo Belgian Milk Chocolate Rice Cake Minis 4x21g,Kallo
1011,Quaker Oat So Simple Sweet Cinnamon Porridge Pot 57g,Quaker
1012,Pot Noodle King Pot Bombay Bad Boy 114g,Pot Noodle
1013,Walkers Non Such Liquorice Toffees 150g,Walkers
1014,Knorr Stock Cubes Beef 8x10g,Knorr
1015,Princes Mackerel Fillets in Spicy Tomato Sauce 125g,Princes
1016,Barny Milk Soft Baked Bears Biscuits Multipack x5 125g,Barny
1017,Terry's Chocolate Orange Minis Sharing Bag 125g,Terry's
1018,Nairn's Biscuit Break Oat & Fruit 160g,Nairn's
1019,Quaker Oat Raisin Granola 500g,Quaker
1020,Pukka Night Time Tea Bags x20,Pukka
1021,Canderel Tablets x300 25.5g,Canderel
1022,Baxters Sliced Beetroot 567g (335g*),Baxters
1023,Tilda Microwave Rice Coconut Chilli & Lemongrass Basmati 250g,Tilda
1024,Crisp 'N' Dry Vegetable Oil 2L,Crisp 'N' Dry
1025,Popchips Sea Salt Sharing Crisps 85g,Popchips
1026,Cirio Chopped Tomatoes 400g,Cirio
1027,Haribo Giant Strawbs Vegetarian Sweets Bag 175g,Haribo
1028,Old El Paso Stand ‘N Stuff Tortilla Wrap Boats x8 193g,Old El Paso
1029,Schar White Wholesome Loaf 300g,Schar
1030,Island Delight Vegetable Pattie 140g,Island Delight
1031,Freee Gluten Free Self Raising White Flour 1kg,Freee
1032,Weetabix Protein Cereal x24,Weetabix
1033,Ye Olde Oak US Style Hot Dogs Jar x8 525g (360g*),Ye Olde Oak
1034,M&M's Milk Chocolate Bites Pouch Bag 125g,M&M's
1035,Hellmann's Lighter than Light Squeezy Mayonnaise 430ml,Hellmann's
1036,Graze Cocoa & Orange Superfood Oat Square Bites with Cacao Nibs & Quinoa 4x30g,Graze
1037,Dolmio Bolognese Chunky Mushroom Pasta Sauce 500g,Dolmio
1038,Galaxy Instant Hot Chocolate Jar 370g,Galaxy
1039,Fox's Biscuits Golden Crunch Creams 200g,Fox's Biscuits
1040,Lajkonik Pretzel Salty Sticks 70g,Lajkonik
1041,Borderfields British Cold Pressed Rapeseed Oil 500ml,Borderfields
1042,Hartley's Lime Jelly 135g,Hartley's
1043,Heinz Salad Cream Extra Light 435g,Heinz
1044,North Staffordshire Oatcakes x6,North Staffordshire
1045,Homepride Tuna Pasta Bake Sauce 485g,Homepride
1046,Maynards Bassetts Liquorice Allsorts 350g,Maynards Bassetts
1047,Island Delight Jerk Chicken Pattie (Halal) 140g,Island Delight
1048,Quality Street Chocolate Box 220g,Quality Street
1049,"Starbucks by Nespresso House Blend Coffee x10 Pods, 10 Drinks",Starbucks
1050,Dorset Cereals Oat Granola Breakfast Cereal 500g,Dorset Cereals
1051,Ryvita Crackerbread Wholegrain Crackers 125g,Ryvita
1052,Old El Paso Mild Chilli Seasoning Mix 39g,Old El Paso
1053,Haagen-Dazs Pralines & Cream Ice Cream 460ml,Haagen-Dazs
1054,Glenryck Pilchards in Tomato Sauce 400g,Glenryck
1055,Patak's Korma Spice Paste 290g,Patak's
1056,Ainsley Harriott Moroccan Medley Cous Cous 100g,Ainsley Harriott
1057,"Batchelors Cup a Soup, Broccoli & Cauliflower x4 101g",Batchelors
1058,Twix Caramel & Milk Chocolate Fingers Biscuit Snack Bars Multipack 9x20g,Twix
1059,Freee Gluten Free Plain White Flour 1kg,Freee
1060,Horlicks Instant Malt 400g,Horlicks
1061,Allinson Country Grain Bread Flour 1kg,Allinson
1062,Post Grape Nuts 580g,Post
1063,Ryvita Crispbread Fruit Crunch Currant Seed & Oat Crackers 200g,Ryvita
1064,Spam Chopped Pork & Ham 200g,Spam
1065,Jacob's Choice Grain Savoury Biscuits 200g,Jacob's
1066,Canderel Low Calorie Sweetener Tablets x100,Canderel
1067,Heinz Alphabetti Pasta 400g,Heinz
1068,Heinz Spaghetti Bolognese 400g,Heinz
1069,Whitworths Dates 300g,Whitworths
1070,Nature Valley Sweet & Salty Dark Chocolate & Nut Cereal Bars 4x40g,Nature Valley
1071,"KP Roasted Peanuts, Unsalted 250g",KP
1072,"Deliciously Ella Apple, Raisin & Cinnamon Oat Bars 3x50g",Deliciously Ella
1073,Princes Lean Corned Beef 200g,Princes
1074,Heinz Organic Tomato Soup 400g,Heinz
1075,"Twinings Peppermint Tea, 80 Tea Bags",Twinings
1076,John West Sardines in Tomato Sauce 120g,John West
1077,Princes Reduced Salt Corned Beef 340g,Princes
1078,Oxo Reduced Salt Chicken Stock Cubes x12 71g,Oxo
1079,Nissin Soba Chilli Wok Style Instant Cup Noodles Pot 92g,Nissin
1080,Nature's Finest Mandarin in Juice 390g,Nature's Finest
1081,Patak's Butter Chicken Curry Sauce 450g,Patak's
1082,"Lyle's Treacle, Black 454g",Lyle's
1083,BEAR Fruit Yoyos Mango Multipack x5 20g,BEAR
1084,Napolina Wholewheat Spaghetti 500g,Napolina
1085,Heinz Salad Cream Light 415g,Heinz
1086,Princes Salmon Paste 75g,Princes
1087,Hartley's 10 Cal Cranberry and Raspberry Jelly Pot 175g,Hartley's
1088,Maggi 2 Minute Masala Spicy Noodles 70g,Maggi
1089,Schar Gluten Free Pretzels 60g,Schar
1090,"Batchelors Cup a Soup, Tomato & Vegetable with Croutons x4 104g",Batchelors
1091,Dole Pineapple In Juice Fruit Snacks 4x113g,Dole
1092,Maille Wholegrain Mustard 210g,Maille
1093,Lavazza Qualita Rossa Ground Coffee 250g,Lavazza
1094,Milky Way Nougat & Milk Chocolate Snack Bars Multipack 6x21.5g,Milky Way
1095,Scott's Porage Old Fashioned Porridge Oats 1kg,Scott's Porage
1096,Sacla Organic Basil Pesto 190g,Sacla
1097,Nestle Cheerios Honey Cereal 370g,Nestle
1098,Graze Snack Box Lemon Drizzle Flapjack 53g,Graze
1099,Veetee Heat&eat Sticky Rice Pots x2 260g,Veetee
1100,Daddies Brown Sauce 400g,Daddies
1101,Popchips Sour Cream & Onion Multipack Crisps 5pk,Popchips
1102,Tassimo Kenco 100% Colombian Coffee Pods x16,Tassimo
1103,Stamford Street Co. Brown Sauce 450g,Stamford Street Co.
1104,John West No Drain Fridge Pot Tuna Steak with a Little Spring Water 3 x 110g,John West
1105,Fudco Sunflower & Pumpkin Seed Mix 250g,Fudco
1106,Alpro Barista Oat Milk Long Life Dairy Alternative 1L,Alpro
1107,Quaker Porridge To Go Golden Syrup Breakfast Bars 2x55g,Quaker
1108,Kenco Rich Instant Coffee 200g,Kenco
1109,Fullgreen Riced Cauliflower 200g,Fullgreen
1110,Doves Farm Organic White Flour 1kg,Doves Farm
1111,Tetley Pure Green Tea x50 Tea Bags 100g,Tetley
1112,Lyle's Golden Syrup 325g,Lyle's
1113,Costa Coffee Mocha Italia Signature Blend Ground for Cafetiere & Filter 200g,Costa Coffee
1114,Tilda Microwave Rice Egg Fried 250g,Tilda
1115,Linwoods Milled Organic Flaxseed 425g,Linwoods
1116,Dolmio Stir in Tomato & Basil Pasta Sauce 150g,Dolmio
1117,Extra White Bubblemint Chewing Gum Sugar Free Bottle 46 Pieces,Unknown
1118,Eat Natural Fruit & Nut Bars Protein Packed with Salted Caramel & Peanuts 3x45g,Eat Natural
1119,Hartley's No Added Sugar Orange Jelly Pot 115g,Hartley's
1120,Dr. Oetker Gluten Free Baking Powder 170g,Dr. Oetker
1121,LoSalt Reduced Sodium Salt Alternative 350g,LoSalt
1122,itsu Vegetable Fusion Gyoza Dinner Dumplings 270g,itsu
1123,Nairns Gluten Free Cheese Oatcakes 180g,Nairns
1124,Dorset Cereals Simply Delicious Muesli No Added Sugar Breakfast Cereal 650g,Dorset Cereals
1125,Milkybar White Chocolate Bar 90g,Milkybar
1126,Tilda Microwave Rice Tomato & Basil Basmati 250g,Tilda
1127,Sharwood's Hoi-Sin & Spring Onion Stir Fry Sauce 195g,Sharwood's
1128,Jus-Rol Gluten Free Puff Pastry Sheet 280g,Jus-Rol
1129,"Twinings Camomile Tea, 20 Tea Bags",Twinings
1130,Chicken Tonight Spanish Chicken 500g,Chicken Tonight
1131,Quorn Vegetarian Smoky Bacon Rashers 150g,Quorn
1132,Blue Dragon Thai Green Curry Paste Pot 50g,Blue Dragon
1133,Napolina Farfalle 500g,Napolina
1134,Clarks Maple Syrup Pure Canadian 180ml,Clarks
1135,Nature Valley Sweet & Salty Roasted Peanut Cereal Bars 4x40g,Nature Valley
1136,Atora the Original Shredded Beef Suet 200g,Atora
1137,Kellogg’s Frosted Wheats Cereal 500g,Kellogg’s
1138,Rowntree's Fruit Pastilles Strawberry & Blackcurrant Sweets Sharing Pouch 143g,Rowntree's
1139,"Twinings Camomile & Honey Tea, 20 Tea Bags",Twinings
1140,"Loyd Grossman Pasta Sauce, Tomato & Sweet Red Pepper 350g",Loyd Grossman
1141,Kinder Surprise Eggs 3x20,Kinder
1142,Colman's Bramley Apple Sauce 155g,Colman's
1143,Kellogg's Wheats Blueberry Breakfast Cereal 500g,Kellogg's
1144,itsu Chicken Gyoza 12 Dinner Dumplings 240g,itsu
1145,Nando's Perinaise Peri-Peri Mayonnaise Mild 265g,Nando's
1146,Cofresh Bombay Mix 325g,Cofresh
1147,Hartley's 10 Cal Blueberry and Blackcurrant Jelly Pot 175g,Hartley's
1148,Indo Mie Instant Noodles Special Chicken Flavour 75g,Indo Mie
1149,Dorset Cereals Simply Nutty Muesli No Added Sugar Breakfast Cereal 560g,Dorset Cereals
1150,Blue Dragon Creamed Coconut Block 200g,Blue Dragon
1151,Blue Dragon Hoisin & Garlic Stir Fry Sauce 120g,Blue Dragon
1152,Nescafé Gold Blend Instant Coffee 100g,Nescafé
1153,Whitworths Prunes 190g,Whitworths
1154,Nature's Finest Pitted Prunes in Juice 700g,Nature's Finest
1155,Skippy Peanut Butter Smooth 340g,Skippy
1156,Nando's Peri Peri Sauce Medium 125g,Nando's
1157,La Doria Ratatouille 390g,La Doria
1158,Double Dipped Chocolate Toffees 135g,Unknown
1159,"Batchelors Cup a Soup, Chicken Noodle x4 94g",Batchelors
1160,Bisto Vegetable Gravy Granules 190g,Bisto
1161,Dorset Cereals Simply Fruity Muesli Breakfast Cereal630g,Dorset Cereals
1162,Yorkshire Tea Hard Water Tea Bags x80,Yorkshire Tea
1163,Menier Swiss Dark Chocolate 100g,Menier
1164,Tassimo Cadbury Hot Chocolate Pods x8,Tassimo
1165,Carnation Caramel Dessert Filling Tin 397g,Carnation
1166,Bisto Best Beef Gravy Granules 230g,Bisto
1167,"Nescafe Dolce Gusto Cafe Au Lait Coffee x16 Pods, 16 Drinks",Nescafe
1168,Heinz Spaghetti & Sausages 200g,Heinz
1169,Meridian Cashew Nut Butter 170g,Meridian
1170,Jordans Crunchy Oat Fruit & Nut Granola Breakfast Cereal 750g,Jordans
1171,Cadbury Drinking Hot Chocolate 250g,Cadbury
1172,Heinz Macaroni Cheese 200g,Heinz
1173,Tilda Microwave Rice Lemon & Herb Basmati 250g,Tilda
1174,Mrs Elswood Sandwich Gherkins 540g (310g*),Mrs Elswood
1175,Nairn's Gluten Free Biscuit Breaks Oats & Stem Ginger 160g,Nairn's
1176,Ambrosia Devon Custard Carton 1kg,Ambrosia
1177,Birds Eye Gluten Free Breaded Fish Fingers x12 360g,Birds Eye
1178,McVitie's Club Orange Chocolate Biscuit Bars x7,McVitie's
1179,Cadbury Bournville Dark Chocolate Giant Buttons Bag 110g,Cadbury
1180,Alpen Original Muesli 550g,Alpen
1181,Mai Thai AAA Jasmine Fragrant Rice 5kg,Mai Thai
1182,Island Delight Lamb Pattie (Halal) 140g,Island Delight
1183,Merchant Gourmet Porcini Mushrooms 30g,Merchant Gourmet
1184,Dolmio Lasagne Creamy White Sauce 710g,Dolmio
1185,Campbell's Condensed Cream Of Tomato Soup 295g,Campbell's
1186,"Baxters Favourites, Cock-a-leekie Soup 400g",Baxters
1187,Horlicks Original Mat 400g,Horlicks
1188,Ambrosia Devon Custard 500g,Ambrosia
1189,Cadbury Dairy Milk Chocolate Bar Large 360g,Cadbury
1190,"Mug Shot Noodles, Thai Style 55g",Mug Shot
1191,Hartley's No Added Sugar Strawberry Jelly Pot Multipack 6x115g,Hartley's
1192,"Idahoan Perfect Mash, Buttery 109g",Idahoan
1193,Kenco Decaff Instant Coffee 100g,Kenco
1194,Nature's Path Gluten Free Mesa Sunrise 355g,Nature's Path
1195,Heinz Tomato Ketchup 342g,Heinz
1196,Aero Bubbles Peppermint Mint Chocolate Sharing Bag 92g,Aero
1197,Rose's Lemon & Lime Marmalade 454g,Rose's
1198,Rude Health Coconut Drink 1L,Rude Health
1199,Merchant Gourmet Simply Cooked Glorious Grains with Red Rice & Quinoa 250g,Merchant Gourmet
1200,Jordans Natural Muesli Breakfast Cereal 1kg,Jordans
1201,Schar Gluten Free Brown Ciabatta Rolls x4,Schar
1202,Odysea Greek Big Kalamata Pitted Olives 290g (165g*),Odysea
1203,Aero Peppermint Mint Chocolate Sharing Bar 90g,Aero
1204,Patak's Rogan Josh Curry Sauce 450g,Patak's
1205,Alpro Strawberry Plant-Based Alternative To Yogurt 500g,Alpro
1206,Stamford Street Co. Salad Cream 420g,Stamford Street Co.
1207,Douwe Egberts Pure Indulgence Instant Coffee 190g,Douwe Egberts
1208,"Twinings Green Tea, 20 Tea Bags",Twinings
1209,Nature's Finest Peach in Juice 700g,Nature's Finest
1210,Green & Black's Organic Butterscotch Milk Chocolate Bar 90g,Green & Black's
1211,Merchant Gourmet Smoky Spanish Rice & Grains 250g,Merchant Gourmet
1212,Lavazza Cafe Decaffeinated Ground Coffee 250g,Lavazza
1213,Nescafé Gold Blend Smooth Instant Coffee 200g,Nescafé
1214,Old Jamaica Ginger Beer Can 330ml,Old Jamaica
1215,Oatly Oat Drink Light Chilled 1L,Oatly
1216,Bird's Instant Custard Powder Sachets 3x75g,Bird's
1217,"Batchelors Cup a Soup, Chicken & Leek x4 86g",Batchelors
1218,Jordans Country Crisp Flame Raisins Breakfast Cereal 500g,Jordans
1219,Trebor Softmints Spearmint Mints Multipack x4 179g,Trebor
1220,Ambrosia Semolina Dessert Can 400g,Ambrosia
1221,McVitie's Jaffa Cakes Original Biscuits Snack Pack 6x3 198g,McVitie's
1222,Heinz Classic Scotch Broth 400g,Heinz
1223,Kellogg’s Raisin Wheats Cereal 450g,Kellogg’s
1224,Ainsley Harriott Sundried Tomato & Garlic Cous Cous 100g,Ainsley Harriott
1225,Cadbury Bitsa Wispa Chocolate Bag 110g,Cadbury
1226,Schar Gluten Free White Ciabatta Rolls x4,Schar
1227,"Sharwood's Mango Chutney, Green Label 530g",Sharwood's
1228,Tick Tock Rooibos Tea Bags x80,Tick Tock
1229,Galaxy Instant Hot Chocolate Sachet 25g,Galaxy
1230,Ambrosia Rice Pudding Pot 150g,Ambrosia
1231,Rowse Mild & Light Squeezy Honey 340g,Rowse
1232,Nissin Soba Teriyaki Wok Style Instant Cup Noodles Pot 90g,Nissin
1233,Billington's Dark Muscovado Sugar 500g,Billington's
1234,Tidman's Rock Salt 500g,Tidman's
1235,The Spice Tailor Tikka Masala Indian Curry Sauce Kit 300g,The Spice Tailor
1236,Heinz Lamb & Vegetable Chunky Big Soup 400g,Heinz
1237,Old El Paso Mexican Oven Baked Crispy Chicken Fajita Kit 555g,Old El Paso
1238,Goldenfry Original Farmhouse Dumpling Mix 142g,Goldenfry
1239,Graze Snack Box Punchy Protein Nuts 35g,Graze
1240,Wikinger 8 Hot Dogs Bockwurst Style in Brine 550g,Wikinger
1241,Heinz Thomas The Tank Engine Pasta Shapes In Tomato Sauce 205g,Heinz
1242,Walkers Baked Ready Salted Multipack Crisps Snacks 6x22g,Walkers
1243,Lancashire Farm Natural Whole Milk Bio Yogurt 1kg,Lancashire Farm
1244,Mr Porky Original Pork Scratchings 65g,Mr Porky
1245,St. Dalfour Strawberry Fruit Spread 284g,St. Dalfour
1246,Hellmann's Real Squeezy Mayonnaise 250ml,Hellmann's
1247,Dr Karg Organic Emmental Crispbreads 200g,Dr Karg
1248,Summer Pride Lychees in Light Syrup 425g,Summer Pride
1249,Lindt Lindor Milk Chocolate Bar 100g,Lindt
1250,Chicken Tonight Honey & Mustard 500g,Chicken Tonight
1251,Green & Black's Organic White Chocolate Bar 90g,Green & Black's
1252,Sharwood's Black Bean Stir-Fry Sauce 195g,Sharwood's
1253,Kallo Very Low Salt Chicken Stock Cubes 6x8g,Kallo
1254,Splenda Granulated Low Calorie Sweetener Canister 125g,Splenda
1255,Batchelors Chip Shop Style Mushy Peas 300g,Batchelors
1256,Elephant Atta Chapattis 360g,Elephant
1257,Yorkshire Gold Tea Bags x160,Yorkshire Gold
1258,Kikkoman Tamari Gluten Free Soy Sauce 250ml,Kikkoman
1259,Weetabix On The Go Breakfast Drink Vanilla 250ml,Weetabix
1260,Hartley's Sugar Free Blackcurrant Jelly Twin Pack 23g,Hartley's
1261,Old El Paso Thick 'N' Chunky Mild Salsa 226g,Old El Paso
1262,Dolmio Stir In Carbonara Pasta Sauce 150g,Dolmio
1263,Dolmio Stir in Sweet Pepper Pasta Sauce 150g,Dolmio
1264,Rowse Set Honey 340g,Rowse
1265,Veetee Heat& Eat Basmati Rice Pots x2 250g,Veetee
1266,"Yutaka Organic Tamari Soy Sauce, Gluten Free 150ml",Yutaka
1267,Lindt Lindor Assorted Chocolate Truffles Box 200g,Lindt
1268,Homepride Curry Sauce 400g,Homepride
1269,Cadbury Milk Tray Chocolate Gift Box 360g,Cadbury
1270,Parsons Cockles 155g,Parsons
1271,Jordans Simply Granola with a Hint of Honey Breakfast Cereal 750g,Jordans
1272,Innocent Apple & Mango Juice 1.35L,Innocent
1273,"Eat Natural Simply Vegan Peanuts, Coconut and Chocolate Fruit & Nut Bars 3 x 45g",Eat Natural
1274,Oxo Reduced Salt Vegetable Stock Cubes x12 71g,Oxo
1275,Loyd Grossman Korma Curry Cooking Sauce 350g,Loyd Grossman
1276,Galaxy Smooth Caramel & Milk Chocolate Block Bar Vegetarian 135g,Galaxy
1277,Henry Goode's Superbly Soft Black Liquorice 200g,Henry Goode's
1278,Dolmio Stir In Pasta Sauce Bacon & Tomato 150g,Dolmio
1279,Lindt Lindor Milk Chocolate Bars 4x25g,Lindt
1280,Genius Gluten Free Brioche Burger Buns x2,Genius
1281,Rolo Chocolate 4x41.6g,Rolo
1282,Branston Reduced Sugar & Salt Baked Beans 410g,Branston
1283,Goodfella's Gluten Free Pepperoni Pizza 317g,Goodfella's
1284,Kallo Protein Packed Lentil Cakes 100g,Kallo
1285,Old El Paso Gluten Free White Corn Tortilla Wraps x10 208g,Old El Paso
1286,Blue Dragon Oyster & Spring Onion Stir Fry Sauce 120g,Blue Dragon
1287,Silver Spoon Half Spoon Granulated Sugar 1kg,Silver Spoon
1288,Vadasz Raw Kimchi 400g,Vadasz
1289,Fudco Cashew Nuts 500g,Fudco
1290,Stamford Street Co. Pasta Shapes 1kg,Stamford Street Co.
1291,Ristorante Gluten Free / Lactose Free Mozzarella Pizza 370g,Ristorante
1292,McDougalls Instant Thickening Granules 170g,McDougalls
1293,Pukka Peppermint & Licorice Tea Bags x20,Pukka
1294,Nescafe Original Decaff Instant Coffee 200g,Nescafe
1295,Kellogg's Special K Peach & Apricot Cereal 360g,Kellogg's
1296,L'OR Nespresso Compatible Espresso Lungo Profondo x10 Aluminium Coffee Capsules Intensity 8,L'OR
1297,Graze Smokehouse BBQ Crunch Flavoured Peas 104g,Graze
1298,Silver Spoon Granulated Sweetener 75g,Silver Spoon
1299,KTC Sunflower Oil 5L,KTC
1300,Heinz Spaghetti Hoops in Tomato Sauce 4 x 400g,Heinz
1301,Warburtons Gluten Free White Bread Sourdough 400g,Warburtons
1302,Kallo Organic Beef Stock Cubes 8x11g,Kallo
1303,Knorr Stock Pot Beef 8x28g,Knorr
1304,Sharwood's Sweet & Sour Stir Fry Sauce 195g,Sharwood's
1305,Munchies Chocolate Sharing Pouch 104g,Munchies
1306,Cadbury Dairy Milk Caramel Chocolate Bar 120g,Cadbury
1307,Mrs Elswood Dill Speared Gherkins 670g (360g*),Mrs Elswood
1308,Patak's Madras Curry Sauce 450g,Patak's
1309,"Amoy Soy Sauce, Light 150ml",Amoy
1310,Stagg Classic Chilli Con Carne 400g,Stagg
1311,Ko-lee Rice Vermicelli Noodles,Ko-lee
1312,Kenco Colombian Origins Instant Coffee 100g,Kenco
1313,Princes Mackerel Fillets in Mustard Sauce 125g,Princes
1314,"Butterkist Popcorn, Sweet Cinema Style 6x12g",Butterkist
1315,Gallo Traditional Risotto Rice 500g,Gallo
1316,Quaker Oat So Simple Big Bowl Original Porridge Sachets 6x38.5g,Quaker
1317,Cadbury Wispa Gold Chocolate Bar Multipack x4 153.2g,Cadbury
1318,Old El Paso Mexican Smoky BBQ Fajita Family Kit 750g,Old El Paso
1319,Cadbury Crunchie Rocks Chocolate Bag 110g,Cadbury
1320,Kind Dark Chocolate Nuts & Sea Salt Cereal Bars Multipack 3x30g,Kind
1321,Princes Chicken & Ham Paste Jar 75g,Princes
1322,Heinz No Added Sugar Baked Beans in a Rich Tomato Sauce 6 x 415g,Heinz
1323,Atora Shredded Vegetable Suet 200g,Atora
1324,"Loyd Grossman Pasta Sauce, Chargrilled Vegetable 350g",Loyd Grossman
1325,Maynards Bassetts Jelly Babies Sweets Carton 350g,Maynards Bassetts
1326,Douwe Egberts Decaff Instant Coffee 95g,Douwe Egberts
1327,Carousel Waffle Ice Cream Cornets x10,Carousel
1328,Sour Patch Kids Sweets Bag 130g,Sour Patch Kids
1329,Border Biscuits Sharing Pack 400g,Border Biscuits
1330,Walkers Wotsits Giants Sweet & Spicy Sharing Snacks Crisps 130g,Walkers Wotsits
1331,Il Casolare Unfiltered Extra Virgin Olive Oil 1L,Il Casolare
1332,Doves Farm Organic Wholemeal Spelt Flour 1kg,Doves Farm
1333,Ben's Original Golden Vegetable Microwave Rice 220g,Ben's Original
1334,Weetabix Crispy Minis Chocolate Chip 500g,Weetabix
1335,Deliciously Ella Peanut Oat Bars 3x50g,Deliciously Ella
1336,Ye Olde Oak Hot Dogs x8 400g (184g*),Ye Olde Oak
1337,Jamie Oliver Microwave Ready to eat Tomato & Olive Quinoa 250g,Jamie Oliver
1338,"Wright's Bread Mix, Premium White 500g",Wright's
1339,"John West Light Lunch, Mediterranean Style Tuna Salad 220g",John West
1340,Belvita Breakfast Soft Bakes Strawberry Filled Pack x5 250g,Belvita
1341,Bens Original Long Grain Rice 1kg,Bens Original
1342,Off the Eaten Path Sea Salt Bean Sticks 100g,Off the Eaten Path
1343,Ainsley Harriott Aromatic Thai Chicken & Lemongrass Cup Soup x3 69g,Ainsley Harriott
1344,Old El Paso Mexican Garlic & Paprika Crunchy Taco Kit 308g,Old El Paso
1345,Flipz Milk Chocolate Covered Pretzels 90g,Flipz
1346,Ryvita Thins Sweet Chilli Flatbread Crackers 125g,Ryvita
1347,Princes Sardine & Tom Paste 75g,Princes
1348,Snack Organisation Salted Rice Crackers 100g,Snack Organisation
1349,"Ovaltine Malted Drink, Chocolate, Light 300g",Ovaltine
1350,Patak’s Garlic & Coriander Poppadoms x8,Patak’s
1351,Hartley's Blackcurrant Jelly 135g,Hartley's
1352,Tilda Microwave Rice Spicy Mexican Long Grain 250g,Tilda
1353,The Spice Tailor Keralan Coconut Indian Curry Sauce Kit 225g,The Spice Tailor
1354,Aunty's Golden Syrup Steamed Pudding 2x100g,Aunty's
1355,Lindt Lindor Milk Chocolate Truffles Box 337g,Lindt
1356,Fox's Biscuits Chocolatey White Chocolate Rounds 130g,Fox's Biscuits
1357,Fray Bentos Meatballs In Gravy 380g,Fray Bentos
1358,Sainsburys Whole Almonds 100g,Sainsburys
1359,Taylors of Harrogate Rich Italian Coffee Bags x10,Taylors of Harrogate
1360,Silver Spoon Half Spoon Granulated Sugar 500g,Silver Spoon
1361,Fox's Biscuits Viennese Milk Chocolate Dipped Fingers,Fox's Biscuits
1362,KTC Coconut Oil 500ml,KTC
1363,Tilda Microwave Rice Sweet Chilli Lime Basmati 250g,Tilda
1364,Askeys Ice Cream Cones x21,Askeys
1365,Branston Original Pickle 720g,Branston
1366,Marigold Reduced Salt Organic Bouillon Powder 140g,Marigold
1367,Quaker Oat Crisp Original Cereal 375g,Quaker
1368,HP Classic BBQ Sauce 465g,HP
1369,Kellogg's Frosties Breakfast Cereal 925g,Kellogg's
1370,Knorr Aromat Seasoning 90g,Knorr
1371,Tiptree Strawberry Conserve 340g,Tiptree
1372,Quaker Oat So Simple Golden Syrup Porridge Big Pot 76g,Quaker
1373,Saxa Table Salt 750g,Saxa
1374,Old El Paso Mexican Original Mild Nacho Kit 505g,Old El Paso
1375,"Ovaltine Malted Drink, Original 300g",Ovaltine
1376,Kinder Happy Hippo Milk & Hazelnut Biscuit Bars Multipack 5x20.7g,Kinder
1377,Nakd Salted Caramel Fruit & Nut Bars 4 x 35g,Nakd
1378,McVitie's Jaffa Cakes Original Triple Pack Biscuits x33,McVitie's
1379,Mackays Dundee Orange Marmalade 340g,Mackays
1380,"Starbucks by Nespresso Colombia Coffee x10 Pods, 10 Drinks",Starbucks
1381,Lindt Excellence Dark Chilli Chocolate Bar 100g,Lindt
1382,Very Lazy Chopped Ginger 190g,Very Lazy
1383,Cadbury Chocolate Spread 400g,Cadbury
1384,"Batchelors Cup a Soup, Tomato & Basil x4 104g",Batchelors
1385,Rakusen's Matzos Crackers 300g,Rakusen's
1386,Bisto Best Chicken Gravy Granules 230g,Bisto
1387,Guylian Belgian Chocolate Seashells x22 250g,Guylian
1388,FUEL10K Protein Boosted Chocolate Chunks Granola 400g,FUEL10K
1389,Werther's Original Creamy Filling Sweets 125g,Werther's Original
1390,Haribo Halal Goldbears Sweets Bag 100g,Haribo
1391,Patak's Tikka Masala Paste Pots 2 x 70g,Patak's
1392,Top Taste Crispy Onions 100g,Top Taste
1393,Cadbury Dairy Milk with Oreo Chocolate Bar 120g,Cadbury
1394,Walkers Max Strong Jalapeño & Cheese Sharing Crisps 140g,Walkers
1395,Nissin Demae Ramen Spicy Japanese Noodlesoup 100g,Nissin
1396,KTC Red Kidney Beans in Salted Water 400g,KTC
1397,Bisto Best Beef Gravy Granules 390g,Bisto
1398,Tilda Microwave Rice Fragrant Jasmine 250g,Tilda
1399,Pringles Smokey Bacon Sharing Crisps 185g,Pringles
1400,Nakd Bakewell Tart Fruit & Nut Bar 35g,Nakd
1401,Buckwud Maple Syrup 250g,Buckwud
1402,Eazypop Microwave Popcorn Salted 85g,Eazypop
1403,Haribo Jelly Babies Double Trouble Sweets Bag 175g,Haribo
1404,"Naturli Vegan Block, Organic 200g",Naturli
1405,Alpro Soya Chocolate Chilled Drink 1L,Alpro
1406,Cadbury Darkmilk Chocolate Giant Buttons Bag 105g,Cadbury
1407,"Twinings Cranberry & Raspberry Tea, 20 Tea Bags",Twinings
1408,Pip & Nut Crunchy Peanut Butter 1kg,Pip & Nut
1409,Littleover Clear Wildflower Honey 340g,Littleover
1410,Graze Snack Box BBQ Crunch 31g,Graze
1411,McVitie's Golden Syrup Cake 220g,McVitie's
1412,Swizzels Luscious Lollies 176g,Swizzels
1413,Tilda Microwave Mushroom Basmati Rice 250g,Tilda
1414,Kellogg's Special K Bar Milk Chocolate 5x27g,Kellogg's
1415,Belazu Rose Harissa 170g,Belazu
1416,Go Ahead Apple Crispy Fruit Slices Multipack Snack Bars 4x44g,Go Ahead
1417,Askeys Treat Chocolate Dessert Sauce 325g,Askeys
1418,Walkers Baked Cheese & Onion Multipack Crisps Snacks 6x22g,Walkers
1419,"Carr's Water Biscuits, Large 200g",Carr's
1420,Bare Naked Noodles 250g,Bare Naked
1421,Maynards Bassetts Wine Gums Sweets Carton 350g,Maynards
1422,Irwin's Together Soda Bread Minis x4,Irwin's
1423,Mutti Passata 400g,Mutti
1424,"Pukka Organic Ginger, Galangal & Golden Turmeric Tea Bags x20",Pukka
1425,Heinz Classic Pea & Ham Soup 400g,Heinz
1426,Lindt Excellence Dark Raspberry Chocolate Bar 100g,Lindt
1427,Dolmio Pasta Pouch Twists 200g,Dolmio
1428,McDougalls Self Raising Flour 1.1kg,McDougalls
1429,itsu Chilli Miso Rice Noodles 63g,itsu
1430,Pipers Anglesey Sea Salt Sharing Crisps 150g,Pipers
1431,Betty Crocker Vanilla Buttercream Style Icing 400g,Betty Crocker
1432,Go Ahead Fruit & Oat Bakes Strawberry Biscuit Bars 6x35g,Go Ahead
1433,Nairn's Gluten Free Super Seeded Wholegrain Crackers 137g,Nairn's
1434,Yutaka Soba Noodles 250g,Yutaka
1435,Green & Black's Organic Hot Chocolate 250g,Green & Black's
1436,"John West Light Lunch, French Tuna Salad 220g",John West
1437,Lizi's Granola Original Nuts & Seeds 450g,Lizi's
1438,Dolmio Bolognese Hidden Vegetable Smooth Pasta Sauce 500g,Dolmio
1439,"Heinz Baked Beans, Curry 390g",Heinz
1440,Sacla' Vegan Tomato Pesto – ALLERGY UPDATE 190g,Sacla'
1441,Sacla Chilli Pesto 190g,Sacla
1442,Kenco Smooth Instant Coffee 100g,Kenco
1443,Bendicks Bittermints 200g,Bendicks
1444,Walkers Baked Prawn Cocktail Multipack Crisps Snacks 6x22g,Walkers
1445,Lindt Lindor Extra Dark Chocolate Truffles Box 200g,Lindt
1446,"Twinings Fennel Tea, 20 Tea Bags",Twinings
1447,John West Tuna Steak No Drain with Brine 3x60g,John West
1448,Princes Corned Beef 200g,Princes
1449,Cookie Crisp Chocolatey Chip Cookie Cereal 500g,Cookie Crisp
1450,Heinz Sweet BBQ Sauce 500g,Heinz
1451,Blue Dragon Thai Red Curry Paste Pot 50g,Blue Dragon
1452,Kinder Chocolate Medium Snack Bars Multipack 6x21g,Kinder
1453,Kenco Millicano Americano Decaff Instant Coffee 100g,Kenco
1454,Patak's Korma Paste Pots 2 x 70g,Patak's
1455,Ben's Original Classic Long Grain Microwave Rice 220g,Ben's Original
1456,Hellmann's Lighter than Light Mayonnaise 400g,Hellmann's
1457,Kenco Millicano Americano Instant Coffee 170g,Kenco
1458,Levi Roots Reggae Reggae Jerk BBQ Sauce 290g,Levi Roots
1459,"Nescafé Dolce Gusto Flat White Coffee x16 Pods, 16 Drinks",Nescafé
1460,Lyons Mint Cream Viscount Biscuits 98g,Lyons
1461,"Jacob's Savours Thins, Sour Cream & Chive Crackers 150g",Jacob's
1462,"Twinings Mint Green Tea, 20 Tea Bags",Twinings
1463,Knorr Stock Cubes Lamb 8x10g,Knorr
1464,The Real Pork Co. Hand Cooked Crispy Pork Crackling 65g,The Real Pork Co.
1465,Fibre One 90 Calorie Triple Choc Cake Bars 4x25g,Fibre One
1466,Old El Paso Mexican Roasted Tomato & Pepper Fajita Kit 500g,Old El Paso
1467,Weetabix On The Go Breakfast Drink Strawberry 250ml,Weetabix
1468,"Weetabix Cereal, Organic x24",Weetabix
1469,KTC Creamed Coconut 200g,KTC
1470,"Baxters Chef Selections, Cream Of Asparagus Soup 400g",Baxters
1471,Maoam Stripes Chewy Sweets Bag 140g,Maoam
1472,Maryland Cookies Chocolate Chip Twin Pack,Maryland
1473,Milko Kefir 1L,Milko
1474,Tick Tock Rooibos Tea Bags x40,Tick Tock
1475,Heinz Despicable Me Minions Pasta Shapes in Tomato Sauce 205g,Heinz
1476,"Batchelors Pasta 'n' Sauce, Tomato, Onion & Herb 110g",Batchelors
1477,"Tiptree Raspberry Jam, Seedless - Extra Fruit 340g",Tiptree
1478,Graze Snack Box Dark Chocolate & Cherry with Crunchy Pecans 40g,Graze
1479,Quaker Oat So Simple Sweet Cinnamon Porridge Sachets 10x33g,Quaker
1480,Fray Bentos Steak & Kidney Pie 425g,Fray Bentos
1481,"John West Tuna with a Twist, Lime & Black Pepper 85g",John West
1482,Sainsbury’s Mini Gems Sweets 250g,Sainsbury’s
1483,Smarties Milk Chocolate Sharing Bag 105g,Smarties
1484,Yutaka Sushi Rice 500g,Yutaka
1485,Kellogg's Special K Oats & Honey Cereal 420g,Kellogg's
1486,"Hovis Bread Yeast, Fast Action x6 7g",Hovis
1487,Kellogg's Fruit Winders Strawberry Snack 5x17g,Kellogg's
1488,Old El Paso Gluten Free Crunchy Nacho Chips 185g,Old El Paso
1489,Dunn's River Black Beans 400g (240g*),Dunn's River
1490,John West Tuna Steak with Spring Water 3x60g,John West
1491,Dole Tropical Fruit In Juice Fruit Snacks 4x113g,Dole
1492,Aspall Raw Organic Apple Cyder Vinegar 500ml,Aspall
1493,Heinz Spaghetti Hoops Snap Pots 4x190g,Heinz
1494,Truvia Sweetener Granulated 0 Calorie from Stevia Leaf 270g,Truvia
1495,Whole Earth Organic Crunchy Peanut Butter 340g,Whole Earth
1496,"L'OR Nespresso Compatible Espresso Ristretto Aluminium Coffee Capsules Intensity 11, x10",L'OR
1497,Quaker Oat So Simple Summer Berries Porridge Pot 58g,Quaker
1498,Mackays Seville Orange Marmalade 340g,Mackays
1499,BEAR Fruit Yoyos Apple Multipack x5 20g,BEAR
1500,"Starbucks by Nespresso Blonde Espresso Roast Coffee x10 Pods, 10 Drinks",Starbucks
1501,Lindt Lindor Milk Chocolate Truffles Box 37g,Lindt
1502,Wright's Mixed Grain Bread Mix 500g,Wright's
1503,Graze Cherry Bakewell Fibre Oat Boosts 4x30g,Graze
1504,Schar Gluten Free Custard Creams 125g,Schar
1505,Thai Taste Red Curry Paste 200g,Thai Taste
1506,Kellogg's Fruit Winders Doubles Apple & Strawberry Rolls 5x17g,Kellogg's
1507,Dorset Cereals Gloriously Nutty Muesli No Added Sugar Breakfast Cereal 500g,Dorset Cereals
1508,Fruit Bowl Strawberry Peelers 5x16g,Fruit Bowl
1509,Walkers Meaty Variety Crisps 12x25g,Walkers
1510,"Nescafe Gold Toffee Nut Latte Coffee, x8 19.5g",Nescafe
1511,Ryvita Crispbread Cracked Black Pepper Crackers 200g,Ryvita
1512,Polish Specialities Pickled Gherkins 850g,Polish Specialities
1513,"Baxters Chef Selections, Beef Consomme Soup 400g",Baxters
1514,Fridge Raiders Slow Roasted Chicken Snack Bites 5x 22.5g,Fridge Raiders
1515,The Spice Tailor Classic Butter Chicken Indian Curry Sauce Kit 300g,The Spice Tailor
1516,Patak's Madras Spice Paste 283g,Patak's
1517,Cadbury Dairy Milk Crunchie Bits Chocolate Bar 180g,Cadbury
1518,Siro Vanilla Sugar Free Wafer Biscuits 260g,Siro
1519,Tyrrells Sea Salt & Black Pepper Sharing Crisps 150g,Tyrrells
1520,Trek Salted Caramel Protein Flapjacks 3x50g,Trek
1521,Clearspring Organic Japanese Silken & Smooth Tofu 300g,Clearspring
1522,Bisto Reduced Salt Chicken Gravy Granules 170g,Bisto
1523,Options Single Sachet Salted Caramel 11g,Options
1524,Schweppes Lemonade 2L,Schweppes
1525,Arla Jord Chilled Hemp & Oat Drink 1L,Arla Jord
1526,Dolmio Bolognese Chilli Pasta Sauce 500g,Dolmio
1527,Shreddies The Frosted One 560g,Shreddies
1528,Ainsley Harriott Szechuan Hot & Sour Cup Soup x3 60g,Ainsley Harriott
1529,Whole Earth Organic Smooth Peanut Butter 340g,Whole Earth
1530,Merba Chocolate Cookies 200g,Merba
1531,HP Fruity Brown Sauce 470g,HP
1532,Heinz Seriously Good Light Mayonnaise 815g,Heinz
1533,Cadbury Roses Chocolate Box 290g,Cadbury
1534,Eat Natural Protein Packed with Chocolate and Orange Fruit & Nut Bars 3 x 45g,Eat Natural
1535,Ryvita Thins Three Cheese Flatbread Crackers 125g,Ryvita
1536,"Twinings Superblends Sleep with Spiced Apple & Camomile, 20 Tea Bags",Twinings
1537,Clipper Organic Sleep Easy 20 Tea Bags 40g,Clipper
1538,Gressingham Plum & Hoisin Sauce 320g,Gressingham
1539,The Jolly Hog Pork & Caramelised Onion Sausages x6 400g,The Jolly Hog
1540,The Coconut Collaborative Little Choc Pots 4x45g,The Coconut Collaborative
1541,Loyd Grossman Bolognese Pasta Sauce 660g,Loyd Grossman
1542,Maille Hollandaise Sauce 185g,Maille
1543,KTC Minced Ginger Paste 210g,KTC
1544,Kellogg's Wheats Apricot Breakfast Cereal 500g,Kellogg's
1545,Ye Olde Oak Jumbo Hot Dogs 560g (300g*),Ye Olde Oak
1546,Nescafé Original Instant Coffee 100g,Nescafé
1547,Bonne Maman Wild Blueberry Conserve 370g,Bonne Maman
1548,Cadbury Dairy Milk Orange Chocolate Giant Buttons Bag 110g,Cadbury
1549,Fridge Raiders Slow Roasted Chicken Snack Bites 70g,Fridge Raiders
1550,Bens Original Hot Chilli Con Carne Sauce 450g,Bens Original
1551,John West No Drain Fridge Pot Tuna Steak with a Little Spring Water 110g,John West
1552,Ocean Spray Smooth Cranberry Sauce 250g,Ocean Spray
1553,Frank's Redhot Original Pepper Sauce 148ml,Frank's Redhot
1554,Heinz Vegetable Soup 4x400g,Heinz
1555,Yutaka Udon Noodles 250g,Yutaka
1556,Stamford Street Co. Chicken Curry 392g,Stamford Street Co.
1557,Genius Gluten Free Spicy Sliced Fruit Loaf 400g,Genius
1558,Clipper Fairtrade Organic Green Tea x80 Tea Bags 160g,Clipper
1559,Ambassador Fruit Cocktail In Light Syrup 410g,Ambassador
1560,Kolee Instant Noodles Hot & Spicy 85g,Kolee
1561,Stamford Street Co. Muesli 1kg,Stamford Street Co.
1562,Jordans Country Crisp Breakfast Cereal with Honey & Nuts 500g,Jordans
1563,Indo Mie Chicken Flavour Noodles 70g,Indo Mie
1564,Dolmio Lasagne Red Tomato Sauce 750g,Dolmio
1565,Kellogg's Fruit n Fibre Cereal 375g,Kellogg's
1566,Sharwood's Sweet & Sour Cooking Sauce 425g,Sharwood's
1567,Cadbury Starbar Chocolate Bar 49g,Cadbury
1568,Loacker Napolitaner Wafer 90g,Loacker
1569,John West Sardines in Sunflower Oil 120g (90g*),John West
1570,Old El Paso Roasted Tomato & Pepper Fajitas Spice Mix 30g,Old El Paso
1571,Chicken Tonight Creamy White Wine 500g,Chicken Tonight
1572,Carrs Breadmaker Strong White Flour 1.5kg,Carrs
1573,Stamford Street Co. Curry Sauce 440g,Stamford Street Co.
1574,itsu Satay Rice'Noodles 64g,itsu
1575,Green & Black's Organic Classic Collection Chocolate Gift 180g,Green & Black's
1576,Shreddies The Coco One 560g,Shreddies
1577,Hellmann's Garlic Squeezy Mayonnaise 250ml,Hellmann's
1578,Spam Chopped Pork & Ham Lite Tin 200g,Spam
1579,Jif Lemon Juice 250ml,Jif
1580,Monster Energy Drink Ultra 4x500ml,Monster Energy
1581,Nescafé Origins Cap Colombia Instant Coffee 95g,Nescafé
1582,St. Dalfour Raspberry Fruit Spread 284g,St. Dalfour
1583,Nescafé Gold Blend Intense Instant Coffee 200g,Nescafé
1584,Heinz Weight Watchers Chicken Soup 295g,Heinz
1585,Alpro Soya Growing Up Long Life Dairy Alternative Toddler Drink 1+ Years 3x250ml,Alpro
1586,Kit Kat 2 Finger White Chocolate Biscuit Bar Multipack x9,Kit Kat
1587,Colman's Seafood Sauce 155g,Colman's
1588,Silver Spoon 0 Calorie Sweetener Tablets x400,Silver Spoon
1589,Tetley Redbush Tea Bags x40,Tetley
1590,Graze Snack Box Cocoa & Vanilla Protein Flapjack 54g,Graze
1591,Lizi's High Protein Granola 350g,Lizi's
1592,Plenish Organic Cashew Dairy Alternative Long Life Drink 1L,Plenish
1593,Oreo Golden Sandwich Biscuits 154g,Oreo
1594,FREEE Organic Gluten Free Brown Rice Spaghetti 500g,FREEE
1595,Wikinger Hot Dogs x5 380g,Wikinger
1596,"Twinings English Strong Breakfast Tea, 80 Tea Bags",Twinings
1597,McDougalls Speciality Supreme Sponge Self Raising Flour 1kg,McDougalls
1598,Princes Tuna Chunks in Spring Water 3x80g (3x56g*),Princes
1599,Frank Cooper's Vintage Orange Marmalade 454g,Frank Cooper's
1600,Stamford Street Co. Chocolate Spread 400g,Stamford Street Co.
1601,Tiptree Tomato Ketchup 310g,Tiptree
1602,Plenish Organic Oat Dairy Alternative Long Life Drink 1L,Plenish
1603,Yutaka Miso Soup 90g (5x18g),Yutaka
1604,Pepsi Max No Caffeine 8x330ml,Pepsi Max
1605,Foresight Pease Pudding 220g,Foresight
1606,Dr. Oetker Fine 100% Dark Cocoa Powder 190g,Dr. Oetker
1607,Heinz No Added Sugar Cream of Tomato Soup 400g,Heinz
1608,Veetee Heat& Eat Thai Jasmine Rice Pots 280g,Veetee
1609,John West Infusions Tuna Chilli & Garlic 80g,John West
1610,Loyd Grossman Tomato & Basil Pasta Sauce 660g,Loyd Grossman
1611,Smarties Milk Chocolate Sweets Tube 38g,Smarties
1612,Island Delight Jerk Beef Pattie (Halal) 140g,Island Delight
1613,Walkers Max Strong Hot Chicken Wings Sharing Crisps 140g,Walkers
1614,McDougalls Plain Flour 1.1kg,McDougalls
1615,Dolmio Lasagne Light Creamy White Sauce 470g,Dolmio
1616,Tony's Chocolonely Milk Chocolate Caramel Sea Salt 180g,Tony's Chocolonely
1617,Filippo Berio Mild & Light Olive Oil 500ml,Filippo Berio
1618,Jacob's Biscuits For Cheese Crackers 300g,Jacob's
1619,"Kinder Surprise Chocolate Egg, With Gift 20g",Kinder
1620,Lavazza Prontissimo Intenso Instant Coffee 95g,Lavazza
1621,Yutaka Organic Miso Paste 300g,Yutaka
1622,Lindt Les Grandes Milk Chocolate Hazelnut Bar 150g,Lindt
1623,Princes Crab Paste 75g,Princes
1624,Sacla Stir In Olive & Tomato Sauce 190g,Sacla
1625,Branston Squeezy Small Chunk Pickle 350g,Branston
1626,Nature's Path Gluten Free Granola Mixed Berry 312g,Nature's Path
1627,Deliciously Ella Baked Oat Bar Cacao & Almond 3x50g,Deliciously Ella
1628,Tate & Lyle Fairtrade Cane Sugar White Cubes 500g,Tate & Lyle
1629,"Starbucks by Nespresso Espresso Roast Coffee x10 Pods, 10 Drinks",Starbucks
1630,Capri-Sun Orange 4 x 200ml,Capri-Sun
1631,Sacla' Pesto Pots No. 1 Classic Basil 2x45g,Sacla
1632,Eazypop Microwave Popcorn Butter 100g,Eazypop
1633,Nando's Peri Peri Rub BBQ 25g,Nando's
1634,Rowse Clear Honey 340g,Rowse
1635,Lee Kum Kee Premium Light Soy Sauce 500ml,Lee Kum Kee
1636,Birds Eye Gluten Free Southern Fried Chicken Grills x2 180g,Birds Eye
1637,Warburtons Gluten Free Multiseed Loaf 300g,Warburtons
1638,Weight Watchers from Heinz Hearty Vegetable Broth Soup 295g,Weight Watchers from Heinz
1639,Old El Paso Mexican One Pan Chilli & Garlic Rice Meal For Chicken Kit 355g,Old El Paso
1640,Ritz Cheese Crackers Box 200g,Ritz
1641,Dorset Cereals Nutty Granola Breakfast Cereal 450g,Dorset Cereals
1642,Border Lemon Drizzle Melts 150g,Border
1643,Nairn's Gluten Free Oaties Biscuits 160g,Nairn's
1644,Mornflake Oatbran 800g,Mornflake
1645,Fox's Glacier Fruits 200g,Fox's
1646,Dolmio Stir in Roasted Garlic & Tomato Pasta Sauce 150g,Dolmio
1647,Flahavan's Microwavable Quick Oats 500g,Flahavan's
1648,Lindt Lindor Assorted Chocolate Truffles Box 337g,Lindt
1649,Hengstenberg Sauerkraut Bavarian Style 680g (650g*),Hengstenberg
1650,Hartley's Sugar Free Lemon and Lime Jelly Twin Pack 23g,Hartley's
1651,"John West Sardines in Sunflower Oil, Boneless 95g (67g*)",John West
1652,Naked Noodle Thai Sweet Chilli Egg Noodles 78g,Naked Noodle
1653,Mellow Bird's Instant Coffee Powder 100g,Mellow Bird's
1654,Lavazza Caffe Espresso Ground Coffee 250g,Lavazza
1655,Aunt Bessie's Golden Crumble Mix 400g,Aunt Bessie's
1656,John West No Drain Fridge Pot Tuna Steak with a Little Olive Oil 3 x 110g,John West
1657,Meridian Crunchy Almond Butter 170g,Meridian
1658,Cadbury Brunch Oats Bournville Chocolate Cereal Bar Pack x5 160g,Cadbury
1659,McCoy's Cheddar & Onion Variety Pack Crisps 6x25g,McCoy's
1660,LU Le Petit Chocolat Biscuits 150g,LU
1661,Kinder Cards Chocolate & Milk Wafer Biscuit Multipack 8x12.8g,Kinder
1662,Maggi Liquid Seasoning 101ml,Maggi
1663,Cadbury Dairy Milk Chocolate Buttons 40g,Cadbury
1664,McVitie's Club Mint Chocolate Biscuit Bars 7x23g,McVitie's
1665,Tassimo Costa Latte Coffee Pods x6,Tassimo
1666,Sharwood's Cooking Sauce Balti 420g,Sharwood's
1667,Clipper Organic Everyday Tea Bags x80,Clipper
1668,Old El Paso Regular Soft Whole Wheat Tortilla Wraps x8 326g,Old El Paso
1669,Eat Natural Fibre Packed Fruit & Nut Bars Dark Chocolate and Sea Salt 3 x 45g,Eat Natural
1670,Ambrosia Light Rice Pudding Pot 150g,Ambrosia
1671,Fox's Biscuits Fabulous Selection 275g,Fox's
1672,Tassimo Kenco Americano Grande XL Coffee Pods x16,Tassimo
1673,Aspall Classic Red Wine Vinegar 350ml,Aspall
1674,"Baxters Chef Selections, Lobster Bisque Soup 400g",Baxters
1675,Homepride White Wine & Cream Cooking Sauce 400g,Homepride
1676,Baxters Crinkled Beetroot 567g (335g*),Baxters
1677,Baxters Sliced Beetroot 340g (207g*),Baxters
1678,French's Classic Yellow Mustard 226g,French's
1679,Edlers Savoury Pastry Case 195g,Edlers
1680,"Batchelors Super Noodles Pot, BBQ Beef 75g",Batchelors
1681,Nielsen-Massey Vanilla Extract 60ml,Nielsen-Massey
1682,Blue Dragon Reduced Sugar Thai Sweet Chilli Sauce 350g,Blue Dragon
1683,Doritos Nacho Cheese Sharing Dip 280g,Doritos
1684,Billington's Demerara Sugar 1kg,Billington's
1685,Kikkoman Naturally Brewed Soy Sauce 250ml,Kikkoman
1686,Pipers Lye Cross Cheddar & Onion Sharing Crisps 150g,Pipers
1687,Lyle's Golden Syrup 700g,Lyle's
1688,Ferrero Rocher Chocolate Pralines Gift Box 16 Pieces 200g,Ferrero Rocher
1689,Nissin Demae Ramen Japanese Noodlesoup Beef Flavour 100g,Nissin
1690,LU Le Petit Beurre Biscuits 167g,LU
1691,"Twinings Strawberry & Raspberry Tea, 20 Tea Bags",Twinings
1692,Encona West Indian Hot Pepper Sauce 142ml,Encona
1693,Nature's Finest Peach in Juice 400g,Nature's Finest
1694,Total Sweet Xylitol 225g,Total Sweet
1695,Fudco Cashew Nuts 250g,Fudco
1696,Whitby Gluten Free Wholetail Scampi 200g,Whitby
1697,Birds Eye Gluten Free Breaded Fish Fillets x2 250g,Birds Eye
1698,Kirsty's Cottage Pie 400g (Serves 1),Kirsty's
1699,Bonne Maman Blackcurrant Conserve 370g,Bonne Maman
1700,Newman's Own Ranch Dressing 250ml,Newman's Own
1701,Werther's Original Chewy Toffee 135g,Werther's Original
1702,Dr. Oetker Milk Chocolate Chip Chunks 100g,Dr. Oetker
1703,Walkers Mint Toffees Bag 150g,Walkers
1704,Heinz Spaghetti Bolognese 200g,Heinz
1705,"Linwoods Milled Flaxseed, Walnuts, Brazil Nuts, Almonds & Q10 360g",Linwoods
1706,Alpen Original Muesli 1.1kg,Alpen
1707,"Twinings Lemon & Ginger Tea, 80 Tea Bags",Twinings
1708,Peperami Original and Cheese Snack Box 50g,Peperami
1709,"Starbucks by Nespresso Decaf Espresso Coffee x10 Pods, 10 Drinks",Starbucks
1710,Tilda Microwave Rice Indonesian Fried 250g,Tilda
1711,Lindt Lindor White Chocolate Bar 100g,Lindt
1712,Kellogg's Crunchy Nut Original Breakfast Cereal 840g,Kellogg's
1713,Nescafe Dolce Gusto Americano Coffee Pods x16,Nescafe
1714,Bahlsen Ohne Gleichen Milk Chocolate Praline Wafers 125g,Bahlsen
1715,Nairn's Gluten Free Flatbread Rosemary & Sea Salt 150g,Nairn's
1716,Branston Baked Beans in a Rich & Tasty Tomato Sauce 6x410g,Branston
1717,Oxo Chicken Stock Cubes x24 142g,Oxo
1718,Lotus Biscoff Sandwich Cream 150g,Lotus Biscoff
1719,Capri-Sun Blackcurrant 8 x 200ml,Capri-Sun
1720,Hartley's Lemon Jelly 135g,Hartley's
1721,Rowntree's Pick & Mix Sweets Pouch 150g,Rowntree's
1722,Ambrosia Tapioca Dessert Can 385g,Ambrosia
1723,Taste the Difference Free From Triple Chocolate Cookies 150g,Taste the Difference
1724,Schar Gluten Free White Rolls 6x58g,Schar
1725,XXX Extra Strong Peppermints Multipack 5x40.5g,XXX
1726,Patak's Balti Spice Paste 283g,Patak's
1727,Ricola Sugar Free Lemon Mint Drops 45g,Ricola
1728,Taste the Difference Free From Dark Chocolate Ginger Cookies 150g,Taste the Difference
1729,Pizza Express House Salad Dressing 235ml,Pizza Express
1730,Big Hoops Salted Grab Bag Crisps 45g,Big Hoops
1731,Ricola Sugar Free Elderflower Drops 45g,Ricola
1732,Capri-Sun Zero Orange 8x200ml,Capri-Sun
1733,Merchant Gourmet Microwave Ready to eat Beluga Lentils 250g,Merchant Gourmet
1734,Starbucks DoubleShot Espresso No Added Sugar Iced Coffee Drink 200ml,Starbucks
1735,Olivio Oil 1L,Olivio
1736,itsu Miso' Easy Traditional Soup 5x21g,itsu
1737,GOOD4U Protein Salad Topper Super Seeds 150g,GOOD4U
1738,Vivera Plant Greek Kebab 175g,Vivera
1739,Hartley's 10 Cal Orange Jelly Pot 175g,Hartley's
1740,Manomasa Manchego & Green Olive Sharing Tortilla Chips 140g,Manomasa
1741,Walkers Baked Variety Multipack Crisps Snacks 6x22g,Walkers
1742,TREK Cocoa Oat Protein Flapjack 50g,TREK
1743,illy Espresso Medium Roast Ground Coffee 250g,illy
1744,BEAR Fruit Yoyos Blackcurrant Family Pack x9 20g,BEAR
1745,Cadbury Curly Wurly Squirlies Chocolate Bag 110g,Cadbury
1746,Hunger Breaks All Day Breakfast 395g,Hunger Breaks
1747,John West Spreadables Tuna Mayonnaise Corn 80g,John West
1748,Heinz Cream of Chicken Cup Packet Soup x4 68g,Heinz
1749,Knorr Lamb Stock Pot 4x28g,Knorr
1750,"Pukka Organic Lemon, Ginger & Manuka Honey Tea Bags x 20",Pukka
1751,"Twinings Jasmine Green Tea, 20 Tea Bags",Twinings
1752,Maoam Joystixx Chewy Sweets Bag 140g,Maoam
1753,Askeys Ice Cream Cup Cornets x21,Askeys
1754,Betty Crocker Chocolate Fudge Icing 400g,Betty Crocker
1755,Cofresh Chilli & Lemon Grills Flavoured Potato Snack 80g,Cofresh
1756,Indo Mie Mi Goreng Stir Fry Noodles 80g,Indo Mie
1757,Aero Milk Chocolate Sharing Bar 90g,Aero
1758,Marmite Crunchy Peanut Butter 225g,Marmite
1759,Knorr Stock Cubes Ham 8x10g,Knorr
1760,Ambrosia Light Devon Custard Pot 150g,Ambrosia
1761,Odysea Roasted Red & Yellow Peppers 450g (350g*),Odysea
1762,Branston Baked Beans & Sausages 405g,Branston
1763,Kinder Bueno White Chocolate & Hazelnuts Bars Multipack 4x39g,Kinder
1764,Oatly Semi Oat Drink Long Life 1L,Oatly
1765,Wasabi Chicken Gyoza 100g,Wasabi
1766,Duerr's Fine Cut Seville Orange Marmalade 340g,Duerr's
1767,Aspall Classic Apple Cyder Vinegar 350ml,Aspall
1768,Opies Cocktail Cherries Maraschino Flavour 225g (125g*),Opies
1769,Propercorn Lightly Sea Salted Popcorn 70g,Propercorn
1770,Bird's Dream Topping 36g,Bird's
1771,Nairn's On the Go Fruit & Seed Oatcakes 225g,Nairn's
1772,Bendicks Mint Collection 200g,Bendicks
1773,Jacob's Savours Cheese Thins Crackers 150g,Jacob's
1774,McCain Home Chips Straight 2.1kg,McCain
1775,Tilda Microwave Rice Classics Golden Vegetable 250g,Tilda
1776,Sunbites Sun Ripened Sweet Chilli Multipack Snacks Crisps 6x25g,Sunbites
1777,Fox's Glacier Mints 200g,Fox's
1778,Cholula Original Hot Sauce 150ml,Cholula
1779,Old El Paso Thick 'N' Chunky Hot Salsa 226g,Old El Paso
1780,Belvita Breakfast Biscuits 30% Less Sugar Choc Chip Pack x5 225g,Belvita
1781,Walkers Max Punchy Paprika Sharing Crisps 140g,Walkers
1782,Kettle Chips Lightly Salted Sharing Crisps 130g,Kettle Chips
1783,Pek Chopped Pork 300g,Pek
1784,Tilda Pure Basmati Rice 5kg,Tilda
1785,Loyd Grossman Tomato & Chilli Pasta Sauce 660g,Loyd Grossman
1786,Schar Gluten Free Chocolate Fingers 150g,Schar
1787,Cofresh Luxury Bombay Mix 200g,Cofresh
1788,The Snack Organisation Barbeque Rice Crackers 100g,The Snack Organisation
1789,Aero Instant Hot Chocolate Powder Jar 288g,Aero
1790,Mr Porky Original Pork Scratchings x6 16.5g,Mr Porky
1791,The Spice Tailor Fiery Goan Indian Curry Sauce Kit 300g,The Spice Tailor
1792,McVitie's Hobnobs Milk Chocolate 2x318g,McVitie's
1793,Ritter Sport Rum Raisin & Hazelnut 100g,Ritter Sport
1794,Tassimo Kenco Cappuccino Coffee Pods x8,Tassimo
1795,Maggi 2 Minute Chicken Flavour Noodles 75g,Maggi
1796,Chicken Tonight Mushroom Sauce 500g,Chicken Tonight
1797,"Batchelors Super Noodles, Southern Fried Chicken 90g",Batchelors
1798,Dr. Oetker 70% Extra Dark Chocolate Chip Chunks 100g,Dr. Oetker
1799,Heinz 50% Less Sugar & Salt Tomato Ketchup 665g,Heinz
1800,Nairn's Gluten Free Cracked Black Pepper Wholegrain Crackers 137g,Nairn's
1801,Tetley Green Tea Decaffeinated x50 Tea Bags 100g,Tetley
1802,Mars Caramel Nougat & Milk Chocolate Snack Bar 51g,Mars
1803,Batchelors Low Fat Super Noodles Chicken & Herb Flavour 81g,Batchelors
1804,Naked Noodle The Big One Egg Noodles Thai Green Curry 104g,Naked Noodle
1805,Milkybar White Chocolate Bar Multipack x6 75g,Milkybar
1806,Clipper Fairtrade Organic Latin American Instant Coffee 100g,Clipper
1807,Hartley's Best of Raspberry Seedless Jam 300g,Hartley's
1808,Heinz Salad Cream 285g,Heinz
1809,Askeys Treat Strawberry Dessert Sauce 325g,Askeys
1810,Allinson Wholemeal Plain Flour 1kg,Allinson
1811,Napolina Extra Virgin Olive Oil 750ml,Napolina
1812,Tilda Wholegrain Basmati Rice 1kg,Tilda
1813,Galaxy Salted Caramel & Milk Chocolate Block Bar Vegetarian 135g,Galaxy
1814,Clipper Organic Decaf Everyday Tea x80 Tea Bags 250g,Clipper
1815,"Lift Lemon Tea, Reduced Sweetness 165g",Lift
1816,"Twinings Spiced Ginger Tea, 20 Tea Bags",Twinings
1817,Homepride Curry Sauce 485g,Homepride
1818,Whitworths Banana Chips 150g,Whitworths
1819,Sharwood's Medium Egg Noodles 226g,Sharwood's
1820,Franks Redhot Buffalo Wings Sauce 148ml,Franks
1821,Nuii Salted Caramel & Australian Macadamia 3x90ml,Nuii
1822,Mazola Pure Corn Oil 1L,Mazola
1823,Nissin Soba Yakitori Chicken Wok Style Instant Cup Noodles Pot 89g,Nissin
1824,Sharwood's Plain Poppadoms x8,Sharwood's
1825,Wikinger Hot Dogs x8 1030g,Wikinger
1826,Urban Fruit Gently Baked Strawberries 90g,Urban Fruit
1827,Quaker Porridge To Go Mixed Berries Breakfast Bars 2x55g,Quaker
1828,Stamford Street Co. Foodstore English Mustard 180g,Stamford Street Co.
1829,Kallo Organic Puffed Rice Cereal Gluten Free 225g,Kallo
1830,Clipper Fairtrade Organic Decaf Latin American Instant Coffee 100g,Clipper
1831,Marmite Cashews 90g,Marmite
1832,Kellogg's Pop Tarts Strawberry Sensation Breakfast Pastry Snack 8x48g,Kellogg's
1833,"Old Jamaica Ginger Beer, Light 330ml",Old Jamaica
1834,Stamford Street Co. Instant Hot Chocolate Drink 400g,Stamford Street Co.
1835,MOMA Cranberry & Raisin Gluten Free Jumbo Oat Porridge Pot 70g,MOMA
1836,Kellogg's Special K Milk Chocolate Cereal 360g,Kellogg's
1837,McVitie's Milk Chocolate Digestive Biscuits the Caramel One 250g,McVitie's
1838,"Dr Karg Organic Seeded Crispbread, 3 Grains + 3 Seeds 200g",Dr Karg
1839,Tea India Masala Chai Teabags x40,Tea India
1840,Homepride Cheese & Bacon Pasta Bake Sauce 485g,Homepride
1841,"Alara Fruits & Seeds Muesli, Organic 650g",Alara
1842,McDougalls Plain Flour 500g,McDougalls
1843,Patak’s Plain Cook at Home Poppadoms x10,Patak’s
1844,Hartley's Strawberry Jelly Pot Multipack 6x125g,Hartley's
1845,Hartley's No Added Sugar Raspberry Jelly Pot Multipack 6x115g,Hartley's
1846,Kellogg's Pop Tarts Choctastic Breakfast Pastry Snack 8x48g,Kellogg's
1847,Carte Noire Classique Instant Coffee 100g,Carte Noire
1848,Hartley's Lemon and Lime Jelly Pot 125g,Hartley's
1849,Kellogg's Crunchy Nut Fruit & Nut Granola 380g,Kellogg's
1850,Clipper Organic White Tea x26 Tea Bags 45g,Clipper
1851,Nature Valley Crunchy Variety Pack Cereal Bars 10x42g,Nature Valley
1852,Cheerios Multigrain 540g,Cheerios
1853,Crosta & Mollica Black Olive Grissini Breadsticks 140g,Crosta & Mollica
1854,Food Thoughts Organic Cocoa Powder 125g,Food Thoughts
1855,McVitie's Gluten Free Hobnobs Original Biscuits 150g,McVitie's
1856,L'OR Nespresso Compatible Espresso Supremo x10 Aluminium Coffee Capsules Intensity 10,L'OR
1857,Ainsley Harriott Wild Mushroom Cous Cous 100g,Ainsley Harriott
1858,Nando's Marinade Medium 262g,Nando's
1859,Aspall Organic Cyder Vinegar 350ml,Aspall
1860,Rubicon Sparkling Mango 330ml,Rubicon
1861,Milkybar White Chocolate Giant Buttons Bag 176g,Milkybar
1862,Lavazza Crema e Gusto Ground Coffee 250g,Lavazza
1863,Encona Thai Sweet Chilli Sauce Squeezy 285ml,Encona
1864,"Linwoods Organic Cold Milled Flaxseed, Sunflower, Pumpkin & Chia Seeds & Goji Berries 425g",Linwoods
1865,Flora Pure Sunflower Oil 2L,Flora
1866,Edlers Sweet Pastry Case 195g,Edlers
1867,Specialite Locale Sultana Fingerellas Cakes 250g,Specialite Locale
1868,Hermesetas Mini Sweeteners x400 Tablets,Hermesetas
1869,Loyd Grossman Thai Green Curry Sauce 350g,Loyd Grossman
1870,John West Tuna Steak with Sunflower Oil 3x60g,John West
1871,Betty Crocker Chocolate Fudge Brownie Mix 415g,Betty Crocker
1872,"Quaker Oat So Simple Strawberry, Raspberry & Cranberry Porridge Sachets 10x33.9g",Quaker
1873,Schar Gluten Free Panini Rolls x3,Schar
1874,Shreddies The Original 630g,Shreddies
1875,Loyd Grossman Balti Curry Cooking Sauce 350g,Loyd Grossman
1876,Fruit Shoot Hydro Apple & Raspberry Kids Water Drink 8x200ml,Fruit Shoot
1877,Sharwood's Kung Po Cooking Sauce 425g,Sharwood's
1878,Amoy Straight to Wok Udon Thick Noodles 2x150g,Amoy
1879,Peperami Tikka Chicken Bites 50g,Peperami
1880,Patak's Rogan Josh Spice Paste 283g,Patak's
1881,Trophy Indian Basmati Rice 10kg,Trophy
1882,Airwaves Menthol & Eucalyptus Sugar Free Chewing Gum Bottle 46 Pieces,Airwaves
1883,Warburtons Gluten Free Crumpets x4,Warburtons
1884,Cadbury Crunchy Melts Chocolate Centre Chocolate Chip Cookies 156g,Cadbury
1885,Up & Go Breakfast Drink Chocolate 300ml,Up & Go
1886,Robertson's Silver Shred Lemon Marmalade 454g,Robertson's
1887,Ting Grapefruit Crush 330ml,Ting
1888,Cirio Peeled Plum Tomatoes x4 400g,Cirio
1889,Nando's Peri-Peri Bag & Bake Medium 20g,Nando's
1890,Hermesetas Mini Sweeteners x 1200’s Tablets,Hermesetas
1891,BFree Wholegrain Pitta Breads 4 x 55g,BFree
1892,Ryvita Crispbread Sweet Onion Crackers 200g,Ryvita
1893,Grace Green Plantain Chips Salted 85g,Grace Green
1894,McVitie's Hobnobs The Oaty One 255g,McVitie's
1895,Too Good To Be Gluten Free Pork Pie 130g,Too Good To Be Gluten Free
1896,Allinson Wholemeal Self Raising Flour 1kg,Allinson
1897,NOMO Vegan & Free From Caramel Chocolate Bar 38g,NOMO
1898,John West Infusions Tuna Lemon & Thyme 80g,John West
1899,Colman's Recipe Mix Chilli Con Carne 50g,Colman's
1900,Lavazza Qualita Rossa Coffee Beans 1kg,Lavazza
1901,Aspall Classic White Wine Vinegar 350ml,Aspall
1902,Vifon Golden Chicken Noodle Soup 70g,Vifon
1903,Aunty's Chocolate Fudge Steam Pudding 2x100g,Aunty's
1904,Walkers Wotsits Crunchy Really Cheesy Snacks Crisps 140g,Walkers
1905,Mrs. Crimble's Gluten Free Jam Coconut Rings x6 240g,Mrs. Crimble's
1906,Betty Crocker Devil's Food Chocolate Cake Mix 425g,Betty Crocker
1907,Sharwood's Butter Chicken Curry Sauce 420g,Sharwood's
1908,St. Dalfour Orange Thick Cut Fruit Spread 284g,St. Dalfour
1909,L'OR Classique Instant Coffee 150g,L'OR
1910,"Cirio Tomato Puree, Double Concentrated 4x70g",Cirio
1911,Crosta & Mollica Tarallini with Fennel Seed 170g,Crosta & Mollica
1912,Cadbury White Giant Buttons Chocolate Bag 110g,Cadbury
1913,Nissin Soba Classic Wok Style Stir Fry Noodles 109g,Nissin
1914,Old El Paso Mexican Stand 'N' Stuff Garlic & Paprika Taco Kit 312g,Old El Paso
1915,Knorr Florida Spring Vegetable Dry Packet Soup 48g,Knorr
1916,Batchelors Bigga Dried Peas Selected Marrowfats 250g,Batchelors
1917,Knorr Gravy Pot Beef 4x28g,Knorr
1918,Nature Valley Crunchy Oats & Peanut Butter Cereal Bars 5x42g,Nature Valley
1919,Truvia Sweetener 0 Calorie from Stevia Leaf tablets 100x5g,Truvia
1920,Heinz Baked Beans Fiery Chilli 390g,Heinz
1921,Tetley Green Tea Lemon x50 Tea Bags 100g,Tetley
1922,Lotus Biscoff Caramelised Biscuit Spread Crunchy 380g,Lotus Biscoff
1923,Mr. Freeze Jubbly Cola Ice Lollies 8x62ml,Mr. Freeze
1924,Fox's Favourites Biscuit Selection 350g,Fox's
1925,Bio & Me Super Seedy & Nutty Gut Loving Granola 360g,Bio & Me
1926,Garner's Pickled Shallots 300g (160g*),Garner's
1927,Extra White Sugarfree Chewing Gum Bottle 46 Pieces,Unknown
1928,Homepride Red Wine Cooking Sauce 400g,Homepride
1929,Capsicana Mexican Smoked Cumin & Chipotle for Fajitas Seasoning Mix 28g,Capsicana
1930,"Twinings Ginger Green Tea, 20 Tea Bags",Twinings
1931,Toffee Crisp Milk Chocolate Bar Multipack x9 31g,Toffee Crisp
1932,Walkers Baked Salt & Vinegar Multipack Crisps Snacks 6x22g,Walkers
1933,"Twinings Lemon Green Tea, 20 Tea Bags",Twinings
1934,Billington's Demerara Sugar 500g,Billington's
1935,Promise Gluten Free Multigrain Loaf 480g,Promise
1936,Askeys Chocolate Chunk Crackin Ice Cream Topping 225g,Askeys
1937,KTC Kala Chana 400g,KTC
1938,Clarks Organic Agave Syrup 250ml,Clarks
1939,HP Reduced Salt Brown Sauce 450g,HP
1940,"The Coconut Collaborative Yogurt Alternative, Madagascan Vanilla 350g",The Coconut Collaborative
1941,Ben's Original Mexican Style Microwave Rice 220g,Ben's Original
1942,Rubicon Sparkling Passion 330ml,Rubicon
1943,Big Hoops BBQ Beef Grab Bag Crisps 45g,Big Hoops
1944,Billington's Golden Caster Natural Unrefined Cane Sugar 250g,Billington's
1945,Newman's Own Olive Oil & Vinegar Salad Dressing 250ml,Newman's Own
1946,Graze Protein Oat Bites Cereal Bars Peanut Butter & Chocolate 4x30g,Graze
1947,Haribo Chamallows Pink & White Marshmallows 140g,Haribo
1948,KTC Vegetable Oil 5L,KTC
1949,Jack Link's Beef Jerky Original 25g,Jack Link's
1950,Peter's Yard Fig & Spelt Sourdough Crackers 100g,Peter's Yard
1951,Dole Peach In Strawberry Jelly Fruit Snacks 4x123g,Dole
1952,"Nescafé Dolce Gusto Chococino x16 Pods, 8 Drinks",Nescafé
1953,Patak's Lime Pickle 283g,Patak's
1954,Nature's Finest Pitted Prunes in Juice 400g,Nature's Finest
1955,Old El Paso Squeezy Chunky Guacamole 240g,Old El Paso
1956,Knorr Thick Vegetable Dry Packet Soup 75g,Knorr
1957,Flying Goose Sriracha Hot Chilli Sauce 455ml,Flying Goose
1958,Pizza Express Caesar Salad Dressing 235ml,Pizza Express
1959,Cadbury Crunchie Chocolate Bar 40g,Cadbury
1960,Aunty's Sticky Toffee Puddings 200g,Aunty's
1961,Siro Sugar Free Digestive Biscuits 400g,Siro
1962,Cadbury Bournville Fingers Dark Chocolate Biscuits 114g,Cadbury
1963,John West Infusions Tuna Basil 80g,John West
1964,NOMO Fruit & Crunch Chocolate Bar 32g,NOMO
1965,Yutaka Shaoxing Rice Wine 150ml,Yutaka
1966,Thorntons Classic Assorted Chocolates Gift Box 262g,Thorntons
1967,Oreo Lunchbox Vanilla Cookies 6 Pack Multipack 132g,Oreo
1968,Loyd Grossman Bhuna Curry Cooking Sauce 350g,Loyd Grossman
1969,"Sainsbury’s Triple Belgian Chocolate Cookies, Taste the Difference x4",Sainsbury’s
1970,Fibre One Birthday Cake Brownie 5x24g,Fibre One
1971,Jif Lemon Lemon Juice 100ml,Jif Lemon
1972,Newman's Own French Dressing 250ml,Newman's Own
1973,LEON Garlic Aioli 240ml,LEON
1974,Barilla Classic Fusilli Pasta 500g,Barilla
1975,Freee Gluten Free Organic Chocolate Stars 300g,Freee
1976,Yeo Valley Organic Soured Cream 200g,Yeo Valley
1977,Nairn's Gluten Free Oat Muesli 450g,Nairn's
1978,Nando's Peri Peri Sauce Hot 125g,Nando's
1979,Pipers Trealy Farm Chorizo Sharing Crisps 150g,Pipers
1980,Nando's Hot Perinaise Peri-Peri Mayonnaise 265g,Nando's
1981,Ambrosia Deluxe Custard West Country Cream Can 400g,Ambrosia
1982,Bisto Best Chicken Gravy Granules 390g,Bisto
1983,"Loyd Grossman Pasta Sauce, Tomato & Red Wine 350g",Loyd Grossman
1984,"Batchelors Pasta 'n' Sauce, Cheese & Pancetta 110g",Batchelors
1985,Tropical Sun Coconut Milk Mini 165g,Tropical Sun
1986,Bute Island Foods Ltd Grated Sheese Vegan Mozzarella Style 200g,Bute Island Foods Ltd
1987,Betty Crocker Velvety Vanilla Cake Mix 425g,Betty Crocker
1988,Azeem Halal Chicken Breast Fillets 1kg,Azeem
1989,Clipper Fairtrade Instant Hot Chocolate 350g,Clipper
1990,Mrs Crimble's Gluten Free Coconut Macaroons x6,Mrs Crimble's
1991,"Baxters Super Good Pea, Broccoli and Basil Pesto Soup 400g",Baxters
1992,Indo Mie Sir-Fry Spicy Noodles 80g,Indo Mie
1993,NOMO Caramel & Sea Salt Chocolate Bar 38g,NOMO
1994,Littleover English Set Honey 340g,Littleover
1995,Quaker Oat So Simple Big Bowl Golden Syrup Porridge Sachets 6x49.6g,Quaker
1996,Blue Dragon Pad Thai Noodles Stir Fry Kit 265g,Blue Dragon
1997,Merchant Gourmet Mexican Inspired Grains 250g,Merchant Gourmet
1998,Eat Natural for Breakfast Low Sugar Granola Whole Grain Oats 450g,Eat Natural
1999,Doves Farm Organic Wholemeal Rye Flour 1kg,Doves Farm
2000,Loyd Grossman Thai Red Curry Sauce 350g,Loyd Grossman
2001,Pukka Organic Supreme Matcha Green x20 Tea Bags 30g,Pukka
2002,Montezuma’s Organic 73% Cocoa Dark Chocolate Buttons Bag 90g,Montezuma’s
2003,KIND Dark Chocolate Nuts & Sea Salt Snack Bar 40g,KIND
2004,Aunty's Delicious Spotted Dick Sultana & Raisin Steamed Puddings 2x95g,Aunty's
2005,Cadbury Caramilk Golden Caramel Chocolate Bar 90g,Cadbury
2006,Fudco Deluxe Assorted Nuts 500g,Fudco
2007,Pizza Express Pre-Rolled Pizza Dough 400g,Pizza Express
2008,Nairn's Gluten Free Super Seeded Oatcakes 180g,Nairn's
2009,Cardini's Original Caesar Dressing 250ml,Cardini's
2010,Dr. Oetker Platinum Grade Leaf Gelatine 13g,Dr. Oetker
2011,Old El Paso Mexican Hearty Beef & Bean Chilli Mild Burrito Kit 620g,Old El Paso
2012,Lindt Lindor Salted Caramel Chocolate Truffles Box 200g,Lindt
2013,Gallo My Risotto Perfetto Porcini Mushroom 175g,Gallo
2014,Kolee Instant Noodles Chicken 85g,Kolee
2015,Dole Fruit in Jelly Mandarins in Orange Flavour Jelly x4 492g,Dole
2016,Bisto Best Onion Gravy Granules 230g,Bisto
2017,Heinz Steak & Potato Chunky Big Soup 400g,Heinz
2018,Siro Oaty Sugar Free Biscuits 300g,Siro
2019,Fridge Raiders Southern Style Chicken Snack Bites 70g,Fridge Raiders
2020,McVitie's Thin Arrowroot 200g,McVitie's
2021,Princes Drained & Ready to Use Tuna Steak with a Little Sunflower Oil 3x110g,Princes
2022,Wright's Oat & Linseed Bread Mix 500g,Wright's
2023,Starbucks House Blend Ground Coffee Bag 200g,Starbucks
2024,Tilda Microwave Rice Peri Peri Basmati 250g,Tilda
2025,Makrut Lime Leaves 2g,Unknown
2026,"L'OR Espresso Ristretto Decaf, Intensity 9, Aluminium Coffee Capsules x10 52g",L'OR
2027,Filippo Berio Olive Oil 500ml,Filippo Berio
2028,Farrington's Mellow Yellow Cold Pressed Rapeseed Oil 500ml,Farrington's
2029,Cadbury Curly Wurly Chocolate Bar Multipack x5 107.5g,Cadbury
2030,JimJams 83% Less Sugar Hazelnut Chocolate Spread 350g,JimJams
2031,Pip & Nut Peanut Butter 1kg,Pip & Nut
2032,Capri-Sun Tropical 8 x 200ml,Capri-Sun
2033,Newman's Own Sticky BBQ Marinade 250ml,Newman's Own
2034,Splenda Minis Zero Calorie Sweetener Tablets 500,Splenda
2035,Bonne Maman Wild Strawberry 370g,Bonne Maman
2036,Kellogg's Frosties Breakfast Cereal Bars 6x20g,Kellogg's
2037,John West Kipper Fillets Oil 145g,John West
2038,Pieminister Gluten Free Moo British Beef Steak & Gluten Free Ale Pie 275g,Pieminister
2039,Cadbury Oreo Bites Chocolate Bag 110g,Cadbury
2040,BEAR Fruit Yoyos Super Sour Strawberry & Apple Multipack x5 20g,BEAR
2041,Nielsen-Massey Vanilla Bean Paste 60ml,Nielsen-Massey
2042,Bio & Me Low Sugar Naturally Gut Loving Granola 360g,Bio & Me
2043,Kallo Very Low Salt Beef Stock Cubes 6x8g,Kallo
2044,Drink Me Chai Spiced Latte 250g,Drink Me
2045,Mrs Crimble's Gluten Free Bakewell Slices x4 200g,Mrs Crimble's
2046,Twinings Assam Tea Bags x80 200g,Twinings
2047,Go Ahead Yoghurt Breaks Forest Fruit Snack Bars 4x35.5g,Go Ahead
2048,McVitie's Jaffa Cakes Jaffa Jonuts Biscuits x4,McVitie's
2049,Go Ahead Raspberry Crispy Fruit Slices Multipack Snack Bars 4x44g,Go Ahead
2050,Shredded Wheat Bitesize 370g,Unknown
2051,Whole Creations Dairy & Gluten Free Roasted Tomato & Basil Sheesy Pizza 275g,Whole Creations
2052,Nature's Finest Mango in Juice 400g,Nature's Finest
2053,Del Monte Pear Halves In Syrup 420g (230g Drained),Del Monte
2054,LOVE CORN Sea Salt Crunchy Corn 115g,LOVE CORN
2055,Colman's Original English Squeezy Mustard 150g,Colman's
2056,Stamford Street Co. Vegetable Soup 400g,Stamford Street Co.
2057,John West Soft Cod Roe 100g,John West
2058,Crosta & Mollica Crostini Toasts with Oregano 150g,Crosta & Mollica
2059,Kenco Duo Cappuccino Instant Coffee x6,Kenco
2060,Fray Bentos Steak & Kidney Pudding 400g,Fray Bentos
2061,Nando's Peri Peri Rub Hot 25g,Nando's
2062,Coffee Mate Original Coffee Whitener 325g,Coffee Mate
2063,Napolina Light in Colour Olive Oil 500ml,Napolina
2064,Frylight 1 Cal Butter Flavour Oil Cooking Spray 190ml,Frylight
2065,Douwe Egberts Pure Gold Instant Coffee 95g,Douwe Egberts
2066,KP Peanuts Salt and Vinegar Flavour 225g,KP
2067,Pure Via Stevia Zero Calories Granulated Sweetener 250g,Pure Via
2068,Rowse Organic Squeezy Honey 340g,Rowse
2069,Piatnica Cottage Cheese 200g,Piatnica
2070,Border Dark Chocolate Ginger Chocolate Bars x 6 144g,Border
2071,Properchips Salt & Vinegar Lentil Chips 85g,Properchips
2072,Ambrosia Banana Devon Custard Pot 150g,Ambrosia
2073,Yutaka Sushi Nori Half-Cut x10 14g,Yutaka
2074,Dolmio Bolognese Onion & Garlic Pasta Sauce 750g,Dolmio
2075,Sharwood's Jalfrezi Curry Sauce 420g,Sharwood's
2076,St. Dalfour Apricot Fruit Spread 284g,St. Dalfour
2077,Frylight 1 Cal Rapeseed Oil Cooking Spray 190ml,Frylight
2078,Go Ahead Forest Fruit Crispy Fruit Slices Multipack Snack Bars 4x44g,Go Ahead
2079,Heinz Sundried Cherry Tomato & Basil Pasta Sauce 350g,Heinz
2080,Kettle Chips Lightly Salted Multipack Crisps 5x25g,Kettle Chips
2081,Sweet Freedom Choc Shot Sauce 320g,Sweet Freedom
2082,Pip & Nut Crunchy Peanut Butter 300g,Pip & Nut
2083,Old El Paso Squeezy Soured Cream Topping 230g,Old El Paso
2084,Dolmio Bolognese Smooth Tomato Pasta Sauce 750g,Dolmio
2085,Tick Tock Earl Grey Rooibos Tea Biodegradable Bags x40 90g,Tick Tock
2086,Cadbury Fudge Chocolate Bar Multipack x5 110g,Cadbury
2087,Loyd Grossman No Added Sugar Tomato & Basil Pasta Sauce 350g,Loyd Grossman
2088,Kallo Beetrooot Veggie Cake 122g,Kallo
2089,Hartley's Strawberry Jam 300g,Hartley's
2090,McVitie's Gluten Free Chocolate Hobnobs 150g,McVitie's
2091,Lazy Day Foods Millionaire's Shortbread 150g,Lazy Day Foods
2092,Sharwood's Mango Spreadable Chutney 360g,Sharwood's
2093,Love Corn Smoked BBQ Roasted Corn Snack 115g,Love Corn
2094,Lindt Lindor White Chocolate Truffles Box 200g,Lindt
2095,Rubicon Mango Fruit Juice Drink 288ml,Rubicon
2096,Lavazza Caffe Espresso Coffee Beans 250g,Lavazza
2097,Bens Original Sweet and Sour No Added Sugar Sauce 440g,Bens Original
2098,Nissin Soba Chilli Wok Style Stir Fry Noodles 111g,Nissin
2099,Walkers Monster Munch Giants Pickled Onion Sharing Snacks Crisps 85g,Walkers
2100,Mlekovita Gouda Slices 150g,Mlekovita
2101,Lavazza A Modo Mio Passionale Coffee Capsules x16,Lavazza
2102,Hermesetas Granulated Sweetener 90g,Hermesetas
2103,Naked Rice Long Grain Rice Japanese Katsu Curry 78g,Naked Rice
2104,Fridge Raiders Southern Style Chicken Snack Bites 3x22.5g,Fridge Raiders
2105,Kit Kat 2 Finger Orange Chocolate Biscuit Bar Multipack x14,Kit Kat
2106,John West No Drain Fridge Pot Tuna Steak with a Little Brine 3 x 110g,John West
2107,Mutti Finely Chopped Tomatoes 4x400g,Mutti
2108,Options White Chocolate 220g,Options
2109,Blue Dragon Fragrant Pad Thai Stir Fry Sauce 120g,Blue Dragon
2110,Peroni Nastro Azzurro Gluten Free Beer Lager Bottles 4x330ml,Peroni
2111,Almondy Almond Tarta With Daim 400g Dessert (Serves 6),Almondy
2112,Grace Coconut Water 1L,Grace
2113,Doves Farm Organic White Self Raising Flour 1kg,Doves Farm
2114,Summer Pride Jackfruit in Water 400g,Summer Pride
2115,Ricola Sugar Free Mountain Mint Drops 45g,Ricola
2116,Bonne Maman Black Cherry Conserve 370g,Bonne Maman
2117,Quaker Oat So Simple Original Porridge Big Pot 60g,Quaker
2118,Oxo Chicken with Garlic & Thyme Stock Pots x4 80g,Oxo
2119,Monin Caramel Syrup 250ml,Monin
2120,Extra Ice Peppermint Sugarfree Chewing Gum Bottle 46 Pieces,Extra Ice
2121,Taylors of Harrogate Hot Lava Java Coffee Bags x10,Taylors of Harrogate
2122,Carnation Light Condensed Milk Tin 405g,Carnation
2123,Maryland Minis Cookies Double Choc x6 118.8g,Maryland
2124,"Twinings Mango & Lychee Green Tea, 20 Tea Bags",Twinings
2125,Huel Chocolate Flavour Ready-to-Drink Complete Meal 500ml,Huel
2126,John West No Drain Fridge Pot Tuna Steak with a Sunflower Oil 3 x 110g,John West
2127,Sun Hee Fresh Udon Noodles 200g,Sun Hee
2128,Ye Olde Oak US Style Hot Dogs x6 400g (200g*),Ye Olde Oak
2129,Yorkshire Tea Biscuit Brew x40 Tea Bags 112g,Yorkshire Tea
2130,Oatly Creamy Oat Single Cream Chilled 250ml,Oatly
2131,Rubicon Mango Fruit Juice Drink 1L,Rubicon
2132,Cadbury Dairy Milk Freddo Chocolate Bar 18g,Cadbury
2133,Krasnystaw Kefir 420g,Krasnystaw
2134,Whitworths Figs 175g,Whitworths
2135,Oxo Red Wine Stock Pots x4 20g,Oxo
2136,Pip & Nut Smooth Almond Butter 170g,Pip & Nut
2137,Very Lazy Chopped Red Chillies 190g,Very Lazy
2138,Nutella Hazelnut & Chocolate Spread 950g,Nutella
2139,Graze Crunch Snack Mix Marmite 100g,Graze
2140,Loyd Grossman No Added Sugar Tomato & Chilli Pasta Sauce 350g,Loyd Grossman
2141,Kikkoman Teriyaki Sauce with Toasted Sesame 250ml,Kikkoman
2142,Sensations Thai Sweet Chilli Crisps 40g,Sensations
2143,Odysea Pomegranate Molasses 250ml,Odysea
2144,Bonne Maman Berries Cherries Conserve 370g,Bonne Maman
2145,Hillfarm Extra Virgin Cold Pressed Rapeseed Oil 500ml,Hillfarm
2146,Tony's Chocolonely Milk Chocolate 180g,Tony's Chocolonely
2147,Heinz Tomato Grana Padano & Mascarpone Pasta Sauce 350g,Heinz
2148,Whitworths Shots Snack Pack Berry & White Chocolate 4x25g,Whitworths
2149,Dairylea Dunkers Jumbo Cheese Snack 6x41g,Dairylea
2150,The Spice Tailor Punjabi Tomato Indian Curry Sauce Kit 300g,The Spice Tailor
2151,Filippo Berio Extra Virgin Olive Oil 1L,Filippo Berio
2152,Lee Kum Kee Premium Dark Soy Sauce 500ml,Lee Kum Kee
2153,Mary Berry's Light Salad Dressing 265g,Mary Berry's
2154,Off the Eaten Path Sour Cream & Pepper Bean Sticks 100g,Off the Eaten Path
2155,Mackays Vintage Orange Marmalade 340g,Mackays
2156,St. Dalfour Orange & Ginger Spread 284g,St. Dalfour
2157,Baxters Super Good Root Vegetable & Turmeric 400g,Baxters
2158,Doves Farm Organic White Spelt Flour 1kg,Doves Farm
2159,Polo Original Mints Roll 34g,Polo
2160,Walkers Banana Split Eclairs 150g,Walkers
2161,Knorr Stock Cubes Fish 8x10g,Knorr
2162,Pukka Chamomile Vanilla & Manuka Honey Tea Bags x20,Pukka
2163,Lindt Lindor Treat Bar 38g,Lindt
2164,Canderel Refill Pack Tablet Sachets 51g,Canderel
2165,Tiptree Black Cherry Conserve 340g,Tiptree
2166,BEAR Fruit Yoyos Mango Family Pack x9 20g,BEAR
2167,Tony's Chocolonely Dark Chocolate Almond Sea Salt 51% 180g,Tony's Chocolonely
2168,Opies Cocktail Onions with Spirit Vinegar 227g (120g*),Opies
2169,Maryland Cookies Double Chocolate 200g,Maryland
2170,The Coconut Collaborative Salted Caramel Choc Pots 4x45g,The Coconut Collaborative
2171,Monster Energy Drink 4x500ml,Monster Energy
2172,Hilltop Honey Blossom Honey 340g,Hilltop Honey
2173,Rowse Acacia Honey Squeezy 250g,Rowse
2174,BFree Sweet Potato Wraps x6,BFree
2175,Carrs Breadmaker Wholemeal Flour 1.5kg,Carrs
2176,Walkers Monster Munch Giants Roast Beef Sharing Snacks Crisps 85g,Walkers
2177,Encona West Indian Original Hot Pepper Sauce 220ml,Encona
2178,Jordans Super Fruity Granola Breakfast Cereal 500g,Jordans
2179,Terry's Chocolate Orange Milk Tablet 90g,Terry's
2180,Yutaka Japanese-Style Katsu Curry 100g,Yutaka
2181,Nescafe Dolce Gusto Americano Intenso Coffee Pods x16,Nescafe
2182,Lavazza Qualita Oro Ground Coffee 250g,Lavazza
2183,NOMO Deliciously Creamy Choc Bar 85g,NOMO
2184,KTC Minced Garlic & Ginger Paste 210g,KTC
2185,Green Giant Whole Hearts Of Palm 410g (220g*),Green Giant
2186,"Twinings Orange & Lotus Flower Green Tea, 20 Tea Bags",Twinings
2187,Dr. Oetker Gelatine Sachets 3x12g,Dr. Oetker
2188,Go Ahead Yogurt Breaks Strawberry Snack Bars 4x35.5g,Go Ahead
2189,KP Honey Roast Peanuts 225g,KP
2190,Bisto Best Lamb Gravy Granules 230g,Bisto
2191,Stoats Raspberry & Honey Porridge Oat Bars 4x42g,Stoats
2192,Stamford Street Co. Sweet & Sour Sauce 500g,Stamford Street Co.
2193,Old El Paso Mexican Extra Mild Super Tasty Enchilada Kit 585g,Old El Paso
2194,Pizza Express Honey & Mustard Salad Dressing 235ml,Pizza Express
2195,"Batchelors Super Noodles, Chicken & Mushroom 90g",Batchelors
2196,Canderel Sugarly Zero Calorie Granulated Sweetener 275g,Canderel
2197,LU Le Petit Biscotte Crunchy Cinnamon & Brown Sugar Biscuits 200g,LU
2198,Cadbury Dairy Milk Buttons Large Sharing Bag 184.8g,Cadbury
2199,Stamford Street Co. Gravy Granules 170g,Stamford Street Co.
2200,Nongshim Shin Ramyun Noodle Soup Gourmet Spicy 5x120g,Nongshim
2201,Califia Farms Unsweetened Almond Drink 750ml,Califia Farms
2202,Schär Gluten Free Curvies Original 170g,Schär
2203,Ferrero Collection Gift Box of Chocolates x15 172g,Ferrero
2204,Knorr Stock Pot Fish 4x28g,Knorr
2205,Fox's Biscuits Ginger Crunch Creams 200g,Fox's
2206,Ben's Original Spicy Mexican Microwave Rice 220g,Ben's Original
2207,Wonderful Roasted Salted XXL Pistachios 115g,Wonderful
2208,Reese's Mini Peanut Butter Cup Pouch 90g,Reese's
2209,Kikkoman Soy Sauce Reduced Salt 150g,Kikkoman
2210,Toblerone Milk Chocolate Bar 200g,Toblerone
2211,Bonne Maman Damson Conserve 370g,Bonne Maman
2212,Montezuma's Dark Chocolate Absolute Black 100% Cocoa 90g,Montezuma's
2213,Laila Basmati Rice 10kg,Laila
2214,Askeys Treat Toffee Dessert Sauce 325g,Askeys
2215,Aunt Bessie's Yorkshire Pudding Mix 128g,Aunt Bessie's
2216,Trek Smooth Lemon Flapjack 3x50g Mpk,Trek
2217,Kinnerton Character Chocolate Lollipops (Assorted) 22g,Kinnerton
2218,Up & Go Breakfast Drink Strawberry 300ml,Up & Go
2219,Old El Paso Squeezy Chunky Salsa 238g,Old El Paso
2220,"Sainsbury’s Belgian Milk Chocolate Cookies, Taste the Difference x4",Sainsbury’s
2221,Merchant Gourmet Aromatic Persian Style Quinoa & Green Lentils 250g,Merchant Gourmet
2222,Dr. Oetker White Chocolate Chip Chunks 100g,Dr. Oetker
2223,"Twinings Decaffeinated Green Tea, 20 Tea Bags",Twinings
2224,Ben's Original Classic Wholegrain Microwave Rice 220g,Ben's Original
2225,Nuii Dark Chocolate & Nordic Berry 3x90ml,Nuii
2226,Kikkoman Soy Sauce 500g,Kikkoman
2227,Fudco Whole Almonds 500g,Fudco
2228,St. Dalfour Wild Blueberry Fruit Spread 284g,St. Dalfour
2229,Hartley's Jelly Black Cherry 135g,Hartley's
2230,Dorset Cereals Luscious Berry & Cherry Muesli No Added Sugar Breakfast Cereal 600g,Dorset Cereals
2231,Naked Noodle Egg Noodles Singapore Curry 78g,Naked Noodle
2232,Maltesers Milk Chocolate & Honeycomb Snack Bag 37g,Maltesers
2233,FREEE Gluten Free Rice Flour 1kg,FREEE
2234,Vita Lemon Tea 250ml,Vita
2235,Najma Smoked Sliced Turkey Rashers 150g,Najma
2236,KP Peanuts Spicy Chilli Flavour 225g,KP
2237,Tetley Redbush Tea Bags x80,Tetley
2238,Options Mint Madness Powder 220g,Options
2239,Garner's Pickling Experts Pickled Eggs 440g (255g*),Garner's
2240,Rowntree’s Randoms Juicers Sweets Sharing Bag 140g,Rowntree’s
2241,Forest Feast Salted Dark Chocolate Almonds 120g,Forest Feast
2242,Old Jamaica Extra Fiery Ginger Beer 330ml,Old Jamaica
2243,Cerebos Iodised Salt 400g,Cerebos
2244,Pip & Nut Smooth Peanut Butter 300g,Pip & Nut
2245,Jubbly Ice Lollies Strawberry 8x62ml,Jubbly
2246,Branston Piccalilli 360g,Branston
2247,Homepride Barbecue Cooking Sauce 400g,Homepride
2248,"Starbucks by Nespresso Caffe Verona Coffee x10 Pods, 10 Drinks",Starbucks
2249,Quaker Oat Honey & Almond Granola 500g,Quaker
2250,Tracker Oats & Grains Chocolate & Peanut Bars 5x23g,Tracker
2251,Kenco Rich Instant Coffee 100g,Kenco
2252,Kind Caramel Almond & Sea Salt Cereal Bars Multipack 3x30g,Kind
2253,Duerr's Thick Cut Seville Orange Marmalade 340g,Duerr's
2254,Rubicon Sparkling Guava Juice Drink 330ml,Rubicon
2255,Stoats Blueberry & Honey Porridge Oat Bars 4x42g,Stoats
2256,Knorr Chicken Stock Cubes 20x10g,Knorr
2257,Shredded Wheat Red Berries & Vanilla Flavour 450g,Shredded Wheat
2258,Lavazza A Modo Mio Lungo Dolce Coffee Capsules x16,Lavazza
2259,Lazy Day Foods Belgian Dark Chocolate Tiffin 150g,Lazy Day Foods
2260,Weetabix Melts Milk Chocolate Cereal 360g,Weetabix
2261,Mackays Scottish Raspberry Preserve 340g,Mackays
2262,Red Bull Energy Drink 250ml x12,Red Bull
2263,Cadbury Flake 99 Chocolate Mini Bars x14 114g,Cadbury
2264,Mutti Aromatica with Oregano & Basil Pizza Sauce 400g,Mutti
2265,Mornflake Superfast Oats 2kg,Mornflake
2266,Odysea Greek Extra Virgin Olive Oil 500ml,Odysea
2267,Cadbury Boost Chocolate Bar 48.5g,Cadbury
2268,Sarson's Brown Malt Vinegar 568ml,Sarson's
2269,Rombouts Coffee Filter Papers 2 Cups x40,Rombouts
2270,Border Milk Chocolate Vienese 150g,Border
2271,Heinz Baked Beans and Pork Sausages 3x415g,Heinz
2272,Bisto Gravy Granules 300g,Bisto
2273,Dunn's River All Purpose Seasoning 100g,Dunn's River
2274,Dorset Cereals Tasty Toasted Spelt Flakes Muesli No Added Sugar Breakfast Cereal 570g,Dorset Cereals
2275,Lavazza Qualita Rossa Coffee Beans 250g,Lavazza
2276,Laila Basmati Rice 5kg,Laila
2277,Aunt Bessie's American Style Pancake & Waffle Mix 200g,Aunt Bessie's
2278,Freee Gluten Free Organic Fibre Flakes 375g,Freee
2279,Parsons Pickled Mussels 155g,Parsons
2280,McVitie's Iced Gems Chocolate Multipack Biscuits 5x19g,McVitie's
2281,Nando's Peri Peri Sauce Garlic 125g,Nando's
2282,Princes Tuna Chunks in Sunflower Oil 3x80g (3x56g),Princes
2283,John West No Drain Fridge Pot Tuna Steak with a Little Sunflower Oil 110g,John West
2284,Oxo Vegetable Stock Cubes x24 142g,Oxo
2285,Genius Gluten Free Steak Pies x2,Genius
2286,Jutrzenka Be-be Biscuits 16g,Jutrzenka
2287,Kind Peanut Butter Dark Chocolate Cereal Bars Multipack 3x30g,Kind
2288,Jamie Oliver Microwave Ready To Eat Ultimate Black Daal 250g,Jamie Oliver
2289,Nando's Peri-Peri Bag & Bake Lemon & Herb 20g,Nando's
2290,Ambrosia Rice Pudding with Sultanas & Nutmeg Dessert Can 400g,Ambrosia
2291,Bull's-Eye Original BBQ Sauce 300ml,Bull's-Eye
2292,Kikkoman Teriyaki Marinade & Sauce 250ml,Kikkoman
2293,Extra Strawberry Flavour Sugarfree Chewing Gum 10 Pieces,Extra
2294,Princes Corned Beef 130g,Princes
2295,Opies Pickled Walnuts 390g (170g*),Opies
2296,Trek White Choc&rasp Flapjack 3x50g Mpk,Trek
2297,Old El Paso Mexican Tortilla Wrap Pockets x8 223g,Old El Paso
2298,Nescafé Original Decaff Instant Coffee 100g,Nescafé
2299,Trebor Extra Strong Peppermint Mints Roll 41.3g,Trebor
2300,Spam Bacon 200g,Spam
2301,The Spice Tailor Classic Lentil Tarka Daal Indian Curry Meal Kit 400g,The Spice Tailor
2302,Nature's Store Hazelnut & Chocolate Spread 350g,Nature's Store
2303,Propercorn Microwavable Salted Popcorn 3x70g,Propercorn
2304,Twinings Swiss Hot Chocolate 350g,Twinings
2305,Soreen Malt Lunchbox Loaf Bars x10,Soreen
2306,Twinings English Breakfast Plant Based Tea Bags x80 200g,Twinings
2307,Genius Gluten Free Sausage Rolls x2,Genius
2308,Nando's Peri-Peri Salt 70g,Nando's
2309,Sweet Baby Ray's Original BBQ Sauce 510g,Sweet Baby Ray's
2310,Starbucks Fairtrade Espresso Roast Dark Whole Bean 100% Arabica Coffee Bag 200g,Starbucks
2311,Doves Farm Organic Strong Wholemeal Flour 1.5kg,Doves Farm
2312,Princes Fruit Filling Apple 395g,Princes
2313,Huel Ready-to-drink Vanilla Flavour 500ml,Huel
2314,illy Espresso Roasted Coffee Beans 250g,illy
2315,Ben's Original Classic Basmati Microwave Rice 220g,Ben's Original
2316,Heinz No Added Sugar Spaghetti Hoops 400g,Heinz
2317,Mighty Ultimate Barista Oat Milk Alternative Long Life 1L,Mighty
2318,Princes Tuna Chunks In Springwater 145g,Princes
2319,Princes Mackerel Fillets in a Hot Chilli Dressing 125g,Princes
2320,Green Giant Salt Free Sweet Corn 340g (285g*),Green Giant
2321,Halo Top Peanut Butter Cup Ice Cream 473ml,Halo Top
2322,Options Salted Caramel Hot Chocolate 220g,Options
2323,Tony's Chocolonely Dark Milk Chocolate Pretzel Toffee 42% 180g,Tony's Chocolonely
2324,Nando's Peri-Peri Sauce Lemon and Herb Extra Mild 125g,Nando's
2325,Kellogg's Fruit Winders Doubles Strawberry & Blackcurrant Rolls 5x17g,Kellogg's
2326,Monin Vanilla Syrup 250ml,Monin
2327,Crazy Jack Organic Pumpkin Seeds 100g,Crazy Jack
2328,Malay Taste Kicap Manis 150g,Malay Taste
2329,Branston Caramelised Onion Chutney 290g,Branston
2330,Cadbury Twirl Chocolate Bar 43g,Cadbury
2331,Tassimo Kenco Americano Decaff Coffee Pods x16,Tassimo Kenco
2332,The Fruit Factory Strawberry Fruit Hearts 5x20g,The Fruit Factory
2333,Betty Crocker Chocolate Chip Cookie Mix 200g,Betty Crocker
2334,Hellmann's Real Mayonnaise 600g,Hellmann's
2335,Wasabi Vegetable Gyoza Yakisoba 450g,Wasabi
2336,Tic Tac Fresh Mint 100 48g,Tic Tac
2337,Bens Original Sweet and Sour Sauce 675g,Bens Original
2338,Doritos Cool Grab Original Tortilla Chip Crisps 48g,Doritos
2339,Cadbury Dairy Milk Chocolate Bar 45g,Cadbury
2340,Bonne Maman Fig Conserve 370g,Bonne Maman
2341,Bovril Beef Stock Cubes 12x10g,Bovril
2342,Alpro High Protein Chocolate Long Life Soya Dairy Alternative Drink 1L,Alpro
2343,Walkers Ready Salted Crisps 45g,Walkers
2344,Maggi 2 Minute Curry Flavour Noodles 79g,Maggi
2345,Heinz Cream of Mushroom Soup 4x400g,Heinz
2346,"Twinings Green Tea, 80 Tea Bags",Twinings
2347,Tyrrells Posh Prawn Cocktail 150g,Tyrrells
2348,Clipper Organic Nettle 20 Tea Bags 30g,Clipper
2349,Cadbury Timeout Wafer Chocolate Biscuit Multipack x6 121.2g,Cadbury
2350,"Starbucks by Nespresso Pike Place Coffee x10 Pods, 10 Drinks",Starbucks
2351,Ben's Original Savoury Chicken Microwave Rice 220g,Ben's Original
2352,Judes Madagascan Vanilla Custard 500g,Judes
2353,Quaker Oat So Simple Gluten Free Porridge 10x35g,Quaker
2354,Mlekpol Semi-Fat Curd Cheese 275g,Mlekpol
2355,Polish Specialities Sauerkraut With Carrot 900g,Polish Specialities
2356,Deliciously Ella Chocolate Orange Dipped Almonds 27g,Deliciously Ella
2357,Cadbury Oreo Cadbury Coated Biscuits 164g,Cadbury
2358,Cafédirect Fairtrade Machu Picchu Peru Instant Coffee 100g,Cafédirect
2359,KitKat Chunky Peanut Butter Milk Chocolate Bar 42g,KitKat
2360,Carte Noire Roast & Ground Coffee 250g,Carte Noire
2361,Allinson White Strong Bread Flour 3kg,Allinson
2362,Heinz Minestrone Cup Packet Soup 4x18g,Heinz
2363,Cornish Sea Salt Co Sea Salt & Luxury Pepper Ingenious Seasoning 60g,Cornish Sea Salt Co
2364,Warburtons Gluten Free White Loaf 300g,Warburtons
2365,Tate & Lyle Fairtrade 1:1 Jam Sugar 1kg,Tate & Lyle
2366,Stamford Street Co. Instant Coffee Medium Strength 200g,Stamford Street Co.
2367,Discos Variety Pack 6x25.5g,Discos
2368,Pride Lemon Juice 250ml,Pride
2369,L'OR Intense Instant Coffee 150g,L'OR
2370,Branston Mediterranean Tomato Chutney 290g,Branston
2371,Hellmann's Vegan Squeezy Mayo 430ml,Hellmann's
2372,Heinz Vegetable Cup Packet Soup x4 76g,Heinz
2373,Heinz Classic BBQ Sauce 665g,Heinz
2374,Kallo Yeast Free Vegetable Stock Cubes 6x11g,Kallo
2375,Cornish Sea Salt Co Sea Salt Flakes 150g,Cornish Sea Salt Co
2376,Ambrosia Strawberry Devon Custard Pot 150g,Ambrosia
2377,Merchant Gourmet Spicy Cajun Style Lentils & Red Kidney Beans 250g,Merchant Gourmet
2378,Robertson's MaMade Thin Cut Seville Oranges 850g,Robertson's
2379,Jamie Oliver Pink Salt Grinder 90g,Jamie Oliver
2380,Idahoan Perfect Mash Cheddar Cheese Flavoured 109g,Idahoan
2381,Walkers Wotsits Really Cheesy Multipack Crisps Snacks 20x16.5g,Walkers
2382,Oxo Beef with Onion & Rosemary Stock Pots x4 80g,Oxo
2383,"Idahoan Perfect Mash, Butter & Herb 109g",Idahoan
2384,Mama Instant Whole Grain Rice Vermicelli 225g,Mama
2385,Fudco Finest Pure Mancha Spanish Saffron 1g,Fudco
2386,Merchant Gourmet Chestnut Puree 200g,Merchant Gourmet
2387,Natco Coriander Ground 100g,Natco
2388,Gourmet Burger Kitchen House Relish 250g,Gourmet Burger Kitchen
2389,Maltesers Truffles Milk Chocolate Gift Box Of Chocolates 200g,Maltesers
2390,"Twinings Pure Camomile Tea, 80 Tea Bags",Twinings
2391,Mlekpol Full-Fat Curd Cheese 275g,Mlekpol
2392,Graze Snack Box Veggie Protein Power 28g,Graze
2393,Sainsburys Breadstick Selection 120g,Sainsburys
2394,Batchelors Low Fat Super Noodles Chilli Chicken Flavour 81g,Batchelors
2395,Eat Natural Protein Bar Peanuts and Chocolate 45g,Eat Natural
2396,Odysea Nocellara Olives 290g (170g*),Odysea
2397,Cirio Toscana Passata 700g,Cirio
2398,Bear Giant Yoyos Strawberry & Mango 5x20g,Bear
2399,Rubicon Sparkling Lychee 330ml,Rubicon
2400,Sour Patch Kids Fruit Mix Sweets Bag 130g,Sour Patch Kids
2401,Naked Cantonese Style Hoisin Duck Egg Noodles 78g,Naked
2402,Jacob's Original Cream Crackers 200g,Jacob's
2403,Cheetos Puffs Cheese Multipack Snacks Crisps 6x13g,Cheetos
2404,Heinz Cream of Tomato Soup 4x400g,Heinz
2405,Galbani Italian Mozzarella Cheese 125g,Galbani
2406,Koko Dairy Free Super Drink 1L,Koko
2407,Kabuto Noodles Chicken Ramen Flavour 65g,Kabuto
2408,Dr. Oetker Ready to Roll White Soft Fondant Icing 1kg,Dr. Oetker
2409,Weetos Chocolatey Hoops 420g,Weetos
2410,Grace Sweet Plantain Chips 85g,Grace
2411,Odysea Greek Pine & Fir Tree Raw Honey 250g,Odysea
2412,Tariq Halal Chicken Thighs 1kg,Tariq
2413,Shana Paratha Multi Pack,Shana
2414,McVitie's Club Salted Caramel Flavour Chocolate Biscuit Bars x7,McVitie's
2415,Jordans Crunchy Oat Granola Tropical Fruits Breakfast Cereal 750g,Jordans
2416,Kenco Duo Latte Instant Coffee x6,Kenco
2417,KTC Pressed Toasted Pure Sesame Oil 250ml,KTC
2418,Wright's Ciabatta Bread Mix 500g,Wright's
2419,Peter's Yard Original Sourdough Crispbread 140g,Peter's Yard
2420,Nurishment The Original Vanilla Flavoured Milk 400g,Nurishment
2421,Batchelors Smash Instant Mashed Potato The Original 360g,Batchelors
2422,Mrs Balls Original Chutney 470g,Mrs Balls
2423,Jacob's Mediterranean Pinch of Salt Crackers 190g,Jacob's
2424,McVitie's Penguin Milk Chocolate Biscuit Bars x14,McVitie's
2425,Walkers Quavers Cheese Crisp Snacks 34g,Walkers
2426,Mighty High Protein Pea Milk Alternative Unsweetened 1L,Mighty
2427,Sharwood's Chinese Curry Cooking Sauce 425g,Sharwood's
2428,Alpro My Cuppa Soya Chilled Drink 750ml,Alpro
2429,Nando's Sweet Chilli Jam 285g,Nando's
2430,Peter's Yard Rosemary & Sea Salt Sourdough Crackers 90g,Peter's Yard
2431,Capsicana Mini Tortillas Wheat Flour Wraps x8 240g,Capsicana
2432,Ferrero Duplo Milk Chocolate Biscuit Bars Multipack x5 91g,Ferrero
2433,HP Honey Woodsmoke BBQ Sauce 465g,HP
2434,Daura Damm Lager (Gluten Free) 4x330ml,Daura Damm
2435,Aunt Bessie's Dumpling Mix 140g,Aunt Bessie's
2436,Dr. Oetker Natural Madagascan Vanilla Extract 95ml,Dr. Oetker
2437,Quaker Oat Golden Crunch Granola 500g,Quaker Oat
2438,Henderson's Relish 284ml,Henderson's
2439,White Rabbit The Smokin' Vegan Pizza 353g,White Rabbit
2440,Graze Sweet Chilli Crunch 100g,Graze
2441,Rowse Dark & Rich Honey 340g,Rowse
2442,Reese's Peanut Butter Nut Bar 47g,Reese's
2443,Kind Protein Dark Chocolate Nut Snack Bars Multipack 3x42g,Kind
2444,Najma Sliced Turkey Breast 150g,Najma
2445,Del Monte Fruit Cocktail In Light Syrup 420g,Del Monte
2446,Riesen Chewy Toffee Bag 135g,Riesen
2447,Maryland Cookies Vegan Chocolate Chip 200g,Maryland
2448,Lindt Lindor Strawberries & Cream Chocolate Truffles Box 200g,Lindt
2449,"Sacla' Vegetarian Tomato Pesto, Organic 190g",Sacla'
2450,Yum & Yay Glorious Milled Golden Flaxseed 200g,Yum & Yay
2451,Jack Link's Original Jerky 70g,Jack Link's
2452,Odysea Greek Big Halkidiki Pitted Olives 290g (160g*),Odysea
2453,Osem Bamba Snacks 25g,Osem
2454,Nando's Perinaise Garlic Peri-Peri Mayonnaise 265g,Nando's
2455,Heinz Oxtail Cup Packet Soup 4x15.5g,Heinz
2456,Smarties Buttons Milk Chocolate Sharing Bag 90g,Smarties
2457,Tassimo L'OR Latte Macchiato Coffee Pods x7,L'OR
2458,Odysea Preserved Beldi Lemons 360g (200g*),Odysea
2459,Fray Bentos Steak & Gravy 425g,Fray Bentos
2460,KTC Gram Flour 2kg,KTC
2461,Tassimo Costa Cappuccino Coffee Pods x6,Costa
2462,Amoy Straight to Wok Thread Fine Noodles 2x150g,Amoy
2463,Cadbury Milk Tray Chocolate Box 530g,Cadbury
2464,The Spice Tailor Southern Pepper Indian Curry Sauce Kit 300g,The Spice Tailor
2465,Sainsbury’s French Style Dressing 150ml,Sainsbury’s
2466,Glenryck Pilchards in Brine 155g (93g*),Glenryck
2467,Karyatis Greek Extra Virgin Olive Oil 500ml,Karyatis
2468,La Chinata Smoked Paprika Powder 70g,La Chinata
2469,Lotus Biscoff Sandwich Vanilla Cream 150g,Lotus Biscoff
2470,Stokes Real Mayonnaise 345g,Stokes
2471,Salaam Basmati Rice 10kg,Salaam
2472,Lyle's Golden Syrup Squeezy Bottle 340g,Lyle's
2473,Hartley's Apricot Jam 300g,Hartley's
2474,Newman's Own Blue Cheese Dressing 250ml,Newman's Own
2475,Twinings English Breakfast Loose Tea 125g,Twinings
2476,Fray Bentos Minced Beef & Onion Pies 425g,Fray Bentos
2477,Stute No Sugar Strawberry Extra Jam 430g,Stute
2478,Illy Espresso Dark Roast Ground Coffee 250g,Illy
2479,Tick Tock Rooibos Vanilla Tea Bags x40 80g,Tick Tock
2480,Laciate 3.2% UHT Milk 1L,Laciate
2481,Veetee Heat & Eat Pilau Rice Pots x2 250g,Veetee
2482,Califia Farms XX Espresso Cold Brew Coffee with Almond 750ml,Califia Farms
2483,Hartley's 10 Cal Raspberry Jelly Pot Multipack 6x175g,Hartley's
2484,Gran Luchito Mexican Tortilla Chips Lightly Salted 170g,Gran Luchito
2485,Batchelors Super Noodles Curry Flavour 75g,Batchelors
2486,Whole Earth Organic Crunchy Palm Oil Free Peanut Butter 227g,Whole Earth
2487,John West Sild in Tomato Sauce 110g,John West
2488,Ferrero Rocher Milk Chocolate & Hazelnut Bar 90g,Ferrero Rocher
2489,Nando's Peri-Peri Medium Sauce 500g,Nando's
2490,Kit Kat 2 Finger Dark Mint Chocolate Biscuit Bar Multipack 9 Pack,Kit Kat
2491,Jude's Salted Caramel Sauce 310g,Jude's
2492,Wright's Cheddar & Sundried Tomato Bread Mix 500g,Wright's
2493,"Starbucks by Nescafé Dolce Gusto Americano Medium Roast Coffee x12 Pods, 12 Drinks",Starbucks
2494,Marmite Reduced Salt Yeast Extract Spread 250g,Marmite
2495,Horlicks Chocolate Hot Malty Goodness 400g,Horlicks
2496,Lee Kum Kee Panda Oyster Sauce 510g,Lee Kum Kee
2497,Polo Sugar Free Mint Tube 33.4g,Polo
2498,Cadbury Wispa Chocolate Bar 36g,Cadbury
2499,Fruit Bowl Strawberry Flakes 5x18g,Fruit Bowl
2500,Veetee Heat& Eat Long Grain Rice Pots x2 260g,Veetee
2501,Kenco Millicano Americano Intense Instant Coffee 95g,Kenco
2502,Kelloggs Crunchy Nut Bites Honey & Nut Flavour 375g,Kelloggs
2503,Levi Roots Reggae Reggae Jerk BBQ Sauce 330g,Levi Roots
2504,Properchips Sweet Sriracha Chilli Lentil Chips 85g,Properchips
2505,Pizza Express Ready to Roll Pizza Dough 400g,Pizza Express
2506,Ferrero Rocher Dark Chocolate & Hazelnut Bar 90g,Ferrero Rocher
2507,Tassimo Kenco Flat White Coffee Pods x8 220g,Tassimo Kenco
2508,"L'OR Espresso Colombia Intensity 8, Aluminium Coffee Capsules x10",L'OR
2509,Tulip Premium Cured Chicken Breast 200g,Tulip
2510,Doves Farm Wholemeal Buckwheat Flour 1kg,Doves Farm
2511,Choccie Dodgers Biscuits 140g,Choccie Dodgers
2512,Natco Garlic Powder 100g,Natco
2513,Tetley Extra Strong Tea Bags x75,Tetley
2514,Heinz Seriously Good Mayonnaise 540g,Heinz
2515,John West Infusions Tuna with Tangy Jalapeno 80g,John West
2516,Lucy Bee Fair Trade Extra Virgin Organic Raw Coconut Oil 500ml,Lucy Bee
2517,Laila Red Split Lentils 1kg,Laila
2518,Kellogg's Coco Pops Chocos Chocolate Breakfast Cereal 430g,Kellogg's
2519,"Elizabeth Shaw Milk Chocolate, Coconut & Hazelnut Biscuits",Elizabeth Shaw
2520,Dr. Oetker Lettered Happy Birthday Candles,Dr. Oetker
2521,Schar Gluten Free Jaffa Cakes 150g,Schar
2522,Old El Paso Crispy Chicken Fajita Seasoning Mix 85g,Old El Paso
2523,Capsicana The Ultimate Refried Black Beans 200g,Capsicana
2524,Bear Giant Yoyo Apple Blackcurrant 5x20g,Bear
2525,Newman's Own Balsamic Dressing 250ml,Newman's Own
2526,La Monegasque Anchovy Fillets In Olive Oil 100g,La Monegasque
2527,Colman's Sauce Mix Cheddar Cheese 40g,Colman's
2528,Doves Farm Organic Fine Plain Wholemeal Flour 1kg,Doves Farm
2529,Up & Go Breakfast Drink Banana & Honey 300ml,Up & Go
2530,Bahlsen Choco Leibniz Crunchy Mint Biscuits 120g,Bahlsen
2531,Yorkshire Gold Loose Tea 250g,Yorkshire Gold
2532,Carr's Table Water Black Pepper 125g,Carr's
2533,Patak's Madras Paste Pots 2 x 70g,Patak's
2534,Nissin Soba Sukiyaki Beef Wok Style Instant Cup Noodles Pot 89g,Nissin
2535,Hunger Breaks The Full Monty 395g,Hunger Breaks
2536,Plenish Organic Coconut Milk 1L,Plenish
2537,Properchips Barbecue Lentil Chips 5x14g,Properchips
2538,Kind Protein Crunchy Peanut Butter 3x42g,Kind
2539,Naked Noodle Egg Noodles Chinese Chow Mein 78g,Naked Noodle
2540,Mentos Chewy Dragees Mint Rolls 5x38g,Mentos
2541,Food Thoughts Organic Cacao Powder 125g,Food Thoughts
2542,Stagg Dynamite Hot Chilli 400g,Stagg
2543,McVitie's Family Circle Biscuit Selection Variety Assortment 400g,McVitie's
2544,Odysea Semi-Dried Datterini Tomatoes 280g (160g*),Odysea
2545,Quaker Jumbo Porridge Oats 1kg,Quaker
2546,Batchelors Pasta 'n' Sauce Cheese & Broccoli 65g,Batchelors
2547,Knorr Vegetable Stock Cubes 20x10g,Knorr
2548,Bisto Gluten Free Gravy Granules 175g,Bisto
2549,Encona Original Hot Pepper Sauce Squeezy 285g,Encona
2550,Properchips Salt & Vinegar Lentil Chips 5x14g,Properchips
2551,Princes Tuna Chunks in Brine 3x80g (3x56g*),Princes
2552,Old El Paso Mexican Fajita Tortilla Pockets Kit 375g,Old El Paso
2553,Barilla Classic Linguine Pasta 500g,Barilla
2554,Kellogg's Sultana Bran 500g,Kellogg's
2555,Nutri-Brex Gluten Free Cereal x24 375g,Nutri-Brex
2556,Odysea Balsamic Glaze 250ml,Odysea
2557,The Paleo Foods Co. Pecan & Almond Grain-Free Granola 285g,The Paleo Foods Co.
2558,Nando's Coat 'n Cook Lemon & Herb 120g,Nando's
2559,Ben's Original Egg Fried Microwave Rice 220g,Ben's Original
2560,Capsicana The Ultimate Refried Beans 200g,Capsicana
2561,Carte Noire Decaffeinated Instant Coffee 100g,Carte Noire
2562,Munchies Milk Chocolate & Caramel More to Share Sharing Bag 194g,Munchies
2563,McVitie's Penguin Orange Chocolate Biscuit Bars 7x36g,McVitie's
2564,Napolina Spaghetti 1kg,Napolina
2565,Nando’s Peri-Peri Marinade Lemon and Herb Extra Mild 260g,Nando’s
2566,ManiLife Original Roast Crunchy Peanut Butter 275g,ManiLife
2567,Walkers Cheese & Onion Crisps 45g,Walkers
2568,KTC Extended Life Rapeseed Oil 5L,KTC
2569,Nissin Soba Teriyaki Wok Style Stir Fry Noodles 110g,Nissin
2570,Bonne Maman Rhubarb and Strawberry Conserve 370g,Bonne Maman
2571,Nature's Finest Tropical Fruits in Juice 700g,Nature's Finest
2572,Homepride Chasseur Cooking Sauce 400g,Homepride
2573,Fudco Extra Light Walnut Halves 400g,Fudco
2574,Winiary Mayonnaise 400g,Winiary
2575,McVitie's Iced Gems Multipack Biscuits 5x23g,McVitie's
2576,Dairy Box Milk Chocolate Box 162g,Dairy Box
2577,Loyd Grossman No Added Sugar Bolognese Pasta Sauce 350g,Loyd Grossman
2578,Billington's Demerara Natural Unrefined Cane Sugar 250g,Billington's
2579,Menier Swiss Milk Cooking Chocolate 100g,Menier
2580,Pukka Organic Vanilla Chai Tea Bags x20 40g,Pukka
2581,Taylors of Harrogate Yorkshire Tea Bags x40 125g,Taylors of Harrogate
2582,Colman's Chicken Casserole Recipe Mix 40g,Colman's
2583,itsu Katsu Rice'Noodles 63g,itsu
2584,Bisto The Original Gravy Powder 200g,Bisto
2585,KIND Caramel Almond & Sea Salt Snack Bar 40g,KIND
2586,The Natural Confectionery Company Jelly Snakes Sweets Bag 130g,The Natural Confectionery Company
2587,Nakd Blueberry Muffin Fruit & Nut Bar 35g,Nakd
2588,Nestle Shreddies Original 1100g,Nestle
2589,Swizzels Curious Chews 171g,Swizzels
2590,ManiLife Deep Roast Crunchy Peanut Butter 275g,ManiLife
2591,Deliciously Ella Salted Almond Caramel Cups 36g,Deliciously Ella
2592,Popworks Sweet & Salty Sharing Popped Crisps 85g,Popworks
2593,Del Monte Apricots In Light Syrup 420,Del Monte
2594,Naturya Organic Chia Seeds 175g,Naturya
2595,Rowse Greek Squeezy Honey 250g,Rowse
2596,Filippo Berio Balsamic Vinegar of Modena 250ml,Filippo Berio
2597,Heinz Chicken & Leek Chunky Big Soup 400g,Heinz
2598,Tiger Energy Drink 250ml,Tiger
2599,John West Tuna Chunks in Spring Water 4x145g,John West
2600,Odysea Aubergine Meze 220g,Odysea
2601,Jelly Belly 20 Flavours Jelly Beans 70g,Jelly Belly
2602,Milo Instant Malt Chocolate Drinking Powder Tin 400g,Milo
2603,Bosh! Nooch! Nutritional Yeast 100g,Bosh! Nooch!
2604,McVitie's Digestives White Chocolate 232g,McVitie's
2605,Cadbury Freddo Caramel Multipack x5,Cadbury
2606,Nutella Biscuits Chocolate & Hazelnut Pouch Multipack 276g,Nutella
2607,Deliciously Ella Double Chocolate Caramel Cups 36g,Deliciously Ella
2608,"Sainsbury’s Salted Caramel & Belgian Milk Chocolate Cookies, Taste the Difference x4",Sainsbury’s
2609,"Nescafé Dolce Gusto Café Au Lait Decaffeinated Coffee x16 Pods, 16 Drinks",Nescafé
2610,"Pieminister Gluten Free Ranger Chicken, Leek, Ham & Thyme Pie 275g",Pieminister
2611,Union Hand-Roasted Coffee House Roast Cafetière Grind 200g,Union
2612,Prymat Sweet Paprika 20g,Prymat
2613,Califia Farms Original Oat Drink 1L,Califia Farms
2614,Graze Honey Roast Crunch Creations 100g,Graze
2615,Dole Mixed Fruit In Peach Jelly Fruit Snacks 4x123g,Dole
2616,Urban Fruit Gently Baked Pineapple 100g,Urban Fruit
2617,Barilla Spaghetti Pasta 500g,Barilla
2618,Tabasco Mild Green Hot Pepper Sauce 57ml,Tabasco
2619,Walkers Max Flame Grilled Steak Crisps 50g,Walkers
2620,Reese's Peanut Butter Cups x2 42g,Reese's
2621,Snickers Caramel Nougat Peanuts & Milk Chocolate Snack Bar 48g,Snickers
2622,Thorntons Classic 449g,Thorntons
2623,Dr. Oetker Ready to Roll Fondant Icing 5x100g,Dr. Oetker
2624,Twinings Loose Leaf Earl Grey Tea 125g,Twinings
2625,Piatnica Soured Cream 400g,Piatnica
2626,Oxo Stock Pots Garden Vegetables 4x20g,Oxo
2627,Crosta & Mollica Parmesan & Poppy Seed Torinesi Breadsticks 120g,Crosta & Mollica
2628,Sharwood's Korma Reduced Fat Curry Sauce 420g,Sharwood's
2629,Lingham's Chilli Sauce 280ml,Lingham's
2630,Walkers Max Crisps Paprika 50g,Walkers
2631,"Heinz Yellow Mustard, Mild 220ml",Heinz
2632,Kellogg's Crunchy Nut Chocolate Clusters Breakfast Cereal 400g,Kellogg's
2633,Teapigs Mao Feng Green Tea x15 Tea Bags 37.5g,Teapigs
2634,Too Good To Be Gluten Free Sausage Roll 110g,Too Good To Be Gluten Free
2635,Pip & Nut Smooth Almond Butter 425g,Pip & Nut
2636,Dunn's River Caribbean Seasoning 100g,Dunn's River
2637,Nurishment The Original Chocolate Flavoured Milk 400g,Nurishment
2638,Geeta's Premium Lime & Chilli Chutney Hot 230g,Geeta's
2639,Colman's Bread Sauce Mix 40g,Colman's
2640,Mr. Crumb Sage & Onion Stuffing Tray 225g,Mr. Crumb
2641,Old El Paso Regular Soft Flour Tortilla Wraps x12 489g,Old El Paso
2642,Billington's Golden Icing Sugar 500g,Billington's
2643,Maynards Bassetts Wine Gums 350g,Maynards Bassetts
2644,Bonne Maman Lemon Curd 360g,Bonne Maman
2645,Califia Farms Mocha Cold Brew Coffee with Almond 750ml,Califia Farms
2646,Heinz Plant Based Vegan Creamy Tomato Soup 400g,Heinz
2647,Kettle Chips Sea Salt & Crushed Black Peppercorns Sharing Crisps 130g,Kettle Chips
2648,Nielsen-Massey Vanilla Extract 118ml,Nielsen-Massey
2649,KIND Peanut Butter & Dark Chocolate Snack Bar 40g,KIND
2650,Princes Mackerel Fillets in Sunflower Oil 125g,Princes
2651,Nissin Soba Japanese Curry Wok Style Instant Cup Noodles Pot 90g,Nissin
2652,"Twinings Superblends Glow with Strawberry, Cucumber & Green Tea, 20 Tea Bags",Twinings
2653,Maynards Bassetts Jelly Babies Sweets Bag 165g,Maynards Bassetts
2654,Piriteze Allergy & Hayfever Syrup Sugar Free Banana Flavour 70ml,Piriteze
2655,Wright's Chocolate Fudge Cake Mix 500g,Wright's
2656,Miso Tasty Organic White Miso 110g,Miso Tasty
2657,Green & Black's Organic Tasting Collection Chocolate Gift 395g,Green & Black's
2658,Sarson's Browning Gravy Mix 150g,Sarson's
2659,Mutti Double Concentrate Tomato 130g,Mutti
2660,Cirio Plum Peeled Tomatoes 400g,Cirio
2661,Cadburys Dairy Milk Pots Of Joy Chocolate Dessert 4x60g,Cadburys
2662,"Twinings Raspberry & Lemon Fruit Tea, 20 Tea Bags",Twinings
2663,Paxo Gluten Free Sage & Onion Stuffing Mix 150g,Paxo
2664,Ambrosia Deluxe Custard Madagascan Vanilla 2x120g,Ambrosia
2665,Haribo Halal Happy-Cola Z!ng Bag 100g,Haribo
2666,Blue Dragon Thai Green Curry Paste 170g,Blue Dragon
2667,Sharwood's Prawn Crackers 60g,Sharwood's
2668,Cofresh Jalapeno Potato Grills 80g,Cofresh
2669,Kirstys Lentil Cottage Pie with Sweet Potato Mash 400g,Kirstys
2670,Chicken Tonight Leek and Bacon One Pan Cooking Sauce 500g,Chicken Tonight
2671,Sunbites Sour Cream & Cracked Black Pepper Multipack Snacks Crisps 6x25g,Sunbites
2672,Grace Aloe Vera Drink Original 500ml,Grace
2673,Heinz Baked Beans in Tomato Sauce 4x200g,Heinz
2674,Dole Mango In Juice Fruit Snacks 4x113g,Dole
2675,Saxa Sea Salt Coarse 350g,Saxa
2676,Belazu Balsamic Vinegar of Modena 250ml,Belazu
2677,Forest Feast Preda Fair Trade Mango 100g,Forest Feast
2678,Very Lazy Chipotle Paste 115g,Very Lazy
2679,Whitworths Sunny Fruit Mix-Ups Apricots & Mango 4x18g,Whitworths
2680,"Elizabeth Shaw Milk Chocolate, Raisin & Hazelnut Biscuits",Elizabeth Shaw
2681,Morliny Frankfurters 350g,Morliny
2682,Tilda Microwave Rice Classics Sticky 250g,Tilda
2683,Wright's Ginger Cake Mix 500g,Wright's
2684,Mister Free'd Tortilla Chips Cheezie Cheese Flavour 135g,Mister Free'd
2685,Rhythm 108 Creamy Coconut with Swiss Dark Chocolate 33g,Rhythm 108
2686,Milka Hazelnut Chocolate Bar 100g,Milka
2687,Teapigs Chamomile Flowers Tea Bags x15,Teapigs
2688,Itsu Sesame Chick'n Udon Noodles 182g,Itsu
2689,McVitie's Digestives Biscuits The Light One 250g,McVitie's
2690,Fridge Raiders Southern Style Chicken Snack Bites 5x 22.5g,Fridge Raiders
2691,Califia Farms Almond Unsweetened Vanilla Drink 750ml,Califia Farms
2692,Kedem Concord Grape Juice 650ml,Kedem
2693,Whitworths Jumbo Flame Raisins 300g,Whitworths
2694,Inferno Horseradish No Added Sugar 165g,Inferno
2695,Bonne Maman Hazelnut Chocolate Spread 250g,Bonne Maman
2696,Angel Delight Banana Flavour 59g,Angel Delight
2697,Nando's Peri-Peri Coat & Cook Medium 120g,Nando's
2698,Kallo Organic Belgian Milk Chocolate Rice Cake Thins 90g,Kallo
2699,Hellmann's Creamy Garlic & Herb Sauce 250ml,Hellmann's
2700,Fox's Biscuits Chocolatey Salted Caramel Rounds 130g,Fox's Biscuits
2701,Deliciously Ella Hazelnut Pecan & Maple Oat Bars 3x50g,Deliciously Ella
2702,Sokolow Garlic Sausage 400g,Sokolow
2703,Extra Cool Breeze Chewing Gum Sugar Free Bottle 60pcs,Extra Cool Breeze
2704,Truvia Sweetener Granulated 0 Calorie from Stevia Leaf 150g,Truvia
2705,Vadasz Garlic & Dill Sauerkraut 400g,Vadasz
2706,Twinings Assam Loose Tea 125g,Twinings
2707,Tony's Chocolonely Fairtrade Milk Chocolate Almond Honey Nougat 180g,Tony's Chocolonely
2708,Graze Salt & Vinegar Crunch 104g,Graze
2709,Betty Crocker Tempting Chocolate Icing 400g,Betty Crocker
2710,Ben's Original Wholegrain Spicy Mexican Microwave Rice 220g,Ben's Original
2711,Kellogg's Rice Krispies Breakfast Cereal 430g,Kellogg's
2712,Swizzels Drumstick Squashies Original Raspberry & Milk Flavour 140g,Swizzels
2713,McDougalls Extra Fine 00 Premium Pasta Plain Flour 1Kg,McDougalls
2714,Oxo Reduced Salt Chicken with Garlic & Thyme Stock Pots x4 80g,Oxo
2715,Grace Mighty Malt Can 330ml (Sugar levy applied),Grace
2716,Kellogg's Krave Milk Chocolate Breakfast Cereal 750g,Kellogg's
2717,Lily O'Brien's Desserts Collection 210g,Lily O'Brien's
2718,Bunlimited 4 Classic Hot Dogs 280g,Bunlimited
2719,The Spice Tailor Thai Green Curry Sauce Kit 275g,The Spice Tailor
2720,Simplee Aloe Natural Aloe Vera Drink 1L,Simplee Aloe
2721,Jamie Oliver Black Peppercorn Grinder 50g,Jamie Oliver
2722,Snack a Jacks Rice Cakes Sweet Chilli 23g,Snack a Jacks
2723,Pukka Herbal Tea Collection x20 34.4g,Pukka
2724,Fudco Whole Almonds 250g,Fudco
2725,Bisto Best Pork Gravy Granules 230g,Bisto
2726,Promise Gluten Free Chia and Quinoa Loaf 480g,Promise
2727,Little's French Vanilla Infused Instant Coffee 50g,Little's
2728,Capsicana Tasty Taco Seasoning Mix 28g,Capsicana
2729,Swizzels Drumstick Squashies Original Raspberry & Milk Flavour Sweets 60g,Swizzels
2730,Graze Peanut Butter Chocolate Protein Flapjack 50g,Graze
2731,Hartley's Raspberry Jelly Pot Multipack 6x125g,Hartley's
2732,Cadbury Plant Vegan Chocolate Bar 90g,Cadbury
2733,Fudco Brown Mustard Seeds 100g,Fudco
2734,Tropical Sun American Style Root Beer 330ml (Sugar levy applied),Tropical Sun
2735,Hartley's 10 Cal Strawberry Jelly Pot Multipack 6x175g,Hartley's
2736,Whitworths Shots 4 Snack Pack Fruity Biscuit 4x25g,Whitworths
2737,Mallow & Marsh Raspberry Marshmallows Coated in 70% Dark Chocolate 100g,Mallow & Marsh
2738,Ambrosia Ready To Eat Golden Syrup Flavour Porridge Pot 210g,Ambrosia
2739,Ambrosia Chocolate Flavour Devon Custard 400g,Ambrosia
2740,"Thorntons Continental Milk, Dark, White Chocolate Gift Box 264g",Thorntons
2741,Opies Sliced Lemons in Lemon Juice 350g (170g*),Opies
2742,Fudco Roasted & Salted Jumbo Pistachios 500g,Fudco
2743,Carte Noire Intense Instant Coffee 100g,Carte Noire
2744,Princes Cured Ham 325g,Princes
2745,Cornish Sea Salt Co Garlic Sea Salt 55g,Cornish Sea Salt Co
2746,Dunn's River Chicken Seasoning 100g,Dunn's River
2747,Galbani Cucina Mozzarella 400g,Galbani
2748,Maryland Cookies Sugar Free Chocolate Chip 200g,Maryland Cookies
2749,Fudco Cinnamon Powder 100g,Fudco
2750,Itsu Tonkotsu Rice Noodles 63g,Itsu
2751,Hartley's 10 Cal Cherry Bakewell Tart Flavour Jelly 175g,Hartley's
2752,Green's Carmelle Mix 70g,Green's
2753,"Kubus Mus Apple, Banana & Strawberry 100g",Kubus Mus
2754,Options Belgian Chocolate Honeycomb Hot Chocolate 220g,Options
2755,Walkers Salt & Vinegar Crisps 45g,Walkers
2756,Maoam Pinballs Chewy Sweets Bag 140g,Maoam
2757,Princes Drained & Ready to Use Tuna Steak with a Little Brine 3x110g,Princes
2758,Old El Paso Mexican Gluten Free Fajita Kit Smoky BBQ 462g,Old El Paso
2759,Clipper Fairtrade Green Tea & Lemon x80 Tea Bags 160g,Clipper
2760,Heinz Baked Beans and Vegan Sausages 415g,Heinz
2761,Walkers Wotsits Really Cheesy Crisp Snacks 36g,Walkers
2762,McVitie's Mini BN Chocolate Flavour Biscuit 175g,McVitie's
2763,Il Casolare Unfiltered Extra Virgin Olive Oil 500ml,Il Casolare
2764,Natco Popping Corn 500g,Natco
2765,Nissin Soba Peking Duck Wok Style Instant Cup Noodles Pot 87g,Nissin
2766,Al'Fez Middle Eastern Natural Tahini 160g,Al'Fez
2767,Breadcrumbs 500g,Unknown
2768,"Twinings Superblends Calm with Spiced Camomile & Vanilla, 20 Tea Bags",Twinings
2769,Cadbury Creamy White Chocolate Bar 180g,Cadbury
2770,Monin Hazelnut Syrup 250ml,Monin
2771,Kellogg's Special K Dark Chocolate Bars 6x21.5g,Kellogg's
2772,Tilda Fragrant Jasmine Rice 500g,Tilda
2773,Baxters Shredded Beetroot Pickled in Sweet Malt Vinegar 340g (207g*),Baxters
2774,Quaker Oat So Simple Protein Golden Syrup Porridge Pot 63g,Quaker
2775,Snack a Jacks Sour Cream & Chive Sharing Rice Cakes 117g,Snack a Jacks
2776,Doves Farm Organic Malthouse Flour 1kg,Doves Farm
2777,Cadbury Picnic Chocolate Bar 48g,Cadbury
2778,Dr. Oetker Extra Strong Red Food Colouring Gel 15g,Dr. Oetker
2779,Value Pack Chapatti 800g,Unknown
2780,Fox's Fabulous Chocolatey Biscuit Selection 245g,Fox's
2781,Extra Peppermint Chewing Gum Sugar Free 10 pieces,Extra
2782,Tilda Pure Basmati Rice 2kg,Tilda
2783,Kit Kat 2 Finger Caramel Multipack Chocolate Biscuit Bars x9,Kit Kat
2784,Twinings the Earl Grey Plant Based Tea Bags x80 200g,Twinings
2785,The Spice Tailor Thai Red Curry Sauce Kit 275g,The Spice Tailor
2786,John West Skippers Brisling in Tomato Sauce 106g,John West
2787,Tarczynski Pork Kabanos 105g,Tarczynski
2788,Rubicon Sparkling Mango Juice Soft Drink 2l,Rubicon
2789,Lee Kum Kee Chiu Chow Chilli Oil 170g,Lee Kum Kee
2790,Virtu Pierogi Dumplings with Cottage Cheese and Potatoes 400g,Virtu
2791,Nando's Marinade Hot 260g,Nando's
2792,Bare Naked Rice 250g,Bare Naked
2793,Baxters Plant Based Sri Lankan Sweet Potato 380g,Baxters
2794,Tariq Halal Chicken Skinless Fillets 700g,Tariq Halal
2795,Sweet Freedom Caramel Syrup 350g,Sweet Freedom
2796,Sharwood's Black Bean & Red Pepper Cooking Sauce 425g,Sharwood's
2797,Belvita Baked Dark Chocolate & Hazelnut Bar Pack x4 160g,Belvita
2798,Kellogg's Crunchy Nut Original Breakfast Cereal 300g,Kellogg's
2799,Sacla Truffle Pesto 90g,Sacla
2800,Genius Gluten Free Pancakes x6,Genius
2801,Sacla Reduced Fat Basil Pesto – ALLERGY UPDATE 190g,Sacla
2802,Heinz Seriously Good Light Mayonnaise 570g,Heinz
2803,Sharwood's Large Plain Naan Breads x2,Sharwood's
2804,Loyd Grossman Flame Baked Pizza Bases x2 220g,Loyd Grossman
2805,Difatti Gluten Free Gnocchi Spinach 250g,Difatti
2806,Cofresh Balti Mix 325g,Cofresh
2807,Alara Organic Crispy Fruit Muesli 550g,Alara
2808,Beanies Irish Cream Flavour Coffee 50g,Beanies
2809,Heinz Sausage & Vegetable Chunky Big Soup 400g,Heinz
2810,Starbucks Blonde Espresso Roast Whole Bean Coffee Bag 200g,Starbucks
2811,Mega Monster Munch Pickled Onion Snacks Crisps 40g,Monster Munch
2812,Cofresh Chakri Sticks 300g,Cofresh
2813,Red's Kansas City BBQ Sauce Mild 320g,Red's
2814,Lazyday Rocky Road Slices x5 150g,Lazyday
2815,Rowse Manuka 250+ MGO Honey 225g,Rowse
2816,Fox's Rocky Chocolate Biscuit Bars 7x19g,Fox's
2817,Mrs Elswood Sweet Pickled Cucumber Spears 670g,Mrs Elswood
2818,KTC Rapeseed Oil 1L,KTC
2819,Yutaka Wasabi Paste 43g,Yutaka
2820,Pink Panther Wafers 154g,Pink Panther
2821,La Espanola Truffle Flavour Olive Oil 250ml,La Espanola
2822,Nescafé Gold Blend Refill 150g,Nescafé
2823,Twinings Everyday Teabags 232g x80,Twinings
2824,Cadbury Eclairs Classic Chocolate Bag 130g,Cadbury
2825,Nakd Cocoa Hazelnut Protein Bars 3x45g,Nakd
2826,"Twinings Superblends Turmeric with Orange & Star Anise, 20 Tea Bags",Twinings
2827,Merchant Gourmet Zingy Korean Style Grains 250g,Merchant Gourmet
2828,McCoy's Thai Sweet Chicken Multipack Crisps 6 Pack,McCoy's
2829,Brunswick Sardines with Hot Peppers 106g,Brunswick
2830,Betty Crocker Red Velvet Chocolate Cake Mix 450g,Betty Crocker
2831,Maltesers Malty Hot Chocolate 350g,Maltesers
2832,Capsicana Latin Flavour Mexican Guacamole Mix 25g,Capsicana
2833,Heinz Chicken and Bacon Chunky Big Soup 400g,Heinz
2834,Tariq Halal Skinless Chicken Drumsticks 1kg,Tariq Halal
2835,Yutaka Sushi Ginger 190g,Yutaka
2836,Bacofoil 2 in 1 Parchment & Foil 300mm x 5m,Bacofoil
2837,Naked Noodle The Big One Egg Noodles Thai Fiery Chicken Panang 104g,Naked Noodle
2838,Fudco Bay Leaves 10g,Fudco
2839,Peter's Yard Seeded Sourdough Flatbreads 135g,Peter's Yard
2840,Napolina Chopped Tomatoes in a Rich Tomato Juice 6x400g,Napolina
2841,Farrington's Mellow Yellow Honey & Mustard Dressing 250ml,Farrington's
2842,Napolina Olive Oil 750ml,Napolina
2843,Whitworths Shots Snack Pack Toffee Pecan 4x25g,Whitworths
2844,Natco Fennel Seeds 100g,Natco
2845,Baxters Super Good Chicken Noodle Soup 400g,Baxters
2846,Bonne Maman Intense Strawberry Conserve 335g,Bonne Maman
2847,Yutaka Sushi Nori Roasted Seaweed Sheets x5 11g,Yutaka
2848,Heinz Spring Vegetable Soup 400g,Heinz
2849,Dunn's River Fine Cornmeal 500g,Dunn's River
2850,Belvita Breakfast Soft Bakes Apricot Filled Pack x5 250g,Belvita
2851,Doves Farm Gluten Free Quick Yeast 125g,Doves Farm
2852,Supermalt Bottles 4x330ml,Supermalt
2853,Oxo Reduced Salt Beef with Onion & Rosemary Stock Pots x4 80g,Oxo
2854,Lowicz Syrup with Raspberry Flavour Drink 400ml,Lowicz
2855,Sweet Freedom Choc Pot Chocolate Spread 250g,Sweet Freedom
2856,John West Herring Fillets in Tomato Sauce 160g,John West
2857,Wright's Madeira Cake Mix 500g,Wright's
2858,Eat Natural Almond & Apricot Fruit & Nut Bar with a Yoghurt Coating 50g,Eat Natural
2859,Bisto Reduced Salt Gravy Granules 300g,Bisto
2860,Dr. Oetker Ready to Roll White Fondant Icing 454g,Dr. Oetker
2861,"Baxters Chef Selections, Cullen Skink Soup 400g",Baxters
2862,Mlekpol Krolewski Z Kolna Cheese Slices 150g,Mlekpol
2863,Nakd Banoffee Pie Raw Fruit & Nut Bar 35g,Nakd
2864,Tassimo Costa Caramel Latte Coffee Pods x6,Tassimo
2865,KP Salted Peanuts Multipack x5,KP
2866,Nando's Vegan Perinaise Mild Peri-Peri Mayo 265g,Nando's
2867,Loyd Grossman No Added Sugar White Lasagne Pasta Sauce 440g,Loyd Grossman
2868,Propercorn Microwavable Sweet Popcorn 3x70g,Propercorn
2869,Whitworths Bake with Crystallised Fiery Ginger 175g,Whitworths
2870,Squid Brand Fish Sauce 725ml,Squid Brand
2871,Betty Crocker Rich Cream Cheese Style Icing 400g,Betty Crocker
2872,Taylors of Harrogate Lazy Sunday Ground Roast Coffee 200g,Taylors of Harrogate
2873,Homepride American Sticky Texan BBQ Cooking Sauce 200g,Homepride
2874,Grzeski Classic Bar 36g,Grzeski
2875,Mr Freeze Sugar Free Freeze Pops 20x45ml,Mr Freeze
2876,Terry's Chocolate Mint 145g,Terry's
2877,M&M's Salted Caramel Chocolate Pouch Bag 102g,M&M's
2878,Taste Inc. 100% Chargrilled Chicken Fillet Original 5x35g 175g,Taste Inc.
2879,Walker's Nonsuch Treacle Toffees 150g,Walker's Nonsuch
2880,Jordans Deluxe Granola Dark Chocolate & Strawberries 500g,Jordans
2881,Violife Creamy Original Flavour Vegan Alternative To Cheese 200g,Violife
2882,Quaker Oat So Simple Classic Banana Porridge Sachets 10x34.8g,Quaker
2883,Al'Fez Moroccan Middle Eastern Meatball Sauce 450g,Al'Fez
2884,Tiger Zero No Sugar Energy Drink 250ml,Tiger Zero
2885,"Twinings Superblends Defence with Citrus, Ginger & Green Tea, 20 Tea Bags",Twinings
2886,Carte Noire Classique Instant Coffee 180g,Carte Noire
2887,Lancashire Farm Greek Yogurt 1kg,Lancashire Farm
2888,Heinz Tomato Sauce for Bolognese 350g,Heinz
2889,Maggi So Juicy Sweet & Sticky BBQ Chicken Herbs & Spices Recipe Mix,Maggi
2890,KTC Thai Sweet Chilli Sauce 700ml,KTC
2891,"Twinings Superblends Digest with Spearmint, Apple & Rooibos, 20 Tea Bags",Twinings
2892,Graze Protein Oat Boosts Honey Cereal Bars 4x30g,Graze
2893,Laila Brown Basmati Rice 2kg,Laila
2894,"Fudco Walnut Halves, Extra Light 175g",Fudco
2895,FUEL10K Protein Boosted Granola Super Berry 400g,FUEL10K
2896,Deliciously Ella Original Granola 400g,Deliciously Ella
2897,Cadbury Flake Chocolate Bar 32g,Cadbury
2898,"Twinings Jasmine Green Tea, 80 Tea Bags",Twinings
2899,Sauce Shop Tomato Ketchup 260g,Sauce Shop
2900,Profi Poultry Pate 131g,Profi
2901,Peter's Yard Sea Salt Sourdough Flatbreads 115g,Peter's Yard
2902,Jacob's Cheeselets Cheese Snacks 125g,Jacob's
2903,Celebrations Milk Chocolate Selection Box of Mini Chocolate & Biscuit Bars 300g,Celebrations
2904,Rubicon Passion Fruit Juice Drink 1L,Rubicon
2905,Gia Chilli Puree 80g,Gia
2906,Graze Vegan Sticky Toffee Oat Boosts Snack Bars 4x30g,Graze
2907,FULFIL Chocolate Salted Caramel Flavour Vitamin & Protein Bar 3x40g,FULFIL
2908,Naturya Organic Cocoa Nibs 125g,Naturya
2909,Whitworths Blocked Stoned Dates 350g,Whitworths
2910,Ye Olde Oak Gammon Ham 340g,Ye Olde Oak
2911,Walkers Wotsits Giants Prawn Cocktail Crisps Snacks 105g,Walkers
2912,Starbucks Colombia Single-Origin Medium Ground 100% Arabica Coffee Bag 200g,Starbucks
2913,John West No Drain Fridge Pot Tuna Steak with a Little Brine 110g,John West
2914,Batchelors Cup a Soup Golden Vegetable Sachets x4 82g,Batchelors
2915,Jacob's Crinklys Cheese & Onion Flavour 6x138g,Jacob's
2916,Maldon Smoked Sea Salt 125g,Maldon
2917,Grace Cock Soup 50g,Grace
2918,Blue Dragon Thai Red Curry Paste 170g,Blue Dragon
2919,Belazu Sun-Dried Tomato Pesto 165g,Belazu
2920,John West Sild in Sunflower Oil 110g (75g*),John West
2921,illy Instant Coffee 95g,illy
2922,Bangthai Sriracha Chilli Sauce 480g,Bangthai
2923,Forest Feast Slow Roasted Sea Salt & Black Peppercorn Nut Mix 120g,Forest Feast
2924,Yayu Forest Ethiopia Wild Coffee Wholebean 200g,Yayu Forest
2925,Oxo Original Beef Stock Pots x4 80g,Oxo
2926,Malted Milk Twists,Unknown
2927,KA Sparkling Black Grape Juice Soft Drink 330ml,KA
2928,Kinder Bueno Milk Chocolate & Hazelnuts Single Bar 2x21.5g,Kinder
2929,LU Le Petit Citron Lemon Flavoured Soft Bakes Biscuits 140g,LU
2930,Ginsters Gluten Free Cornish Pasty 200g,Ginsters
2931,Heinz Saucy Sauce Mayonnaise Ketchup Sauce 425g,Heinz
2932,John West Smoked Oysters in Sunflower Oil 85g (65g*),John West
2933,Eazypop Microwave Popcorn Sweet 100g,Eazypop
2934,Toblerone White Chocolate Bar 360g,Toblerone
2935,Magnum Mini Vegan Classic & Almond Ice Cream Sticks x6 55 ml,Magnum
2936,Odysea Organic Greek Extra Virgin Olive Oil 500ml,Odysea
2937,John West Smoked Mussels in Vegetable Oil 85g (65g*),John West
2938,Muszynianka Green Still Water 1.5L,Muszynianka
2939,Mr Kipling Golden Syrup Sponge Puddings 2x95g,Mr Kipling
2940,Dunn's River Jerk Seasoning 100g,Dunn's River
2941,Jamie Oliver Sumptuous Squash Orzotto 250g,Jamie Oliver
2942,Kellogg’s Choco Wheats Cereal 480g,Kellogg’s
2943,Billington's Molasses Sugar 500g,Billington's
2944,Hellmann's Fat Free Vinaigrette 250ml,Hellmann's
2945,Dunn's River Creamed Coconut 200g,Dunn's River
2946,Montezuma's Orange & Cocoa Nibs Dark Chocolate 90g,Montezuma's
2947,Patak's Tandoori Spice Marinade 312g,Patak's
2948,Buttermilk Vegan Caramel Nougat 50g,Buttermilk
2949,Schär Gluten-Free Rich Tea Biscuits 3x42g,Schär
2950,Grenade Carb Killa Chocolate Chip Salted Caramel Bar 60g,
2951,Menier Swiss White Cooking Chocolate 100g,
2952,Aero Peppermint Milk Chocolate Bar 36g,
2953,Food Heaven Heavenly Whipped 200ml,
2954,Mars Caramel Nougat & Milk Chocolate Funsize Snack Bars Multipack 16x18g,
2955,Pot Noodle Katsu Curry Instant Snack 100g,
2956,Frank Cooper's Original Oxford Marmalade 454g,
2957,Cofresh Hot Bombay Mix 325g,
2958,Twix Caramel & Milk Chocolate Fingers Biscuit Snack Bar 50g,
2959,"Starbucks by Nescafé Dolce Gusto Espresso Dark Roast Coffee x12 Pods, 12 Drinks",
2960,Jude's Chocolate Sauce 300g,
2961,Dr. Oetker Liquid Glucose 140g,
2962,Fox's Rocky Caramel Biscuit Bars 7x19.5g,
2963,"Twinings Peach & Orange Fruit Tea, 20 Tea Bags",
2964,Colman's Recipe Mix Sausage Casserole 39g,
2965,ManiLife Original Roast Smooth Peanut Butter 275g,
2966,Taylors of Harrogate Rich Italian Ground Roast Coffee 200g,
2967,Dino's Famous Crispy Fried Onions 150g,
2968,Kind Maple Pecan Almond Cereal Bars Multipack 3x30g,
2969,East End Pure Butter Ghee for Cooking 500g,
2970,Batchelors Cup a Soup Chicken Sachets x4 81g,
2971,Nairn's Gluten Free Oaties Choc Chip 160g,
2972,KTC Sunflower Oil 1L,
2973,Ambrosia Light Devon Custard 500g,
2974,KitKat 4 Finger Milk Chocolate Bar 41.5g,
2975,Carousel Ice Cream Cones x21,
2976,Ortiz Bonito Tuna In Olive Oil 158g,
2977,Little's Rich Hazelnut Flavour Infused Instant Coffee 50g,
2978,Cadbury Dairy Milk Buttons Multipack x5,
2979,Kellogg's Coco Pops Chocolate Breakfast Cereal 420g,
2980,Tic Tac Fruit Adventure 49g,
2981,Wright's Toffee Cake Mix 500g,
2982,Loyd Grossman Bolognese Pasta Sauce with Smoked Garlic 660g,
2983,"Twinings Superblends Detox with Lemon, Ginger & Fennel, 20 Tea Bags",
2984,Yum & Yay Splendid Milled Mixed Seeds 200g,
2985,Aero Melts Milk Chocolate Sharing Bag 92g,
2986,KTC Rosecoco Beans 400g,
2987,Border Biscuits Butterscotch 150g,
2988,Rubicon Still Mango Fruit Juice Drink 4x1L,
2989,John West On the Go Honey & Ginger Super Tuna Salad 220g,
2990,Grant's Irish Stew 392g,
2991,Pukka Organic Relax Herbal Tea Sachets x20 40g,
2992,Tassimo L'OR Caramel Latte Macchiato Coffee Pods x7,
2993,Hellmann's Real Thousand Island Salad Dressing & Dip 250ml,
2994,Tilda Microwave Caribbean Basmati Rice and Peas 250g,
2995,Crazy Jack Organic Pine Nuts 100g,
2996,Good Earth Turmeric Lemon Tea Bags x15,
2997,Trek Millionaire Shortbread Power Protein Bar 55g,
2998,Princes Tuna In Sunflower Oil 145g,
2999,Kellogg's Plain Wheats Cereal 500g,
3000,Curiously Cinnamon Churros 360g,Unknown
3001,Skittles Vegan Chewy Sweets Fruit Flavoured Pouch Bag 136g,Skittles
3002,Plant Pioneers Vegan Mayo 250ml,Plant Pioneers
3003,Sauce Shop Sriracha 255g,Sauce Shop
3004,Cadbury Delights Salted Caramel Chocolate Nougat Bar Pack x5 110g,Cadbury
3005,Cofresh Salted Roasted Corn Nuts 175g,Cofresh
3006,Lee Kum Kee Pure Sesame Oil 207ml,Lee Kum Kee
3007,John West Tuna Chunks in Sunflower Oil 4x145g,John West
3008,Nescafé Gold Double Choc Mocha Sachets 12x20.9g,Nescafé
3009,Rubicon Deluxe Mango Fruit Juice Drink 1L,Rubicon
3010,Cofresh Gujarati Mix 325g,Cofresh
3011,Wedel Aha Sesame Classic 27g,Wedel
3012,Raw Bean Definitely Decaffeinated Ground Coffee 227g,Raw Bean
3013,"Sweet Freedom Fruit Syrup, Original 350g",Sweet Freedom
3014,McVitie's BN Chocolate Flavour Biscuits 285g,McVitie's
3015,Graze Salt & Vinegar Crunch 28g,Graze
3016,Potts' Chicken Stock 500ml,Potts'
3017,Capsicana Mexican Chilli & Honey Cooking Paste 60g,Capsicana
3018,Aero Bubbles Peppermint Mint Chocolate Sharing Bag 181g,Aero
3019,Princes Tuna Chunks In Brine 145g,Princes
3020,Dunn's River Jamaican Jerk Seasoning 300g,Dunn's River
3021,Linwoods Organic Cold Milled Flaxseed 200g,Linwoods
3022,Sharwood's Tomato Szechuan Stir Fry Sauce 195g,Sharwood's
3023,Naturya Fairtrade Organic Cacao Powder 250g,Naturya
3024,"Starbucks by Nescafé Dolce Gusto Caramel Macchiato Coffee x6 Pods, 6 Drinks",Starbucks
3025,Kabuto Noodles Chilli Chicken Flavour Ramen 65g,Kabuto
3026,Kellogg's Crunchy Nut Honey & Nut Clusters Breakfast Cereal 400g,Kellogg's
3027,Risana Buckwheat Groats 400g,Risana
3028,Fray Bentos Chicken Meatballs in Barbecue Sauce 380g,Fray Bentos
3029,McVitie's Penguin Mint Chocolate Biscuit Bar x7,McVitie's
3030,Kallo Organic Mushroom Stock Cubes x6 66g,Kallo
3031,Loyd Grossman No Added Sugar Red Tomato Lasagne Pasta Sauce 450g,Loyd Grossman
3032,"Nescafé Dolce Gusto Cafe au Lait Intenso Coffee x16 Pods, 16 Drinks",Nescafé
3033,Morliny Berlinki Chicken Hot Dogs 250g,Morliny
3034,Squeaky Bean Potato&onion Tortilla 250g,Squeaky Bean
3035,Tymbark Apple & Cherry Drink 250ml,Tymbark
3036,Lindt Creation Dessert Ballotin Assorted Chocolate Box 173g,Lindt
3037,Deliciously Ella Salted Chocolate Dipped Almonds with Moreish Cocoa Dusting 30g,Deliciously Ella
3038,M&M's Brownie Bites Milk Chocolate Pouch Bag 102g,M&M's
3039,Ambrosia Ready To Eat Porridge Pot with Raspberry Layer 210g,Ambrosia
3040,Oatly Creamy Oat Spread Plain 150g,Oatly
3041,The Coconut Collaborative Vanilla Rice Pudding 2x125g,The Coconut Collaborative
3042,Colman's Parsley Sauce Mix 20g,Colman's
3043,Crazy Jack Organic Soft Apricots 5 x 40g,Crazy Jack
3044,Skips Prawn Cocktail Grab Bag Crisps 35g,Skips
3045,Elephant Atta Medium Chapatti Flour 10kg,Elephant
3046,Marshmallow Fluff 213g,Marshmallow Fluff
3047,JFC Japanese Style Panko Breadcrumbs 350g,JFC
3048,Nurishment The Original Strawberry Flavoured Milk 400g,Nurishment
3049,Al'Fez Middle Eastern Harissa Paste 180g,Al'Fez
3050,Naked Big Eat Singapore Style Curry Egg Noodles 104g,Naked
3051,Manomasa Chipotle & Lime 140g,Manomasa
3052,Colman's Recipe Mix Spaghetti Bolognese 44g,Colman's
3053,Good Earth Moroccan Mint Tea Bags x15,Good Earth
3054,Santa Maria Extra Fine Selection of Spices Rock Salt,Santa Maria
3055,Nando's Garlic Peri-Peri Rub Medium 25g,Nando's
3056,Border Old Fashioned Ginger Crunch 150g,Border
3057,Lindt Classic Recipe Hazelnut Milk Chocolate Bar 125g,Lindt
3058,Clearspring Organic Instant Gluten Free Cous Cous 200g,Clearspring
3059,Dole Fruit Salad Cherry In Juice Fruit Snacks 4x113g,Dole
3060,Colman's Recipe Mix Beef Casserole 40g,Colman's
3061,Dr. Oetker Extra Strong Green Food Colouring Gel 15g,Dr. Oetker
3062,Blue Dragon Satay Stir Fry Sauce 120g,Blue Dragon
3063,Cake Angels Carnival Sugar Sprinkles 114g,Cake Angels
3064,The Spice Tailor Delhi Biryani Indian Meal Kit 360g,The Spice Tailor
3065,Ferrero Collection Gift Box of Chocolates x24 269g,Ferrero
3066,Yum & Yay Nutty Milled Mixed Seeds & Nuts 180g,Yum & Yay
3067,Clipper Fairtrade Everyday Tea Bags x80 23g,Clipper
3068,Oxo 12 Vegan Beef Flavoured Stock Cubes 71g,Oxo
3069,NOMO Creamy Choc Lollies 3x12g,NOMO
3070,Gran Luchito Mexico Super Smoky Chipotle Salsa 300g,Gran Luchito
3071,Betty Crocker Zesty Lemon Cake Mix 425g,Betty Crocker
3072,Nando's Peri-Peri Hot Sauce 500g,Nando's
3073,Galaxy Hot Chocolate 500g,Galaxy
3074,Carr's Ciabatta Original 140g,Carr's
3075,John West Wild Pacific Red Salmon 213g,John West
3076,Nature's Finest Mandarin in Juice 4x113g,Nature's Finest
3077,Sun-Pat Crunchy Peanut Butter 570g,Sun-Pat
3078,itsu New Peking Duck Prawn Crackers Sharing Bag 60g,itsu
3079,Pot Noodle Piri-Piri Chicken 90g,Pot Noodle
3080,Walkers Salted Caramel Toffees Bag 150g,Walkers
3081,Tracker Oats & Grains Salted Caramel Fudge Bars 5x24g,Tracker
3082,Canderel Stevia Blend Low Calorie Sweetener Tablets x100,Canderel
3083,itsu New Sweet Chilli Prawn Crackers Sharing Bag 60g,itsu
3084,John West Skippers Brisling in Sunflower Oil 106g (75g*),John West
3085,Howdah Tandoor Chilli Ancient Grain Chips 130g,Howdah
3086,Lee Kum Kee Honey & Soy Stir Fry Sauce 70g,Lee Kum Kee
3087,Fray Bentos Meaty Puds Just Steak 200g,Fray Bentos
3088,Teapigs Everyday Brew Tea Temples 15x3.3g,Teapigs
3089,Belvita Breakfast Soft Bakes Blueberry Pack x5 250g,Belvita
3090,Raffaello Coconut and Almond Pralines Gift Box 230g,Raffaello
3091,Whitworths Shots 4 Snack Pack Raisin & Chocolate 4x25g,Whitworths
3092,Belazu Tagine Paste 170g,Belazu
3093,Cadbury Caramel Chocolate Bar 45g,Cadbury
3094,FULFIL Chocolate Peanut & Caramel Flavour Vitamin & Protein Bar 3x40g,FULFIL
3095,Nando's Peri Peri Sauce XX Hot 125g,Nando's
3096,Pukka Organic Wild Apple & Cinnamon Fruit Tea Bags x20 40g,Pukka
3097,Walker's Oat Shortbread x9 171g,Walker's
3098,Wasabi Hot K-wings with Hot Sauce 230g,Wasabi
3099,Linwoods Milled Chia Seed 200g,Linwoods
3100,Ben's Original Mixed Pepper Microwave Rice 220g,Ben's Original
3101,FULFIL Chocolate Salted Caramel Vitamin & Protein Bar Snack 40g,FULFIL
3102,Bisto Chicken Gravy Granules 300g,Bisto
3103,Extra Spearmint Sugarfree Chewing Gum 10 Pieces,Extra
3104,Mieszko Cherrissimo 104g,Mieszko
3105,The Spice Tailor Punjabi Chickpea Masala Indian Curry Meal Kit 400g,The Spice Tailor
3106,Kellogg's Crunchy Nut Red Berries Granola 380g,Kellogg's
3107,Sainsburys Salted Caramel Fudge 125g,Sainsburys
3108,Rowse Manuka 500+ MGO Honey 225g,Rowse
3109,Teapigs Lemon & Ginger Tea Bags x15,Teapigs
3110,Howdah Onion Bhaji Crunchy Crescents with Zingy Spices 150g,Howdah
3111,Ambrosia Devon Custard Light Carton 1kg,Ambrosia
3112,Homepride American Texan Chilli Smoky BBQ Cooking Sauce 500g,Homepride
3113,Hilltop Everyday Blossom Honey 720g,Hilltop
3114,Prymat Mustard Sarepska 180g,Prymat
3115,Batchelors Big Super Noodles Pot Curry Flavour 100g,Batchelors
3116,Nando's Coat 'n Cook Hot 120g,Nando's
3117,Paw Patrol Cupcake Kit 183g,Paw Patrol
3118,Cadbury Dairy Milk Mega Buttons Chocolate Large Sharing Bag 192g,Cadbury
3119,Dr. Oetker Extra Strong Blue Food Colouring Gel 15g,Dr. Oetker
3120,Nairn's Gluten Free Flatbreads Caramelised Onion 150g,Nairn's
3121,Monty Bojangles Truffle Selection 135g,Monty Bojangles
3122,FUEL10K Protein Boosted Peanut Crunch Granola 400g,FUEL10K
3123,Al'Fez Lebanese Middle Eastern Falafel Kit 150g,Al'Fez
3124,McVitie's Gold Caramel Flavour Biscuit Bars x7,McVitie's
3125,"Starbucks by Nescafé Dolce Gusto Latte Macchiato Coffee x12 Pods, 6 Drinks",Starbucks
3126,Napolina Light in Colour Olive Oil 750ml,Napolina
3127,Fudco Himalayan Pink Salt 500g,Fudco
3128,Bacofoil Non Stick Baking Paper 10mx38cm,Bacofoil
3129,Osem Bamba Peanut Snack 100g,Osem
3130,Bakery Delights Crispbakes 125g,Bakery Delights
3131,Batchelors Big Super Noodles Pot BBQ Beef Flavour 100g,Batchelors
3132,Popchips Barbeque Potato Chip Crisps 23g,Popchips
3133,Prymat Chicken Seasoning 30g,Prymat
3134,Betty Crocker Tempting Chocolate Cake Mix 425g,Betty Crocker
3135,Sauce Shop Original BBQ Sauce 275g,Sauce Shop
3136,Walkers Less Salt Mild Cheese & Onion Multipack Crisps 6x25g,Walkers
3137,Kellogg's Special K Crunchy Oat Granola Mixed Berries 350g,Kellogg's
3138,The Chia Co Chia Seed Shaker 230g,The Chia Co
3139,Kucharek Rosol Z Kury Chicken Stock Cubes x12 120g,Kucharek
3140,The Groovy Food Company Organic Coconut Flour 500g,The Groovy Food Company
3141,Odysea Balsamic Vinegar Of Modena 250ml,Odysea
3142,Nielsen-Massey Pure Almond Extract 60ml,Nielsen-Massey
3143,Kinder Happy Hippo Chocolate Cream Biscuits Multipack 5x20.7g,Kinder
3144,Mutti Peeled Tomatoes 400g,Mutti
3145,Schär Wholesome Vitality Loaf 350g,Schär
3146,Sharwood's Fine Egg Noodles 226g,Sharwood's
3147,Extra White Bubblemint Chewing Gum Sugar Free 10 Pieces 14g,Extra
3148,Mr Kipling Raspberry Sponge Puddings 2x95g,Mr Kipling
3149,Sokolow Best Silesia Sausage 340g,Sokolow
3150,Heinz Baked Beans in a Rich Tomato Sauce 6x200g,Heinz
3151,Ben's Original Tomato & Basil Microwave Rice 220g,Ben's Original
3152,Fibre One 90 Calorie Chocolate Flavour Doughnuts 4x23g,Fibre One
3153,Mrs Elswood Burger Gherkins Pickled 670g,Mrs Elswood
3154,Tic Tac Fresh Strong Mint 16.4g,Tic Tac
3155,Henna Very Low Fat Yogurt 1kg,Henna
3156,Dr. Karg's Pumpkin Seeds Protein Thins 150g,Dr. Karg's
3157,Extra Cool Breeze Sugarfree Chewing Gum 10 Pieces,Extra Cool Breeze
3158,Nature's Finest Peach in Juice 4x120g,Nature's Finest
3159,Fruittella Juicy Chews 170g,Fruittella
3160,Homepride Slow Cooker Beef & Ale Concentrated Sauce 170g,Homepride
3161,Knorr Beef Stock Cubes 20x10g,Knorr
3162,Odysea Baked Gigantes Beans in Tomato Sauce & Olive Oil 310g,Odysea
3163,Nando's Peri-Peri Bag & Bake Hot 20g,Nando's
3164,Monty Bojangles Choccy Scoffy 135g,Monty Bojangles
3165,Galaxy Smooth Milk Chocolate Snack Bar Vegetarian 42g,Galaxy
3166,Merchant Gourmet Moreish Mediterranean Style Grains With Tomato & Olive 250g,Merchant Gourmet
3167,Starbucks Premium Instant White Mocha Sachets 5x24g,Starbucks
3168,Wilkin & Sons Ltd Tiptree Double One Orange & Tangerine Fine Cut Marmalade 340g,Wilkin & Sons Ltd Tiptree
3169,Go Ahead FibreJacks Raspberry Multipack Snack Bars 118.9g,Go Ahead
3170,Fanta Orange Zero 24x330ml,Fanta
3171,Sharwood's Garlic & Coriander Naan Breads x2,Sharwood's
3172,Ferrero Rocher White Chocolate & Hazelnut Bar 90g,Ferrero Rocher
3173,Gran Luchito Mexico Zingy & Tangy Tomatillo Salsa 300g,Gran Luchito
3174,Idahoan Perfect Mash Bubble & Squeak Snack Pot 55g,Idahoan
3175,Honey Monster Wheat Puffs 520g,Honey Monster
3176,Ortiz El Velero White Tuna in Olive Oil 112g,Ortiz El Velero
3177,Mutti Baby Roma Tomatoes 400g,Mutti
3178,Mieszko Marcepan 230g,Mieszko
3179,Pizza Express Garlic & Herb Dipping Sauce 255g,Pizza Express
3180,Fudco Deluxe Assorted Nuts 250g,Fudco
3181,Sacla Vegan Chili Pesto – ALLERGY UPDATE 190g,Sacla
3182,Jacob's Mini Cheddars Original Crisps 45g,Jacob's
3183,LEON Korean Style Mayo 240ml,LEON
3184,Sun-Pat Smooth Peanut Butter 570g,Sun-Pat
3185,Blue Dragon Thai Green Curry Meal Kit 253g,Blue Dragon
3186,Fudco Crispy Fried Onions 200g,Fudco
3187,Heinz Tomato & Chilli Pasta Sauce 350g,Heinz
3188,Kellogg's Rice Krispies Limited Edition Squares Chocolatey Orange Flavour Bars 4x36g,Kellogg's
3189,Bio & Me Apple & Cinnamon Gut Loving Granola 360g,Bio & Me
3190,Walker's Shortbread Highlanders x8 160g,Walker's Shortbread
3191,Lavazza Prontissimo! Americano Premium Instant Coffee 95g,Lavazza
3192,itsu Chick-n Ramen Rice Noodles 64g,itsu
3193,Deliciously Ella Nutty Granola 380g,Deliciously Ella
3194,Ko-lee Cup Hot & Spicy 65g,Ko-lee
3195,Allinson's Very Strong Wholemeal Bread Flour 1kg,Allinson's
3196,Fudco Pistachio Kernels 200g,Fudco
3197,Union Hand-Roasted Timana Colombia Ground Coffee 200g,Union
3198,Doves Farm Organic Self Raising Wholemeal Flour 1kg,Doves Farm
3199,Homepride Mac & Cheese 350g,Homepride
3200,L'Oasis de Djerba Halal Turkey Salami 80g,L'Oasis de Djerba
3201,Laciate 2.0% Uht Milk 1L,Laciate
3202,MOMA Golden Syrup Gluten Free Jumbo Oat Porridge Pot 70g,MOMA
3203,Haribo Twin Snakes Sweets Sharing Bag 175g,Haribo
3204,Tony's Chocolonely Fairtrade Milk Chocolate Hazelnut 180g,Tony's Chocolonely
3205,Bisto Gravy Granules 450g,Bisto
3206,Filippo Berio Organic Extra Virgin Olive Oil 500ml,Filippo Berio
3207,Oshee Magnesium Vitamin Energy Drnk250ml (Sugar levy applied),Oshee
3208,Jacob's Krackawheat 230g,Jacob's
3209,Go Free Gluten Free Corn Flakes 375g,Go Free
3210,Hellmann's Real Honey & Mustard Salad Dressing & Dip 250ml,Hellmann's
3211,Bart Smoked Garlic Granules 50g,Bart
3212,Airwaves Cherry Menthol Flavour Sugarfree Chewing Gum 10 Pieces,Airwaves
3213,Rakusen's Baked Beans in Tomato Sauce 400g,Rakusen's
3214,"Good Earth Hibiscus, Rose & Sweet Berries Tea Bags x15 39g",Good Earth
3215,KTC Rose Water 190ml,KTC
3216,Dr. Oetker Ready to Roll Natural Marzipan 454g,Dr. Oetker
3217,Pizza Express Vegan House Light Dressing 235ml,Pizza Express
3218,Betty Crocker Chocolate Chunk Muffin Mix Kit 335g,Betty Crocker
3219,Lee Kum Kee Kung Pao Chicken Stir Fry Sauce 60g,Lee Kum Kee
3220,Sokolow Grandma's Ham 140g,Sokolow
3221,Ko-Lee Go Noodles Roast Chicken Flavour 65g,Ko-Lee
3222,Mutti Cherry Tomatoes 400g,Mutti
3223,Hartley's Blackcurrant Jelly Pot Multipack 6x125g,Hartley's
3224,Shreddies The Honey One 460g,Shreddies
3225,"Twinings Coconut & Mango Green Tea, 20 Tea Bags",Twinings
3226,Dr. Oetker Extra Strong Orange Food Colouring Gel 15g,Dr. Oetker
3227,Kinder Bueno White Milk & Hazelnuts 39g,Kinder
3228,Aleyna Pickled Chilli Peppers 440g (170g*),Aleyna
3229,Maggi So Juicy Aromatic & Zesty Garlic Chicken Herbs & Spices Recipe Mix,Maggi
3230,Starbucks Pike Place Medium Roast Whole Bean Coffee Bag 200g,Starbucks
3231,Yeo Valley Organic Double Free-Range Cream 220ml,Yeo Valley
3232,Doritos Chilli Heatwave Tortilla Chip Crisps 48g,Doritos
3233,Ambrosia Deluxe Custard 750g,Ambrosia
3234,John West Tuna Chunks in Brine 4x145g,John West
3235,Colman's Recipe Mix Shepherd's Pie 50g,Colman's
3236,Walkers Baked Cheese & Onion Crisps Snacks 37.5g,Walkers
3237,Bonne Maman Intense Apricot Conserve 335g,Bonne Maman
3238,Tilda Pure Basmati Rice 10kg,Tilda
3239,Go Ahead Fibrejacks Apple & Strawberry Snack Bars Multipack 4x29.7g,Go Ahead
3240,Pot Noodle Thai Green Curry Instant Snack 117g,Pot Noodle
3241,Schär Gluten Free Pizza Base with Sourdough 2x150g,Schär
3242,Azeem Halal Hot & Spicy Chicken Wings 500g,Azeem
3243,Heinz Steak and Onion Chunky Big Soup 400g,Heinz
3244,Weetabix Crispy Minis Fruit & Nut 500g,Weetabix
3245,Colman's Tuna Pasta Bake Recipe Mix 44g,Colman's
3246,YO! Katsu Curry Sauce 100g,YO!
3247,Itsu Sweet Soy Udon Noodles 180g,Itsu
3248,Pip & Nut Crunchy Almond Butter 170g,Pip & Nut
3249,Trek Peanut Butter Crunch Power Protein Bar 55g,Trek
3250,Tilda Boil in Bag Pure Basmati Rice 250g,Tilda
3251,Cheerios Multigrain 800g,Cheerios
3252,Idahoan Perfect Mash Bacon & Cheese Snack Pot 55g,Idahoan
3253,Genius DGF Multi Seeded Farmhouse 430g,Genius
3254,Go Free Gluten Free Honey Nut Flakes 350g,Go Free
3255,Loyd Grossman No Added Sugar Pizza Sauce 350g,Loyd Grossman
3256,Cadbury Caramilk Golden Caramel Chocolate Buttons Bag 105g,Cadbury
3257,Tilda Microwave Rice Katsu Curry 250g,Tilda
3258,Dr. Oetker Giant Chocolate Stars 12g,Dr. Oetker
3259,Fuel10K Chocolate Flavour Breakfast Milk Drink 330ml,Fuel10K
3260,The Spice Tailor Tandoori Marinade Spicy Sauce Kit 170g,The Spice Tailor
3261,Cadbury Caramilk Golden Caramel Chocolate Bar Pack x4 112g,Cadbury
3262,Haribo Sour Sparks Sweets Sharing Bag 175g,Haribo
3263,Oshee Vitamin Muesli Bar Plum & Cranberry 40g,Oshee
3264,Graze Protein Chilli & Lime Vegan Mixed Nuts Snack 100g,Graze
3265,Kohinoor Butter Chicken Sauces 375g,Kohinoor
3266,Twinings Superblends Immune Support Blackcurrant & Raspberry Tea Bags x20 40g,Twinings
3267,Lee Kum Kee Premium Oyster Sauce 255g,Lee Kum Kee
3268,Cadbury Chocolate Flavour Icing 400g,Cadbury
3269,Mallow & Marsh Vanilla Marshmallows Coated in Milk Chocolate 100g,Mallow & Marsh
3270,Pot Pasta Bolognese Instant Hot Snack 73g,Unknown
3271,The Coconut Collaborative Chocolate Melt in the Middle Puddings 2x90g,The Coconut Collaborative
3272,Walker's Gluten Free Shortbread Rounds x9 140g,Walker's
3273,Lindt Master Chocolatier Collection 320g,Lindt
3274,Options Vegan Belgian Hot Chocolate 200g,Options
3275,Sour Patch Kids Watermelon Sweets Bag 130g,Sour Patch Kids
3276,Walkers Prawn Cocktail Crisps 45g,Walkers
3277,Odysea Greek Kalamata PDO Extra Virgin Olive Oil 750ml,Odysea
3278,Starbucks Dolce Gusto Caffe Latte Coffee Pods x12,Starbucks
3279,John West On the Go Harissa Spiced Super Tuna Salad 220g,John West
3280,Union Hand-Roasted Revelation Espresso Wholebean Coffee 200g,Union
3281,Nissin Soba Classic Instant Wok Style Noodles Big Pot 113g,Nissin
3282,Bisto Best Reduced Salt Beef Gravy Granules 230g,Bisto
3283,Tyrrells Furrows Sea Salted Sharing Crisps 150g,Tyrrells
3284,"Batchelors Big Pasta 'n' Sauce, Cheese & Broccoli 85g",Batchelors
3285,Harley's Black Cherry Jam 300g,Harley's
3286,Mrs Elswood Whole Sweet Cucumber 670g,Mrs Elswood
3287,Sacla' Vegan Cheese Sauce 350g,Sacla'
3288,Rhythm108 Swiss Made M'lk & Hazelnut Truffle 100g,Rhythm108
3289,Cadbury Dairy Milk Buttons Twisted Chocolate Bag 105g,Cadbury
3290,Princes Plant Based Lentil & Mushroom Bolognese 392g,Princes
3291,Certo Apple Pectin Extract 250ml,Certo
3292,Starbucks Premium Instant Cinnamon Dolce Latte Sachets 5x23.5g,Starbucks
3293,Princes Plant Based Vegetable Green Thai Curry 392g,Princes
3294,Vitasoy Soybean Drink 250ml (Sugar levy applied),Vitasoy
3295,Sauce Shop Buffalo Hot Sauce 160ml,Sauce Shop
3296,Marigold Health Foods Engevita B12 Nutritional Yeast Flakes 100g,Marigold Health Foods
3297,Natco Semolina Coarse 1.5kg,Natco
3298,Trophy Indian Basmati Rice 5kg,Trophy
3299,Elizabeth Shaw Milk Chocolate & Salted Caramel Biscuits,Elizabeth Shaw
3300,Grant's Premium Stewed Steak 392g,Grant's
3301,Goldenfry Original Beef Gravy Granules 300g,Goldenfry
3302,Creative Nature Whole Grain Banana Bread Mix 250g,Creative Nature
3303,Oshee Vitamin Muesli Bar Hazlenut & Raisin 40g,Oshee
3304,Tony's Chocolonely Milk Chocolate Caramel Sea Salt 47g,Tony's Chocolonely
3305,Hellmann's Garlic Vegan Mayonnaise 270g,Hellmann's
3306,LEON LOVe Burger Sauce 240ml,LEON
3307,Twinings English Breakfast Plant Based Tea Bags x120 300g,Twinings
3308,"Grace Plantain Chips, No Salt 85g",Grace
3309,Galaxy Ripple Milk Chocolate Snack Bar 33g,Galaxy
3310,Bold Bean Co Queen Chickpeas 570g,Bold Bean Co
3311,Itsu Miso' Easy Chilli Miso 3x20g,Itsu
3312,Princes Tuna Chunks in Spring Water 8x145g,Princes
3313,Naked Big Eat Japanese Style Katsu Curry Long Grain Rice 104g,Naked
3314,Chupa Chups the Best Assorted Flavour Lollipops x10 120g,Chupa Chups
3315,Wholecreations Dairy & Gluten Free Garlic Bread Baguette 190g,Wholecreations
3316,Whitworths Special Bakes Luxury Mixed Fruit 250g,Whitworths
3317,Union Hand-Roasted Rich Decaf Ground Coffee 200g,Union Hand-Roasted
3318,Mlekovita Edam Slices 150g,Mlekovita
3319,Ribena No Added Sugar Blackcurrant Juice Drink Cartons 6x250ml,Ribena
3320,Cofresh Monkey Nuts 300g,Cofresh
3321,Littleover Apiaries Heather Honey 340g,Littleover Apiaries
3322,Illy Classico Roast Lungo Aluminium Coffee Capsules x10,Illy
3323,Vitasoy Malted Soybean Drink 250ml (Sugar levy applied),Vitasoy
3324,Princes Fillings & Toppings Black Cherry 410g,Princes
3325,Tariq Halal Fresh Grade A Whole Chicken Without Giblets 1kg,Tariq Halal
3326,Kucharek Seasoning 200g,Kucharek
3327,Pukka Organic Peace Herbal Tea Sachets x20 30g,Pukka Organic
3328,Rowse Manuka 100+ MGO 225g,Rowse
3329,Union Hand-Roasted Revelation Wholebean 700g,Union Hand-Roasted
3330,Kubus Go Multivitamin 300ml,Kubus
3331,Naked Ultimate Noodles Korean Style Beef Flavour 90g,Naked
3332,La Monegasque Anchovy Fillets Garlic & Herbs 100g,La Monegasque
3333,Ben's Original Peri Peri Microwave Rice 220g,Ben's Original
3334,Betty Crocker Rainbow Chip Party Cake Mix 425g,Betty Crocker
3335,Tabasco Sriracha Hot Chilli Sauce 256ml,Tabasco
3336,Union Hand-Roasted Coffee Bobolink Brazil Cafetière Grind 200g,Union Hand-Roasted
3337,Patum Peperium The Gentleman's Relish 71g,Patum Peperium
3338,Batchelors Cup a Soup Tomato Sachets x4 93g,Batchelors
3339,Daim Chocolate Bar 3x28g,Daim
3340,Bahlsen Choco Leibniz Milk 111g,Bahlsen
3341,Allinson's Strong White Bread Flour 1kg,Allinson's
3342,"Batchelors Big Pasta 'n' Sauce, Chicken & Mushroom Flavour 85g",Batchelors
3343,Bahlsen Choco Leibniz Dark 111g,Bahlsen
3344,Merchant Gourmet Fiery Jamaican Style Grains & Pulses 250g,Merchant Gourmet
3345,Capri-Sun Zero Orange 4x200ml,Capri-Sun
3346,Dr. Oetker Rainbow Decorating Icing x6 19g,Dr. Oetker
3347,John West Infusions Tuna Sweet Chilli 280g,John West
3348,Kohinoor Dal Tarka 300g,Kohinoor
3349,Fentimans Classic Ginger Beer 275ml,Fentimans
3350,Al'Fez Middle Eastern Apricot & Coriander Sauce 450g,Al'Fez
3351,Nando's Peri-Peri Lemon & Herb Extra Mild Sauce 500g,Nando's
3352,Nissin Soba Chilli Instant Wok Style Noodles Big Pot 115g,Nissin
3353,Tilda Microwave Rice Premium USA Long Grain 250g,Tilda
3354,Ritter Sport Nut Selection Dark Whole Hazelnuts 100g,Ritter Sport
3355,Sharwood's Tikka Masala Reduced Fat Curry Sauce 420g,Sharwood's
3356,Lindt Classic Recipe Crispy Milk Chocolate Bar 125g,Lindt
3357,Skittles Squishy Cloudz Chewy Sweets Fruit Flavoured Sweets Pouch Bag 94g,Skittles
3358,Prymat Whole Dried Bay Leaves 6g,Prymat
3359,Dino's Famous Little Franks Beechwood Smoked Pork Hot Dogs x8 550g,Dino's
3360,Pip & Nut The Ultimate Crunchy Peanut Butter 300g,Pip & Nut
3361,Magija Chocolate Dessert Bar 45g,Magija
3362,Capsicana Mexican Tomato & Chipotle Tinga Cooking Paste 60g,Capsicana
3363,Surprise Egg with Jelly Beans & Collectable Toy 10g,Unknown
3364,Fridge Raiders Meat Free Slow Roasted Tasty Bites 60g,Fridge Raiders
3365,Hartley's Pineapple Jam 300g,Hartley's
3366,Buttermilk Peanut Nougat 50g,Unknown
3367,Fudco Dark Green Pumpkin Seeds 250g,Fudco
3368,KP Dry Roasted Peanuts Multipack x5,KP
3369,Judes Belgian Chocolate Custard 500g,Judes
3370,Dole Tropical Gold Premium Pineapple Slices In Juice 227g,Dole
3371,After Eight Dark & Milk Peppermint Chocolate Box 199g,After Eight
3372,Quaker Oat So Simple Velvety Chocolate Porridge Sachets 10x36.5g,Quaker
3373,Yutaka Japanese Rice Vinegar 150ml,Yutaka
3374,Betty Crocker Zesty Lemon Icing 400g,Betty Crocker
3375,Batchelors Cup a Soup Beef & Tomato Sachets x4 88g,Batchelors
3376,Nongshim Kimchi Ramyun Cup Noodle Soup 75g,Nongshim
3377,Doritos Tangy Cheese Tortilla Chip Crisps 48g,Doritos
3378,Haribo Fruitilicious 150g,Haribo
3379,Clipper Fairtrade Restoring Roots Ginger & Turmeric Organic Bags x20 36g,Clipper
3380,Green's Velvety Cheesecake on a Crunchy Biscuit Base Mix 259g,Green's
3381,Kellogg's Coco Pops Chocolate Breakfast Cereal 295g,Kellogg's
3382,Encona Thai Sweet Chilli Sauce 220ml,Encona
3383,Bonne Maman Intense Raspberry Conserve 335g,Bonne Maman
3384,LEON Mango’ed Ketchup 275g,LEON
3385,Walkers Sea Salt Baked Snacks Crisps 37.5g,Walkers
3386,Forest Feast Belgian Milk Chocolate Brazils 120g,Forest Feast
3387,Twinings Superblends Sleep Valerian & Orange Blossom Tea Bags x20 30g,Twinings
3388,Jacob's Mini Cheddars 30% Less Fat Cheddar & Paprika Baked Snacks Multipack 6x17g,Jacob's
3389,The Paleo Foods Co. Berry & Almond Grain-Free Granola 285g,The Paleo Foods Co.
3390,Rubicon Still Guava Fruit Juice Drink 1L,Rubicon
3391,Kellogg's Special K Crunchy Oat Granola Dark Chocolate Curls 350g,Kellogg's
3392,Huel Banana Flavour Ready to Drink Complete Meal 500ml,Huel
3393,Lindt Classic Recipe Vegan Smooth Chocolate Bar 100g,Lindt
3394,Tic Tac Lime & Orange 100 48g,Tic Tac
3395,Tyrrells Veg Balsamic Vinegar & Sea Salt Sharing Crisps 125g,Tyrrells
3396,Regal Puff Pastry Finger Biscuits 200g,Regal
3397,Sun Hee Gochujang Sun Dried Red Chilli Paste 170g,Sun Hee
3398,House of Cake Carrot Sugar Decorations 25g,House of Cake
3399,Ben's Original Caribbean Microwave Rice 220g,Ben's Original
3400,Billington's Dark Brown Soft Natural Unrefined Cane Sugar 500g,Billington's
3401,Cafedirect 4 Organic Machu Picchu Ground Coffee 200g,Cafedirect
3402,"Starbucks Italian Style Roast By Nespresso Dark Roast Coffee Capsules, 56g Tube of 10",Starbucks
3403,Nestle KitKat Milk Chocolate Cereal 330g,Nestle
3404,Good Guys Bakehouse Cheddar Biscuit Melts 50g,Good Guys Bakehouse
3405,Aunt Bessie's Gluten Free Golden Yorkshire Pudding Mix 120g,Aunt Bessie's
3406,Dr. Oetker Extra Strong Pink Food Colouring Gel 15g,Dr. Oetker
3407,Quaker Oat So Simple Protein Original Porridge Pot 49g,Quaker
3408,East End Premium Gold Chakki Stoneground Wholewheat Chapatti Atta 5kg,East End
3409,Fudco Himalayan Pink Salt Coarse 500g,Fudco
3410,Polish Specialities Gherkins in Brine 700g,Polish Specialities
3411,Illy Classico Roast Aluminium Coffee Capsules x10,Illy
3412,Sacla' Vegan Bolognese Sauce with Pea Protein 350g,Sacla'
3413,Whitworths Shots 3 Snack Pack Salted Caramel Nuts 3x25g,Whitworths
3414,Blue Dragon Light Coconut Milk 400ml,Blue Dragon
3415,Extra Refreshers Tropical Flavour Sugarfree Chewing Gum Bottle 30 Pieces,Extra
3416,Marmite Oven Baked Peanuts 190g,Marmite
3417,Trek Salted Caramel Protein Flapjack 50g,Trek
3418,Jacob's Cheddars Red Leicester Flavour 150g,Jacob's
3419,Fudco Red Peanuts 300g,Fudco
3420,Pukka Turmeric Active 20 Caffeine Free Herbal Tea Sachets 36g,Pukka
3421,Capsicana Large Tortillas Wheat Flour Wraps x6 390g,Capsicana
3422,Milky Way Dairy Free Magic Stars 25g,Milky Way
3423,McCoy's Thai Sweet Chicken Grab Bag Crisps 45g,McCoy's
3424,Taijade Shaohsing Rice Wine 600ml,Taijade
3425,Osem Bissli Barbecue 70g,Osem
3426,Sacla Intenso Stir in Tomato & Mascarpone,Sacla
3427,Union Gajah Mountain Coffee Beans 200g,Union Gajah
3428,Fuel10K High Protein Banana Breakfast Milk Drink 330ml,Fuel10K
3429,Batchelors Super Noodles Japanese Katsu Curry Flavour 90g,Batchelors
3430,Ambrosia Deluxe Custard Belgian Chocolate 2x120g,Ambrosia
3431,Naturya Superfood Breakfast Boost Seed Crunch 150g,Naturya
3432,Heinz Sweet Chilli Sauce 220ml,Heinz
3433,Mutti Simply Sugo Basilico Basil 400g,Mutti
3434,Maggi So Juicy Sizzling & Spicy Piri Piri Chicken Herbs & Spices Recipe Mix,Maggi
3435,Cadbury Boost Bars 4x37g,Cadbury
3436,Haribo Funtasia 150g,Haribo
3437,Forest Feast Slow Roasted Heather Honey Peanuts & Cashews 120g,Forest Feast
3438,Bold Bean Co Queen Butter Beans 570g,Bold Bean Co
3439,Skips Prawn Cocktail Sharing Crisps 65g,Skips
3440,Lily O'Brien's Creamy Caramel & Sea Salt Chocolate Share Bag,Lily O'Brien's
3441,Gran Luchito Mexican Crunchy Jalapeño & Pineapple 215g,Gran Luchito
3442,Fruittella Berries & Cherry 170g,Fruittella
3443,Propercorn Sweet & Salty Popcorn 30g,Propercorn
3444,Nakd Peanut Butter Protein Bars 3x45g,Nakd
3445,Starbucks Medium House Blend x36 228g,Starbucks
3446,Sacla' No.1 Classic Basil Pesto 290g,Sacla'
3447,"Clipper Fairtrade Organic Green Decaf, 40 Tea Bags",Clipper
3448,Jacob's Salt & Black Pepper Flatbread 5x150g,Jacob's
3449,Dr. Oetker Glycerine 38g,Dr. Oetker
3450,Potts' Beef Stock 500ml,Potts'
3451,"Batchelors Big Pasta 'n' Sauce, Mac & Cheese 85g",Batchelors
3452,Fudco Badian Star Anise 50g,Fudco
3453,Nature Valley Fruit & Nut Apple Raisin Almond & Peanut Bars 4x30g,Nature Valley
3454,Dr. Oetker Vege-Gel Gelatine Sachets 3x6.5g,Dr. Oetker
3455,Dr. Oetker American Style Pancake Mix 210g,Dr. Oetker
3456,Maggi Authentic Indian Hot & Sweet Sauce 400g,Maggi
3457,Odysea Big Gordal Pitted Olives 290g (120g*),Odysea
3458,Amoy Straight to Wok Singapore Curry Noodles 2x150g,Amoy
3459,Peperami Original 22.5g,Peperami
3460,Fibre One 90 Calorie Strawberry & Cream Flavour Doughnuts 4x23g,Fibre One
3461,"Twinings Superblends Focus with Mango & Pineapple, 20 Tea Bags",Twinings
3462,Walkers Squares Salt & Vinegar Snacks Crisps 27.5g,Walkers
3463,Tic Tac Mixers Cherry Cola 49g,Tic Tac
3464,Pakeeza Mango Lassi 1kg,Pakeeza
3465,Gü Plant Dark Chocolate & Ganache Mousse Dessert 2x70g,Gü
3466,Branston Smooth Pickle 370g,Branston
3467,Naked Ultimate Noodles Japanese Style Chicken Flavour 90g,Naked
3468,Ben's Original Wholegrain Golden Vegetable Microwave Rice 220g,Ben's Original
3469,Jezyki Classic Bar 30g,Jezyki
3470,Sarson's Classic Malt Pickling Vinegar 950ml,Sarson's
3471,Dr. Oetker Extra Strong Yellow Food Colouring Gel 15g,Dr. Oetker
3472,Lungkow Vermicelli 400g,Lungkow
3473,The Spice Tailor Delicate Korma Indian Curry Sauce Kit 300g,The Spice Tailor
3474,Reese's White Peanut Butter Cup 42g,Reese's
3475,Krakus Kabanos Classic Pork Snack 180g,Krakus
3476,Warburtons Gluten Free Super Soft Seeded Sliced Rolls,Warburtons
3477,Fudco Whole Black Pepper 100g,Fudco
3478,Nairn's Raisin Apple & Cinnamon Crunchy Oat Bars x8 160g,Nairn's
3479,Tassimo L'OR Skinny Latte Macchiato Coffee Pods x7,Tassimo L'OR
3480,Sharwood's Garlic & Coriander Mini Naans x4,Sharwood's
3481,Hellmann's Light Mayonnaise 600g,Hellmann's
3482,Ryvita Thins Snack It Sour Cream & Chive Flatbread Snacks 125g,Ryvita
3483,Barilla Lasagne Pasta 500g,Barilla
3484,Capri-Sun Zero Blackcurrant & Apple 8x200ml,Capri-Sun
3485,Regal Original Cake Rusk x18,Regal
3486,Airwaves Menthol & Eucalyptus Sugarfree Chewing Gum 10 Pieces,Airwaves
3487,Island Sun Condensed Milk 397g,Island Sun
3488,Starbucks Signature 42% Cocoa Hot Chocolate Powder Tin 330g,Starbucks
3489,Rymut Corn Sticks Crisps 80g,Rymut
3490,Cadbury Dairy Milk Mint Chocolate Giant Buttons Bag 110g,Cadbury
3491,Urban Fruit Gently Baked Mango & Passionfruit 85g,Urban Fruit
3492,Malt O Meal Marshmallow Mateys 320g,Malt O Meal
3493,Bahlsen Pick Up Hazelnut Milk Chocolate Biscuit Bars x5,Bahlsen
3494,Nature Valley Fruit & Nut Cranberry Raisin Almond & Peanut Bars 4x30g,Nature Valley
3495,Jacob's Lunch Bakes Mixed Seed Crispbreads 190g,Jacob's
3496,The Spice Tailor Malaysian Laksa Curry Sauce Kit 275g,The Spice Tailor
3497,The Paleo Foods Co. Low Sugar Grain-Free Granola 285g,The Paleo Foods Co.
3498,Akash Gold Basmati Rice 10kg,Akash Gold
3499,Heinz Lentil & Bacon Soup 400g,Heinz
3500,Maynards Bassetts Wine Gums 165g,Maynards Bassetts
3501,Ben's Original Chinese Style Microwave Rice 220g,Ben's Original
3502,Ambrosia Ready To Eat Porridge Original Pot 210g,Ambrosia
3503,Grace Aloe Vera Water Natural 1.5L,Grace
3504,Cofresh Chilli & Lemon Bombay Mix 325g,Cofresh
3505,Tate & Lyle Caramel Syrup 250ml,Tate & Lyle
3506,Cadbury White Chocolate Fingers Biscuits 114g,Cadbury
3507,Stokes Garlic Mayonnaise 345g,Stokes
3508,Starbucks Single-Origin Sumatra Espresso Coffee Pods x10 55g,Starbucks
3509,John West On the Go Italian Tuna Pasta Salad 220g,John West
3510,Dr. Oetker Extra Strong Violet Food Colouring Gel 15g,Dr. Oetker
3511,Colman's Sauce Mix Pepper 40g,Colman's
3512,Fudco Deluxe Nuts & Raisins Mix 500g,Fudco
3513,"Twinings Superblends Heartea with Blackcurrant, Rosemary & Honey, 20 Tea Bags",Twinings
3514,Lindt Lindor Double Chocolate Truffles 200g,Lindt
3515,Paxo Breadcrumbs Southern Fried 210g,Paxo
3516,Oshee Vitamin & Mineral Energy Drink 250ml (Sugar levy applied),Oshee
3517,Garner's Spiced Pickled Cabbage 454g (190g*),Garner's
3518,Krakus Podwawelska Sausage 520g,Krakus
3519,Graal Mackerel Fillets in Tomato Sauce 170g,Graal
3520,Whole Earth Drizzler Original Roasted Super Smooth Peanut Butter 320g,Whole Earth
3521,Billington's Light Brown Soft Natural Unrefined Cane Sugar 500g,Billington's
3522,Merchant Gourmet Rich Black Dhal with Black Lentils & Coconut Cream 250g,Merchant Gourmet
3523,Thai Dragon Pad Thai Rice Noodles 200g,Thai Dragon
3524,The Spice Tailor Tikka Masala Indian Curry Paste 125g,The Spice Tailor
3525,Cadbury Delights Orange Caramel Chocolate Nougat Bar Pack x5 110g,Cadbury
3526,Yorkie Raisin & Biscuit Milk Chocolate Bar 44g,Yorkie
3527,Bio & Me Super Berry Gut Loving Granola 360g,Bio & Me
3528,Trebor Mighties Extra Strong Sugar Free Mints 12.5g,Trebor
3529,Go Free Gluten Free Rice Pops 350g,Go Free
3530,Dino's Famous Original Stacker Pickles 530g,Dino's
3531,Wagamama Katsu Curry Meal Kit 190g,Wagamama
3532,Garner's Sweet Pickled Baby Onions 454g,Garner's
3533,Taylors of Harrogate Yorkshire Tea Bags Decaf Bedtime Brew 40x100g,Taylors of Harrogate
3534,Kettle Sea Salt & Balsamic Vinegar of Modena Potato Chips x5 25g,Kettle
3535,Belvita Breakfast Soft Bakes Golden Oats Pack x5 250g,Belvita
3536,Cofresh Sev Mamra 325g,Cofresh
3537,Sauce Shop Chipotle & Lime Aioli 260g,Sauce Shop
3538,Sun Hee Kimchi Spicy Fermented Cabbage 190g,Sun Hee
3539,Belvita Breakfast Milk & Cereals 540g,Belvita
3540,Lavazza Qualità Oro Coffee Beans 250g,Lavazza
3541,Tunnock's Snowballs Coconut Covered Marshmallows 8x30g,Tunnock's
3542,Hula Hoops x18 24g,Hula Hoops
3543,Nongshim Soon Veggie Cup Noodle 67g,Nongshim
3544,Maggi So Juicy Creamy & Tasty Butter Chicken Herbs & Spices Recipe Mix,Maggi
3545,Whitworths Sunny Fruit Mix-Ups Strawberries & Sultanas 4x18g,Whitworths
3546,KitKat Chunky Caramel Bars 4x35g,KitKat
3547,Barebells Protein Milkshake Chocolate Flavour 330ml,Barebells
3548,Candy Kittens Wild Strawberry Gourmet Sweets 140g,Candy Kittens
3549,Dolmio Pasta Pronto with Tomato and Basil 200g,Dolmio
3550,Maggi So Juicy Aromatic & Peppery Cajun Chicken Herbs & Spices Recipe Mix,Maggi
3551,"Gefen Instant Noodle Soup, Chicken 65g",Gefen
3552,Dr. Oetker Rainbow Cupcake Cases x72,Dr. Oetker
3553,St. Dalfour Strawberry & Rhubarb 284g,St. Dalfour
3554,Lee Kum Kee Teriyaki Sauce 200g,Lee Kum Kee
3555,Pot Noodle Chilli Chicken Instant Snack 100g,Pot Noodle
3556,Belvita Breakfast Milk & Cereals 225g,Belvita
3557,Ben's Original Pilau Microwave Rice 220g,Ben's Original
3558,Taylors of Harrogate Decaffé Ground Roast Coffee 200g,Taylors of Harrogate
3559,Miso Tasty Organic Red Miso 110g,Miso Tasty
3560,Skittles Fruits Sweets Fun Size Bags Multipack 18x18g,Skittles
3561,Dr. Oetker Extra Strong Black Food Colouring Gel 15g,Dr. Oetker
3562,Cadbury's Chocolate Brownie Mix 350g,Cadbury's
3563,Old El Paso Gluten Free Regular Original Tortillas x6 216g,Old El Paso
3564,Whitworths Shots 4 Snack Pack Chocolate & Hazelnut 4x25g,Whitworths
3565,Rhythm108 Swiss Chocolate Peanut Butter Soft Baked Filled Cookie 50g,Rhythm108
3566,Space Raiders Pickled Onion Multipack Crisps x6 Pack,Space Raiders
3567,Lindt Classic Recipe Vegan Hazelnut Chocolate Bar 100g,Lindt
3568,Hartley's Jelly Orange Flavour Pots 6x125g,Hartley's
3569,"Monin Toffee Nut, Limited Edition 25cl",Monin
3570,KTC Pure Groundnut Oil 1L,KTC
3571,Cadbury Dairy Milk Salted Caramel Chocolate Bar 120g,Cadbury
3572,Betty Crocker Country Carrot Cake Mix 425g,Betty Crocker
3573,Polish Specialities Shredded Beetroot 540ml,Polish Specialities
3574,Yorkie Original Milk Chocolate Bar 46g,Yorkie
3575,Haribo Zingfest 150g,Haribo
3576,Trek Peanut Butter Protein Flapjack 3x50g,Trek
3577,Peperami Jerky Original 50g,Peperami
3578,Yutaka Sushi Rolling Mat,Yutaka
3579,L'oasis Halal Turkey Chorizo Tapas 80g,L'oasis
3580,Natco Green Cardamoms 50g,Natco
3581,Nando's Garlic Peri-Peri Marinade Medium 262g,Nando's
3582,Nando's Smokey BBQ Peri-Peri Bag & Bake 20g,Nando's
3583,Encona Taste Explorers Carolina Reaper Chilli 142ml,Encona
3584,Jacob's Lunch Bakes Chive Crispbreads 190g,Jacob's
3585,Batchelors Slim a Soup Minestrone with Croutons Sachets x4 61g,Batchelors
3586,Nairn's Gluten Free Mini Cheese Bakes 45g,Nairn's
3587,Twinings Lady Grey Teabags 200g x80,Twinings
3588,Whitworths Golden Apricots 140g,Whitworths
3589,Old Speckled Hen Gluten Free Pale Ale Beer 500ml,Old Speckled Hen
3590,Odysea Stuffed Vine Leaves 310g,Odysea
3591,Wilkin & Sons Ltd Tiptree No Peel Orange Marmalade 340g,Wilkin & Sons Ltd
3592,Fentimans Ginger Beer 750ml,Fentimans
3593,Trebor Softmints Spearmint 43g,Trebor
3594,Monster Energy Drink Ultra Zero Sugar 9x500ml,Monster Energy
3595,Carr's Ciabatta Sun Dried Tomato Flavour & Basil 140g,Carr's
3596,Taylors of Harrogate Yorkshire Tea Toast & Jam Brew Tea Bags x40 125g,Taylors of Harrogate
3597,Hellmann’s Real Squeezy Mayonnaise 580ml,Hellmann’s
3598,Dunn's River Red Beans 400g (240g*),Dunn's River
3599,Jacob's Salt & Vinegar Flavour Crinklys x6 138g,Jacob's
3600,Taj Mogo Chips 1kg,Taj
3601,Morliny Roast Chicken Fillet Slices x8 100g,Morliny
3602,Natco Multigrain Atta Flour 5kg,Natco
3603,Cadbury Bitsa Wispa Chocolate Large Sharing Bag 185.5g,Cadbury
3604,Lindt Nuxor with Dark Chocolate & Whole Roasted Hazelnuts Box 165g,Lindt
3605,Good Hemp Original Hemp Seed Oil 500ml,Good Hemp
3606,Marmite XO Yeast Extract 250g,Marmite
3607,"Kubus Carrot, Banana & Apple Drink 850ml",Kubus
3608,FULFIL Chocolate Peanut & Caramel Vitamin & Protein Bar Snack 40g,FULFIL
3609,Heinz French Onion Soup 400g,Heinz
3610,"Twinings Cold In’fuse Watermelon, Strawberry & Lemon, 12 Infusers",Twinings
3611,Kohinoor Extra Long Basmati Rice 2kg,Kohinoor
3612,Twinings the Earl Grey Plant Based Tea Bags x120 300g,Twinings
3613,Pyrex Classic Bowl 2L,Pyrex
3614,Familijne Cocoa Cream Wafer Biscuit 180g,Familijne
3615,Mega Monster Munch Roast Beef Snacks Crisps 40g,Monster Munch
3616,Dole Tropical Gold Premium Pineapple Chunks In Juice 227g,Dole
3617,Kellogg's Pop Tarts Frosted Hot Fudge Sundae Flavour 8x48g,Kellogg's
3618,NOMO Giant Caramel & Sea Salt Choc Buttons 110g,NOMO
3619,Nutella Biscuits Tube Biscuits x12 166g,Nutella
3620,Nando's Perinaise Peri-Peri Mayonnaise Mild 465g,Nando's
3621,De Cecco Conchiglie Rigate 500g,De Cecco
3622,Walkers Roast Chicken Crisps 45g,Walkers
3623,Lee Kum Kee Satay Sauce 190g,Lee Kum Kee
3624,Pots & Co Little Pots of 70% Chocolate Ganache 4 x 50g,Pots & Co
3625,NOMO Crispy Mo Creamy Choc with Crispy Pieces 15g,NOMO
3626,Dr. Oetker Bright & Bold Sprinkles Mix 109g,Dr. Oetker
3627,Kimura Japanese Lemonade 200ml (Sugar levy applied),Kimura
3628,Tymbark Apple & Mint Drink 250ml,Tymbark
3629,Fudco Cinnamon Bark 100g,Fudco
3630,Nissin Soba Teriyaki Instant Wok Style Noodles Big Pot 113g,Nissin
3631,Oshee Vitamin Water Lemon & Orange Flavour 555ml,Oshee
3632,Sour Patch Kids Cola Sweets Bag 130g,Sour Patch Kids
3633,Teapigs Earl Grey Strong Biodegradable Tea Temples x15,Teapigs
3634,Naturya Organic Maca Powder 125g,Naturya
3635,Kellogg's Special K Original Breakfast Cereal 440g,Kellogg's
3636,Regal Bakery Fruit Cake Slices with Glazed Fruit Pieces 210g,Regal Bakery
3637,Plant Pioneers Vegan Mayo Garlic 250ml,Plant Pioneers
3638,Hip Pop Apple & Elderflower Kombucha 4x330ml,Hip Pop
3639,Milka Yogurt Chocolate Bar 100g,Milka
3640,Kohinoor Extra Long Basmati Rice 10kg,Kohinoor
3641,Polish Specialities Sliced Gherkins 720ml,Unknown
3642,Osem Petit Beurre Biscuits 250g,Osem
3643,Haribo Halal Happy Peaches Bag 100g,Haribo
3644,Hartley's 10 Cal Blueberry & Blackcurrant Flavour Jelly 6x175g,Hartley's
3645,Bisto Best Reduced Salt Beef Gravy Granules 390g,Bisto
3646,Blue Dragon Thai Red Curry Meal Kit 253g,Blue Dragon
3647,Loyd Grossman No Added Sugar Tomato & Basil Pasta Sauce 660g,Loyd Grossman
3648,Polish Grated Horseradish Beetroots 270g,Unknown
3649,Pure Via 100% Erythritol Keto Granulated Sweetener250g,Pure Via
3650,"Twinings Lemon Green Tea, 80 Tea Bags",Twinings
3651,Nando's Flavour Shaker Medium Peri Peri Seasoning 50g,Nando's
3652,House of Cake Round Silver Cake Board 10 inch,House of Cake
3653,Tate & Lyle Vanilla Coffee Syrup 250ml,Tate & Lyle
3654,Kohinoor Peshwari Dal Makhani 300g,Kohinoor
3655,"Twinings Cold In’fuse Passionfruit, Mango & Orange, 12 Infusers",Twinings
3656,Stagg Low Fat Vegetable Chili Medium 400g,Stagg
3657,Graze Banana Protein Bites with Whole Oats 4x30g,Graze
3658,Schär Gluten Free Foldable Flatbreads 225g,Schär
3659,Prince Polo Classic Xxl 52g,Prince Polo
3660,itsu Crispy Seaweed Thins Sea Salt 4x5g,itsu
3661,Rowntree's Tropical Tots Vegan Friendly Sweets Sharing Bag 140g,Rowntree's
3662,Taylor & Colledge Organic Vanilla Pods x2,Taylor & Colledge
3663,McCoy's Classic Variety Multipack Crisps x12,McCoy's
3664,Maggi So Juicy Sweet & Spicy Mexican Chicken Herbs & Spices Recipe Mix 38g,Maggi
3665,Belvita Fruit Crunch Raisin & Currant Biscuits Pack x6 225g,Belvita
3666,Kotlin Mild Ketchup 450g,Kotlin
3667,Canderel Sweetely Low Calorie Sucralose Sweetener Tablets x300,Canderel
3668,Polish Specialities Horseradish 170g,Polish Specialities
3669,Mutti Tuscany Passata Rossoro Tomatoes 400g,Mutti
3670,Skittles Giants Vegan Chewy Sweets Fruit Flavoured Pouch Bag 132g,Skittles
3671,Tunnock's Milk Chocolate Wafer Creams,Tunnock's
3672,Milky Way Dairy Free Magic Stars with Popping Candy 25g,Milky Way
3673,Crazy Jack Organic Mango 4x30g,Crazy Jack
3674,Hartley's Blackcurrant 300g,Hartley's
3675,Virtu Pierogi Z Kapusta I Grzybami 400g,Virtu
3676,Cake Decor Edible Cake Decoration Pens x8,Cake Decor
3677,Toffee Crisp Milk Chocolate Biscuit Bar Multipack x7,Toffee Crisp
3678,Buttermilk Honeycomb Blast 45g,Buttermilk
3679,Sacla' Char Grilled Aubergine & Roasted Garlic Pesto 190g,Sacla'
3680,Costa Coffee Creamy Cappuccino Sachets Drinks 6x17g,Costa Coffee
3681,Love Corn Cheese & Onion Premium Crunchy Corn 115g,Love Corn
3682,Lee Kum Kee Sesame Wok Oil 207ml,Lee Kum Kee
3683,Blue Dragon Coconut Milk 400ml,Blue Dragon
3684,Deliciously Ella Cacao & Orange Oat Bars 3x50g,Deliciously Ella
3685,Ktc Spinach Puree 795g,Ktc
3686,Baxters Salad Beets 340g (207g*),Baxters
3687,Red's Unholy BBQ Sauce 320g,Red's
3688,Starbucks Breakfast Blend by Nespresso Medium Roast Coffee Capsules 10x56g,Starbucks
3689,Charlie Bigham's Proper Puds Sticky Toffee Pudding 436g,Charlie Bigham's
3690,Extra Strawberry Flavour Sugarfree Chewing Gum Bottle Pieces x60,Extra
3691,Natco Cornmeal Fine 1.5kg,Natco
3692,KP Flavour Kravers Flame Grilled Steak Peanuts 140g,KP
3693,Rakusen's Medium Matzo Meal 375g,Rakusen's
3694,Twinings Blood Orange & Cranberry with Juicy Pomegranate Tea Bags x20 40g,Twinings
3695,Heinz Chunky Big Chicken & Vegetable Multipack Soup 3x400g,Heinz
3696,House of Cake Unicorn & Rainbow Cake Decorations x12,House of Cake
3697,Goldfish Brand Chinese Curry Sauce 405g,Goldfish Brand
3698,Natco Semolina Fine 1.5kg,Natco
3699,Polish Marinated Red Peppers 720g,Unknown
3700,"FareShare £2 Donation (Only available as part of a regular shop, cannot be bought in isolation)",FareShare
3701,Dunn's River Caribbean Mild Curry Powder 100g,Dunn's River
3702,Walkers Less Salt a Dash of Salt & Vinegar Multipack Crisps 6x25g,Walkers
3703,Ritter Sport Nut Selection Whole Hazelnuts 100g,Ritter Sport
3704,The Spice Tailor Tandoori Marinade Classic Sauce Kit 170g,The Spice Tailor
3705,Grace Chicken Vienna Sausages 200g (120g*),Grace
3706,Eat Natural Maple Syrup Pecans & Peanuts Bars with Benefits 3x45g,Eat Natural
3707,Starburst Vegan Chewy Sweets Fruit Flavoured Pouch Bag 138g,Starburst
3708,Naked Ultimate Noodles Chinese Style Duck Flavour 90g,Naked
3709,"Pip & Nut Sea Salted Caramel Almond Butter, Limited Edition 170g",Pip & Nut
3710,Ben's Original Roasted Garlic Microwave Rice 220g,Ben's Original
3711,Kellogg's Rice Krispies Squares Marshmallow 28g,Kellogg's
3712,Ueshima Coffee Company House Blend Rich Roast Coffee Beans 250g,Ueshima Coffee Company
3713,Naturya Superfood Breakfast Boost Superberries 150g,Naturya
3714,Oddpods Brown Lentils 200g,Oddpods
3715,Hula Hoops Puft Cheese & Onion Flavour Wheat & Potato Rings 6 x 15g,Hula Hoops
3716,Kellogg's Krave Chocolate Hazelnut Breakfast Cereal 750g,Kellogg's
3717,Bonne Maman Violet Fig with Shallot Chutney 210g,Bonne Maman
3718,Flying Goose Brand Sriracha Mayo Sauce 455ml,Flying Goose Brand
3719,Fuel10K Vanilla Flavour Breakfast Milk Drink 330ml,Fuel10K
3720,Nestle Carnation Drizzle Caramel 450g,Nestle
3721,Maggi Authentic Indian Tamarind Sauce 425g,Maggi
3722,Pukka Organic Three Chamomile Tea Bags x20 30g,Pukka
3723,Regal Crunchy Tea Rusks 200g,Regal
3724,Willy's Organic Live Apple Cider Vinegar Honey & Turmeric 500ml,Willy's Organic
3725,Hartley's 10 Cal Piña Colada Flavour Jelly 175g,Hartley's
3726,White Rabbit Margherita Gluten Free Pizzetta 175g,White Rabbit
3727,Genius DGF Soft Brown Farmhouse 430g,Genius
3728,Doritos Dippers Hint of Paprika Sharing Tortilla Chips 230g,Doritos
3729,Cofresh Hot Chilli Potato Spirals 80g,Cofresh
3730,Capsicana Mexican Chilli & Honey Fajita Kit 455g,Capsicana
3731,Natco Ground Coriander 400g,Natco
3732,Rubicon Still Lychee Fruit Juice Drink 288ml,Rubicon
3733,Fudco Whole Cloves 50g,Fudco
3734,Cofresh London Mix 325g,Cofresh
3735,Hellmann's Light Mayonnaise 580ml,Hellmann's
3736,Fray Bentos Vegetable Balti Pie 425g,Fray Bentos
3737,Rowse Supahoney Squeezy 250g,Rowse
3738,Fuel10K Strawberry Flavour Breakfast Milk Drink 330ml,Fuel10K
3739,Ambrosia Sticky Toffee Flavour Rice Pudding 400g,Ambrosia
3740,Kellogg's Nutri Grain Blueberry Snack Bars 6x37g,Kellogg's
3741,Dunn's River Caribbean Hot Curry Powder 100g,Dunn's River
3742,Montezuma's 70% Cocoa Black Forest Cherry Dark Chocolate 90g,Montezuma's
3743,Natco Ground Cumin 400g,Natco
3744,Cadbury Double Decker Chocolate Bar Multipack x9 335.7g,Cadbury
3745,Twinings Superblends Wellbeing Collection Teabags 37g x20,Twinings
3746,McVitie's Gold Biscuit Bars x14,McVitie's
3747,Mieszko Michaszki 220g,Mieszko
3748,Huel Iced Coffee Caramel 500ml,Huel
3749,Mutti Parmigia Reggiano Cheese 400g,Mutti
3750,Bear Forest Fruit Bars 4x27g,Bear
3751,Lazy Day Free From Chocolate Celebration Cake 650g,Lazy Day
3752,Natco Chilli Powder 400g,Natco
3753,Good Earth Elderflower & Pear Biodegradable Teabags x15,Good Earth
3754,Vita Chrysanthemum Tea 250ml (Sugar levy applied),Vita
3755,No.1 Living Kombucha Ginger with Turmeric 750ml,No.1
3756,Baldwins Sarsaparilla 1L (Sugar levy applied),Baldwins
3757,Lindt Excellence Dark Caramelised Hazelnut 100g,Lindt
3758,Good Boy Pawsley & Co Succulent Pigs in Blankets Dog Treats 320g,Good Boy
3759,LEON Chilli Ketchup 270g,LEON
3760,Tariq Halal Farm Fresh Halal Chicken 2kg,Tariq Halal
3761,Morliny Polish Bacon 400g,Morliny
3762,Green & Black's Organic Smooth Mint Chocolate 90g,Green & Black's
3763,Natco Garam Masala 400g,Natco
3764,The Spice Tailor Indonesian Peanut Satay Sauce Kit 275g,The Spice Tailor
3765,Mutti Passata With Basil 400g,Mutti
3766,Blue Dragon Rich Hoisin Sauce,Blue Dragon
3767,Promise Gluten Free Wholesome Brown Loaf 480g,Promise
3768,Monty Bojangles Milk Chocolate Belgian Flaked Truffles 100g,Monty Bojangles
3769,Doritos Triple Cheese Pizza Sharing Tortilla Crisps Chips 180g,Doritos
3770,Felix Sunflower Seeds Roasted and Salted 100g,Felix
3771,Dr. Oetker Chocolate Hearts,Dr. Oetker
3772,John West Tuna Chunks with a Little Spring Water 3x110g,John West
3773,Nescafé Gold Blend Espresso Instant Coffee 190g,Nescafé
3774,Nescafé 3 In 1 Instant Coffee Sachets 16x16g,Nescafé
3775,Lorenz Crunchips Paprika 140g,Lorenz
3776,Bahlsen Hit Cocoa Crème 220g,Bahlsen
3777,Thai Taste Chilli Dipping Sauce 200ml,Thai Taste
3778,Kinder Joy Single Egg with Surprise 20g,Kinder
3779,Freee Gluten Free Organic Brown Rice Fusilli 500g,Freee
3780,Brooklyn Dino's Famous Big Dogs Beechwood Smoked Pork 720g,Brooklyn Dino's
3781,Skittles Chewies Vegan Sweets Fruit Flavoured Pouch Bag 137g,Skittles
3782,Najma Wafer Thin Turkey 125g,Najma
3783,Lee Kum Kee Sweet Soy Sauce 207ml,Lee Kum Kee
3784,Batchelors Super Noodles Chinese Salt & Pepper Chicken Flavour Instant Noodle Pot 75g,Batchelors
3785,Nairn's Marmite & Cheese Oatcakes 200g,Nairn's
3786,Belvita Soft Bakes Red Berries 250g,Belvita
3787,Lazy Day Foods Vegan & Free From Vanilla Cake 375g,Lazy Day Foods
3788,Regal Bakery Madeira Cake Slices 370g,Regal Bakery
3789,Candy Kittens Very Cherry Gourmet Sweets 140g,Candy Kittens
3790,Mutti Simply Sugo Peperoncino Chilli 400g,Mutti
3791,Pukka Organic Elderberry & Echinacea Fruit Tea Sachets x20 40g,Pukka
3792,Mighty Fine Dark Chocolate Honeycomb Dips 90g,Mighty Fine
3793,The Curators Original Salted Pork Puffs 75g,The Curators
3794,Nando's Peri-Peri Bag & Bake Garlic Medium 20g,Nando's
3795,Jammie Dodgers 16 Biscuits Raspberry Flavour 280g,Jammie Dodgers
3796,Extra Ice Peppermint Sugarfree Chewing Gum 10 Pieces,Extra
3797,Przysnacki Bacon Snacks 140g,Przysnacki
3798,Plant Pioneers Vegan Caesar Dressing 250ml,Plant Pioneers
3799,Al'Fez Middle Eastern Smoky Harissa Sauce 450g,Al'Fez
3800,Dega Vegetable Salad 280g,Dega
3801,Lubella Little Squares Pasta 250g,Lubella
3802,Bold Bean Co Organic White Beans 570g,Bold Bean Co
3803,Fudco Roasted & Salted Jumbo Pistachios 200g,Fudco
3804,Buckwud Organic Intense Canadian Maple Syrup 250g,Buckwud
3805,Lindt Nuxor with Milk Chocolate & Whole Roasted Hazelnuts Box 165g,Lindt
3806,OGGS Whole Egg Alternative 330ml,OGGS
3807,Creative Nature Chia & Cacao Chocolate Chip Brownie Mix 400g,Creative Nature
3808,Terry's Chocolate Orange Truffles 200g,Terry's
3809,Extra Refreshers Tropical Flavour Sugarfree Chewing Gum Handy Box Pieces x7,Extra
3810,Natural Gold Grape Juice 650ml,Natural Gold
3811,Starbucks Dark Espresso Roast x36 202g,Starbucks
3812,Candy Kittens Sour Watermelon Gourmet Sweets 140g,Candy Kittens
3813,Allinson's Very Strong White Bread Flour 1kg,Allinson's
3814,Ben's Plant Powered Chilli Non Carne 285g,Ben's
3815,Batchelors Cup a Soup Oxtail Instant Sachets x4 78g,Batchelors
3816,Good Earth Moringa Mango Tea Bags x15,Good Earth
3817,Tyrrells Furrows Sea Salt & Vinegar Sharing Crisps 150g,Tyrrells
3818,Genius DGF Soft White Farmhouse 430g,Genius
3819,Kallo Lentil & Pea Veggie Cakes Sea Salt & Cider Vinegar 122g,Kallo
3820,Dorset Cereals Marvellous Pecan & Almond Muesli Crunch Breakfast Cereal 400g,Dorset Cereals
3821,Blue Riband Milk Chocolate Wafer Biscuit Bar Multipack x16,Blue Riband
3822,Taylors of Harrogate Hot Lava Java Ground Roast Coffee 200g,Taylors of Harrogate
3823,Wonderful Roasted Salted XXL Pistachios 450g,Wonderful
3824,Dunn's River Cornmeal Coarse,Dunn's River
3825,Haribo Halal Tropifrutti Bag 100g,Haribo
3826,Doisy & Dam Dark Chocolate Peanuts 80g,Doisy & Dam
3827,Mutti Polpa Finely Chopped Tomatoes with Voghiera Garlic 400g,Mutti
3828,Kenco Iced Hot Salted Caramel Latte Sachets 8x20.3g,Kenco
3829,Natco Black Pepper Coarse 100g,Natco
3830,Pukka Organic Lemongrass & Ginger Herbal Tea Sachets x20 36g,Pukka
3831,Betty Crocker Gluten Free Devil's Food Chocolate Cake Mix 425g,Betty Crocker
3832,The Coconut Collaborative Vanilla Custard 400g,The Coconut Collaborative
3833,Rubicon Sparkling Passionfruit Juice Soft Drink 6x330ml,Rubicon
3834,Cadbury Caramilk Golden Caramel Chocolate 160g,Cadbury
3835,Ueshima Coffee Company House Blend Rich Roast Ground Coffee 250g,Ueshima Coffee Company
3836,Kubus Water Strawberry 500ml,Kubus Water
3837,Nando's Garlic Peri-Peri Sauce 500g,Nando's
3838,Maynards Bassetts Liquorice Allsorts Sweets Sharing Bag 350g,Maynards Bassetts
3839,Achva Tahini Crushed Sesame Seeds 500g,Achva
3840,E. Wedel Pawełek Advocat 45g,E. Wedel
3841,Branston Orchard Fruit Chutney 290g,Branston
3842,Profi Poultry Pate With Tomatoes 131g,Profi
3843,Dr. Oetker Chocolate Flavour Caramel Crunch Cake Sprinkles 115g,Dr. Oetker
3844,Proper Sea Salt Lentil Chips x5 14g,Proper
3845,Twinings Superblends Metabolism Peppermint with Spiced Green Tea & Nettle Bags x20 40g,Twinings
3846,Sacla Intenso Stir in Tomato & Garlic,Sacla
3847,Charlie Bigham's Proper Puds Cherry Bakewell Pudding 409g,Charlie Bigham's
3848,Cadbury Dairy Milk Fingers Salted Caramel Flavour 114g,Cadbury
3849,Cofresh Cornflake Mix 325g,Cofresh
3850,"Merchant Gourmet Wholegrain Brown, Red & Wild Rice 250g",Merchant Gourmet
3851,Gran Luchito Chipotle Chilli Paste 100g,Gran Luchito
3852,Proper Chips Barbecue Lentil Chips 20g,Proper Chips
3853,Promise Gluten Free Handcrafted Sourdough Soft White Rolls 260g,Promise
3854,Graze Protein Salt & Pepper Vegan Mixed Nuts Snack 100g,Graze
3855,"Twinings BioBlends Soothing Peppermint, Fennel & Spearmint Tea Bags x18 36g",Twinings
3856,Mutti Emilia Passata Baby Plum Tomatoes 400g,Mutti
3857,Skittles Vegan Chewy Crazy Sour Sweets Fruit Flavoured Pouch Bag 136g,Skittles
3858,"Manischewitz Egg Noodles, Fine 250g",Manischewitz
3859,Frugo Green 250ml,Frugo
3860,Reese's Peanut Butter Chips 100g,Reese's
3861,Ueshima Coffee Company Fuji Mountain Bold Roast Coffee Beans 250g,Ueshima Coffee Company
3862,Very Lazy Smoked Chopped Garlic 200g,Very Lazy
3863,Lindt Master Chocolatier Collection 184g,Lindt
3864,Starbucks Blond Espresso Roast x36 202g,Starbucks
3865,Tic Tac Mint 4x18g,Tic Tac
3866,Ritter Sport Salted Caramel 100g,Ritter Sport
3867,Renshaw Royal Icing 400g,Renshaw
3868,Ambrosia Light Rice Pudding 4x125g,Ambrosia
3869,Taylors of Harrogate Rich Italian Beans Roast Coffee 200g,Taylors of Harrogate
3870,Muttil Whole Peeled Tomatoes 4x400g,Muttil
3871,Belvita Breakfast Honey & Nut with Choc Chips 225g,Belvita
3872,Excelsior Crackers 220g,Excelsior
3873,Twinings Mango & Strawberry with Zesty Lime Tea Bags x20 50g,Twinings
3874,Lee Kum Kee Hoisin Sauce 210g,Lee Kum Kee
3875,Richmond Meat Free Vegan Minis Snacking Cocktail Sausages 162g,Richmond
3876,Tate & Lyle Fondant Icing Cane Sugar 500g,Tate & Lyle
3877,"Twinings BioBlends Warming Lemon, Ginger & Turmeric Tea Bags x18 27g",Twinings
3878,Sharwood's Tikka Masala Curry Sauce 720g,Sharwood's
3879,Kellogg's Rice Krispies Breakfast Cereal 310g,Kellogg's
3880,Mrs Elswood Sweet & Sour Cucumbers 670g (360g*),Mrs Elswood
3881,Popchips Sea Salt Flavour Potato Snacks 5x17g,Popchips
3882,Twinings Buttermint Tea Bags x20 40g,Twinings
3883,Tracklements Recipe No. 2 Caramelised Onion Marmalade 210g,Tracklements
3884,Ambrosia Deluxe Rice 400g,Ambrosia
3885,Genius DGF Soft White Toastie 430g,Genius
3886,Wonka Nerds Grape & Strawberry 46g,Wonka
3887,Maynards Bassetts Liquorice Allsorts Sweets Bag 165g,Maynards Bassetts
3888,Proper Corn Sweet Popcorn 90g,Proper Corn
3889,Alpen Delight 5 Chocolate Brownie Bars 5x19g,Alpen
3890,Promise Gluten Free Handcrafted Sourdough Rustic White 400g,Promise
3891,Horalky Wafers with Peanuts 50g,Horalky
3892,Zott Jogobella 400g,Zott
3893,Bahlsen Waffeletten Milk Chocolate Wafer 100g,Bahlsen
3894,Nairn's Honey Crunchy Oat Bars x8 160g,Nairn's
3895,Red's Buffalo Wing Sauce Hot 290g,Red's
3896,Tilda Wholegrain Basmati Rice 500g,Tilda
3897,McVitie's Victoria 275g,McVitie's
3898,McVitie's Mini BN Strawbery Flavour Biscuit 175g,McVitie's
3899,Oshee Vitamin Energy Mint-Lime-Lemon Flavour Sparkling Drink 250ml (Sugar levy applied),Oshee
3900,Bolands Fig Roll 200g,Bolands
3901,Cadbury Time Out 5 Roundie 150g,Cadbury
3902,Doves Farm Organic Pasta Flour 1kg,Doves Farm
3903,Sauce Shop Smoky Chipotle Ketchup 255g,Sauce Shop
3904,H!P Salted Caramel Oat Milk Vegan Chocolate 70g,H!P
3905,Fruittella Duo Stix 160g,Fruittella
3906,Nissin Soba Yakitori Chicken Wok Style Stir Fry Noodles 110g,Nissin
3907,Jammie Dodgers 8 Apple & Blackcurrant Burst Flavour Biscuits 140g,Unknown
3908,Natco Tamarind Slab 200g,Natco
3909,Kellogg's Krave Cookies & Cream Cereal 410g,Kellogg's
3910,The Spice Tailor Rustic Rogan Josh Indian Curry Sauce Kit 300g,The Spice Tailor
3911,Stokes Tomato Ketchup 485g,Stokes
3912,Nescafé Gold Sticky Toffee Pudding Latte Sachets 7x20g,Nescafé
3913,The Spice Tailor Butter Chicken Indian Curry Paste 125g,The Spice Tailor
3914,Walkers Crinkles Simply Salted Multipack Crisps x5 23g,Walkers
3915,Fudco Pure Indian Jeera Seeds 100g,Fudco
3916,Serious Pig Crunchy Snacking Cheese 24g,Serious Pig
3917,Natco Turmeric Powder 400g,Natco
3918,Fudco Hot Mixed Pickle Mango & Vegetables with Spices 300g,Fudco
3919,Filippo Berio Extra Virgin Olive Oil 250ml,Filippo Berio
3920,Dr Pepper Zero 24x330ml,Dr Pepper
3921,Costa Hot Chocolate 300g,Costa
3922,Dr. Oetker Celebration Candles x6,Dr. Oetker
3923,Belvita Fruit Crunch Apple & Pear Multigrain Biscuits Pack x6 225g,Belvita
3924,Natco Madras Curry Powder 400g,Natco
3925,Nature Valley Oaty & Crispy Cocoa Bars 5x23g,Nature Valley
3926,Kabuto Noodles Vegetable Laksa 65g,Kabuto Noodles
3927,Morliny Chicken Sausage 400g,Morliny
3928,Green & Black's Organic Smooth Milk Chocolate 90g,Green & Black's
3929,Nescafé Dolce Gusto Cappuccino Coffee Pods x30,Nescafé
3930,Virtu Pancakes with Cottage Cheese & Raisins 400g,Virtu
3931,Heinz Tomato Mascarpone & Grana Padano Pasta Sauce 490g,Heinz
3932,Skinny Whip Toffee 5x20g,Skinny Whip
3933,Geeta's Premium Mango & Chilli Chutney Hot 230g,Geeta's
3934,Nielsen-Massey Rose Water 60ml,Nielsen-Massey
3935,Oshee Vitamin Water Red Grape/Dragonfruit Flavour 555ml,Oshee
3936,Tayto Cheese & Onion Crisps 6x25g,Tayto
3937,Zhitnica Buckwheat 800g,Zhitnica
3938,Urban Fruit Gently Baked Strawberries 35g,Urban Fruit
3939,Urban Fruit Cherries 75g,Urban Fruit
3940,Violife Le Rond Camembert Flavour Block Vegan Alternative to Cheese 150g,Violife
3941,Mutti Polpa Finely Chopped Tomatoes with Genovese Basil PDO 400g,Mutti
3942,Nature Valley Crunchy Oats & Honey Cereal Bar 42g,Nature Valley
3943,Jude's Maple Sauce 320g,Jude's
3944,Kellogg's Rice Krispies Multigrain Honey Flavour Breakfast Cereal 350g,Kellogg's
3945,Jude's Madagascan Vanilla Vegan Custard 500g,Jude's
3946,Reese's Minis Unwrapped Peanut Butter Cups More to Share Pouch 185g,Reese's
3947,ManiLife Rich Cocoa Smooth Peanut Butter 275g,ManiLife
3948,Virtu Pierogi Z Miesem 400g,Virtu
3949,Violife Cheddarton Cheddar Cheese Alternative,Violife
3950,Sharwood's Korma Curry Cooking Sauce 720g,Sharwood's
3951,Candy Kittens Eton Mess Gourmet Sweets 140g,Candy Kittens
3952,Ocean Spray Tartare Sauce 215g,Ocean Spray
3953,Extra White Chewing Gum Sugar Free 10 Pieces 14g,Unknown
3954,Nature's Finest Mandarin in Juice 700g,Nature's Finest
3955,M&M's Chocolate More To Share Pouch Bag 220g,M&M's
3956,YO! Sweet & Sticky Teriyaki 100g,YO!
3957,Skinny Whip Mint & Dark Chocolate 5x20g,Skinny Whip
3958,Barilla Pasta Maccheroni N.44 500g,Barilla
3959,Alpen Delight White Chocolate & Raspberry Shortcake Bars 5x19g,Alpen
3960,Nissin Cup Noodles Chicken Teriyaki Instant Ramen Style Pot 70g,Nissin
3961,Twinings Superblends Digest Ginger & Turmeric with Fig Tea Bags x20 40g,Twinings
3962,Rhythm108 Swiss Vegan Orange Bar with Dark Chocolate 33g,Rhythm108
3963,Cadbury Chocolate Cake Mix 400g,Cadbury
3964,Kellogg's Variety Packs x8 196g,Kellogg's
3965,Fox's Fabulous Indulgent Centre Triple Chocolate Cookies 160g,Fox's
3966,Doritos Loaded Pepperoni Pizza Sharing Tortilla Crisps Chips 180g,Doritos
3967,Batchelors Pasta 'n' Sauce Pot Chicken & Mushroom Flavour 65g,Batchelors
3968,Nescafé Gold Blend Roastery Collection Light Roast Decaf Instant Coffee 95g,Nescafé
3969,Fudco Dhana Powder 100g,Fudco
3970,Food Thoughts Luxury Dark Chocolate Chips 200g,Food Thoughts
3971,Storck Toffifee Pieces x15 125g,Storck
3972,Bio & Me Cashew & Almond Granola 350g,Bio & Me
3973,Maggi Authentic Malaysian Extra Hot Chilli Sauce 320g,Maggi
3974,Pizza Express Sweet & Smoky BBQ Dipping Sauce 288g,Pizza Express
3975,Toblerone Orange Twist Milk Chocolate Bar 360g,Toblerone
3976,"FareShare £10 Donation (Only available as part of a regular shop, cannot be bought in isolation)",FareShare
3977,Swizzels Drumstick Squashies Banana & Blueberry Flavour 120g,Swizzels
3978,Nairn's Chocolate Orange Oat Biscuits 200g,Nairn's
3979,LU Le Petit Ganache Biscuits 105g,LU
3980,Schär Gluten Free Brioche Burger Buns 160g,Schär
3981,Pukka Night Time Berry Tea Bags 20's 36g,Pukka
3982,Garnier Moisture Bomb Hyaluronic Acid and Orange Juice Hydrating Brightening Eye Sheet Mask 6g,Garnier
3983,Oxo White Wine Stock Pots with Half a Glass in Each Pot 4x20g,Oxo
3984,Baxters Sauerkraut Fermented Cabbage 480g,Baxters
3985,Dino's Famous Chilli Stacker Pickles 530g,Dino's
3986,Costa Coffee Salted Caramel Latte Sachets Drinks 6x17g,Costa Coffee
3987,Cofresh Potato Grills Snack Multipack 5x20g,Cofresh
3988,Ueshima Coffee Company Fuji Mountain Bold Roast Ground Coffee 250g,Ueshima Coffee Company
3989,KTC Blended Olive Oil 5L,KTC
3990,Kenco Iced Hot Vanilla Latte Sachets 8x20.3g,Kenco
3991,Hip Pop CBD Cherry & Blackberry Kombucha 4x330ml,Hip Pop
3992,NOMO Caramelised Biscuit Choc Bar 34g,NOMO
3993,Sun Exotic Pineapple & Coconut Fruit Juice Drink 1L,Sun
3994,Bio & Me Berry Burst Granola 350g,Bio & Me
3995,Quaker Heavenly Oats Chocolate Orange Porridge Pot 59g,Quaker
3996,Pip & Nut Smooth Sweet Salty Peanut Butter 300g,Pip & Nut
3997,Grace Aloe Vera Water Mango 500ml,Grace
3998,Maynards Bassetts Sports Mixture Sweets Bag 165g,Maynards
3999,Potts' Vegetable Stock 500ml,Potts'
4000,Kubus Carrot Raspberry & Apple Drink 850ml,Kubus
4001,Homepride No Added Sugar Tomato & Herb Pasta Bake Sauce 485g,Homepride
4002,Kabuto Noodles Katsu Curry 65g,Kabuto
4003,Barilla Gluten Free Spaghetti 400g,Barilla
4004,Swizzels Drumstick Squashies Sour Cherry & Apple Flavour 140g,Swizzels
4005,Dr. Oetker Baking Rainbow Magic Sprinkles 115g,Dr. Oetker
4006,Heinz Baked Beans No Added Sugar in a Rich Tomato Sauce Great Value Pack 4x200g,Heinz
4007,Extra Blueberry Flavour Sugar Free Chewing Gum Pieces x10,Extra
4008,Cadbury Delights Hazelnut Caramel Chocolate Nougat Bar Pack x5 110g,Cadbury
4009,Spichlerz Miesiwo Dish Of Meat 300g,Spichlerz
4010,Batchelors Cup a Soup Szechuan Hot & Sour Sachets x4 92g,Batchelors
4011,The Spice Tailor Thai Massaman Curry Sauce Kit 275g,The Spice Tailor
4012,Cadbury Dairy Milk Caramel Nibbles Large Sharing Bag 186g,Cadbury
4013,"Tabitha's Chin Chin, Original 140g",Tabitha's
4014,Krakus Kielbasa Zywiecka x12 286g,Krakus
4015,Mazzetti Gold Balsamic Vinegar 250ml,Mazzetti
4016,Reese's Peanut Butter Cup Chocolate Multipack 5x15.4g,Reese's
4017,Nature's Finest Fruit Cocktail In Juice 4x120g,Nature's Finest
4018,Rowntree’s Berry Hearts Sweets Sharing Bag 115g,Rowntree’s
4019,Naked Five Minute Noodles Japanese Chicken Yakisoba 100g,Naked
4020,Santa Maria Extra Fine Selection of Spices Chilli Explosion,Santa Maria
4021,Batchelors Super Noodles Mexican Chicken Fajita Flavour 90g,Batchelors
4022,Natco Cardamom Black 50g,Natco
4023,Barry's Tea Gold Blend Teabags x80,Barry's Tea
4024,Truvia Caster for Baking 360g,Truvia
4025,Twinings English Breakfast Plant Based Tea Bags x40 100g,Twinings
4026,Fulfil Chocolate Hazelnut Whip Flavour Vitamin & Protein Bar 40g,Fulfil
4027,Naturya Organic Sun-Dried Goji Berries 125g,Naturya
4028,Nurishment The Original Banana Flavoured Milk 400g,Nurishment
4029,Mutti Simply Sugo Verdure Vegetables 400g,Mutti
4030,Ocean Spray Seafood Sauce 210g,Ocean Spray
4031,Nairn's Gluten Free Oaties Toffee Flavour 160g,Nairn's
4032,Tymbark Apple Cherry Drink 2L,Tymbark
4033,Quaker Heavenly Oats Caramel Fudge Porridge Pot 58g,Quaker
4034,Dunn's River Fish Seasoning 100g,Dunn's River
4035,Kallo Organic Stock Paste Chicken & Rosemary 100g,Kallo
4036,Serious Pig Snacking Pickles 40g,Serious Pig
4037,Puck Processed Cheese Spread 240g,Puck
4038,Heinz Seriously Good Mayonnaise 215g,Heinz
4039,KP Flavour Kravers Smokin' Paprika Peanuts 140g,KP
4040,Ritter Sport Orange 100g,Ritter Sport
4041,Swizzels Drumstick Squashies Rhubarb & Custard Flavour 140g,Swizzels
4042,The Spice Tailor Indonesian Rendang Curry Sauce Kit 275g,The Spice Tailor
4043,S&B Golden Curry Japanese Curry Mix 92g,S&B
4044,Bear Strawberry & Banana Smoothie Yoyos 5x20g,Bear
4045,Bear Carrot Cake Bars 4x27g,Bear
4046,Natco All Purpose Seasoning 100g,Natco
4047,Tiger Tiger Soba Japanese Style Wheat & Buckwheat Noodles 340g,Tiger Tiger
4048,Mazzetti Balsamic Vinegar White Label 250ml,Mazzetti
4049,KP Salt & Vinegar Peanuts Multipack x5,KP
4050,Weetabix Banana Cereal Pack x24,Weetabix
4051,Oxo 12 Chicken Flavour Stock Cubes 71g,Oxo
4052,Heinz Tomato Pasta Sauce for Bolognese 490g,Heinz
4053,Tracklements Recipe No. 14 Particularly British Piccalilli 170g,Tracklements
4054,Nissin Cup Noodles 5 Spices Beef Flavour Instant Ramen Style Pot 64g,Nissin
4055,Nature Valley Oaty & Crispy Honey Bars 5x23g,Nature Valley
4056,Starburst Vegan Chewy Sweets Fruit Flavoured Sharing Pouch Bag 322g,Starburst
4057,Popchips Sour Cream & Onion Crisps 23g,Popchips
4058,Clipper Organic Citrus Nettle & Fennel Infusion Bags x20,Clipper
4059,Natco Cumin Seeds 400g,Natco
4060,Peperami Single Hot 22.5g,Peperami
4061,Heinz American Style Burger Sauce 418g,Heinz
4062,Kirsty's Luxury Apple Pie 322g,Kirsty's
4063,Al'Fez Lebanese Style Flatbreads with Herby Za'atar 180g,Al'Fez
4064,Wright's Baking Orange Cake Mix 500g,Wright's
4065,Akuku Owocki Jellies 90g,Akuku Owocki
4066,Nescafé Azera Perky Blenders Craft Instant Coffee 75g,Nescafé
4067,Ferrero Collection Gift Box of Chocolates x32 359g,Ferrero
4068,Maggi Hot Liquid Seasoning 100ml,Maggi
4069,Candy Kittens Loves Ashton Attzs Gourmet Sweets 140g,Candy Kittens
4070,Schär Gluten Free Wafer Pocket 50g,Schär
4071,Schär Gluten Free Grissini 3x50g,Schär
4072,Mighty Fine Salted Caramel Honeycomb Dips 90g,Mighty Fine
4073,Ferrero Raffaello White Chocolate with Coconut & Almond Bar 90g,Ferrero
4074,Walkers Max Strong Jalapeño & Cheese Sharing Double Coated Peanuts 175g,Walkers
4075,The Spice Tailor Korma Indian Curry Paste 125g,The Spice Tailor
4076,Hartley's No Added Sugar Blackcurrant Flavour Jelly Pots 6x115g,Hartley's
4077,Tony's Chocolonely Fairtrade Milk Caramel Biscuit 180g,Tony's Chocolonely
4078,Fentimans Rose Lemonade 750ml,Fentimans
4079,Kenco Plant Based Oat Latte Instant Coffee Sachets x6,Kenco
4080,Lavazza Espresso Maestro Ristretto Dark Roasting Capsules x10 57g,Lavazza
4081,Forest Feast Salted Caramel Milk Chocolate Almonds 120g,Forest Feast
4082,Goralki Milky Wafer 50g,Goralki
4083,Elephant Medium Atta 1.5kg,Elephant
4084,Ainsley Harriott Sweet & Spicy Caribbean Cup Soup 60g,Ainsley Harriott
4085,Swizzels Rainbow Drops Bags 96g x3,Swizzels
4086,"Cofresh Bombay Mix Savoury Snack, Special Edition 200g",Cofresh
4087,Heinz Baked Beans No Added Sugar in a Rich Tomato Sauce Great Value Pack 6x200g,Heinz
4088,Fudco Cinnamon Quills 100g,Fudco
4089,Party Pretzels 350g,Unknown
4090,Heinz Chicken Broth Soup 400g,Heinz
4091,Del Monte Fruit Cocktail In Light Syrup 227g,Del Monte
4092,FREEE Gluten Free Xanthan Gum 100g,FREEE
4093,Nando's Flavour Shaker Lemon & Herb Peri Peri Seasoning 50g,Nando's
4094,Nielsen-Massey Pure Orange Extract 60ml,Nielsen-Massey
4095,Nando's Hot Perinaise Peri-Peri Mayonnaise 465g,Nando's
4096,Virtu Zapiekanka With Mushrooms 235g,Virtu
4097,Kellogg's Frosties Breakfast Cereal 330g,Kellogg's
4098,Ramona's Original Falafel 500g,Ramona's
4099,Nature Valley Protein Chocolate & Berries Bars 4x40g,Nature Valley
4100,Plenish Organic Barista Oat 1L,Plenish
4101,Kit Kat 2 Finger Milk Chocolate Biscuit Bar Multipack x21,Kit Kat
4102,Fudco Hot Mango & Lime Pickle 300g,Fudco
4103,"Twinings Cold In'fuse Metabolism with Watermelon, Apple & Zinc, 12 Infusers",Twinings
4104,Fentimans Classic Rose Lemonade 275ml,Fentimans
4105,Belvita Breakfast Honey & Nut with Choc Chips 540g,Belvita
4106,Cofresh Spicy Green Peas & Peanuts 325g,Cofresh
4107,Dr. Oetker Unicorn Confetti Sprinkles 110g,Dr. Oetker
4108,Osem Family Chicken Soup 53g,Osem
4109,Fudco Soya Chunks 150g,Fudco
4110,Cofresh Mango Chutney Grills Flavoured Potato Snack 80g,Cofresh
4111,Napolina Potato Gnocchi 500g,Napolina
4112,Ambrosia Mousse Belgian Chocolate 2x60g,Ambrosia
4113,Kellogg's Mixed Berries Wheats Breakfast Cereal 500g,Kellogg's
4114,Kenco Gold Indulgence Instant Coffee 195g,Kenco
4115,Iliada Extra Virgin Olive Oil 750ml,Iliada
4116,Alpen Delight Chocolate Caramel Shortbread Bars 5x24g,Alpen
4117,Loyd Grossman No Added Sugar Bolognese Pasta Sauce 660g,Loyd Grossman
4118,Cadbury Milk Chocolate Sponge Pudding Desserts 2x95g,Cadbury
4119,Extra Ice Spearmint Sugarfree Chewing Gum 10 Pieces,Extra
4120,Laila Basmati Rice 2kg,Laila
4121,Heinz Seriously Good Light Mayonnaise 230g,Heinz
4122,Natco Kolhapuri Unrefined Jaggery Goor Natural Cane Sugar 500g,Natco
4123,Heinz Broccoli & Stilton Soup 400g,Heinz
4124,Vitasoy Chocolate Flavored Soy Drink 250ml,Vitasoy
4125,Reese's Dipped Pretzels 120g,Reese's
4126,Kallo Organic Stock Paste Vegetable & Mixed Herbs 100g,Kallo
4127,Extra Apple Flavour Sugar Free Chewing Gum Pieces x10,Extra
4128,itsu Crispy Seaweed Thins Sweet Soy & Sea Salt 4x5g,itsu
4129,Lavazza Espresso Maestro Intenso Medium Roasting Capsules x10 57g,Lavazza
4130,Walkers Smoky Bacon Crisps 45g,Walkers
4131,Tariq Halal Lamb Chops 340g,Tariq Halal
4132,Cantina Cali Street Tacos 250g,Cantina
4133,Patak's Mild Curry Spice Paste 283g,Patak's
4134,Grzeski Hazelnut 36g,Grzeski
4135,Extra Refreshers Bubblemint Sugar Free Chewing Gum Handy Box x7,Extra
4136,Kinder Small Multipack Chocolate Bars 4x2.5g,Kinder
4137,Quaker Oat So Simple Caramelised Biscuit Porridge Sachets 10x33.4g,Quaker
4138,Jacob's Mini Cheddars Original Baked Snacks Multipack 22x23g,Jacob's
4139,Kirsty's Beef Lasagne 400g,Kirsty's
4140,Lotte Pepero Almond & Chocolate 32g,Lotte
4141,Mentos Pure Fresh Pure Breath Gum x50 97g,Mentos
4142,YO! Soy Ginger & Garlic Yakisoba Stir Fry 100g,YO!
4143,Lavazza Espresso Maestro Lungo Capsules x10 56g,Lavazza
4144,Thomy Mayonnaise Tube 265g,Thomy
4145,Hartley's 10 Cal Strawberry Daiquiri Flavour Jelly 175g,Hartley's
4146,Nielsen-Massey Pure Lemon Extract 60ml,Nielsen-Massey
4147,Morliny Zywiecka 90g,Morliny
4148,Heinz Sundried Cherry Tomato & Basil Pasta Sauce 490g,Heinz
4149,Natco Crushed Chillies 250g,Natco
4150,Yutaka Sushi Ginger 120g,Yutaka
4151,Odysea Double Stuffed Olives 295g (175g*),Odysea
4152,Heinz Spicy Parsnip Soup 400g,Heinz
4153,Laila Plain Mini Poppadoms 75g,Laila
4154,Reese's Peanut Butter Bar 90g,Reese's
4155,Fox's Fabulous Millionaire's Cookies 180g,Fox's
4156,Lazyday Mini Vic the Vegan Caterpillar Cakes x4 200g,Lazyday
4157,Toblerone Truffles 180g,Toblerone
4158,Cofresh Sweet Chilli Grills Flavoured Potato Snack 80g,Cofresh
4159,Cofresh Caramel Nut Mix 80g,Cofresh
4160,Maggi Authentic Indian Masala Chilli Sauce 400g,Maggi
4161,Reese's Big Cup with Pieces Candy 79g,Reese's
4162,Fullgreen Riced Cauliflower & Broccoli 200g,Fullgreen
4163,Lavazza Decaffeinated Coffee Beans 500g,Lavazza
4164,Cofresh Roasted & Salted Cashews Nuts 60g,Cofresh
4165,Nesquik Mix 325g,Nesquik
4166,Heinz Turkish Style Garlic Sauce 420g,Heinz
4167,Rubicon Sparkling Lychee Juice Drink 2L,Rubicon
4168,Love Corn Smoked BBQ Roasted Corn Snack 45g,Love Corn
4169,Lindt Choco Wafer Milk Chocolate & Hazelnut Sharing Box 135g,Lindt
4170,Good Guys Bakehouse Peppered Biscuit Melts 50g,Good Guys Bakehouse
4171,Tony's Chocolonely Chocolate Love A-Fair Dark Milk Brownie 180g,Tony's Chocolonely
4172,Tarczynski Classic Pork Kabanos 200g,Tarczynski
4173,Options Belgian Choc Orange 220g,Options
4174,Schär Melto 30g,Schär
4175,Sacla' Sun Dried Tomato Pesto Sauce Pesto Pots 2x45g,Sacla'
4176,House of Cake Pink Ombre Flower Cake Decorations x16,House of Cake
4177,Sauce Shop South Carolina BBQ Sauce 260g,Sauce Shop
4178,Freee Gluten Free White Bread Flour 1kg,Freee
4179,Lavazza a Modo Mio Dek Decaf Eco Caps x16 120g,Lavazza
4180,Frugo Orange 250ml,Frugo
4181,Naked Five Minute Noodles Korean BBQ Beef 100g,Naked
4182,Dolmio Pasta Bake Carbonara Pasta Sauce 480g,Dolmio
4183,Fudco Coconut Chips 150g,Fudco
4184,Yutaka Korean Kimchi 200g,Yutaka
4185,Capri-Sun Jungle 8x200ml,Capri-Sun
4186,Ben's Original One Pan Creations Spanish Paella Style 250g,Ben's Original
4187,Lavazza Tierra for Amazonia Organic Ground Coffee 180g,Lavazza
4188,Batchelors Pasta 'n' Sauce Mac 'n' Cheese 65g,Batchelors
4189,Alpen Delight Raspberry Rocky Road Bars 5x24g,Alpen
4190,Heinz Mediterranean Style Aioli Sauce 215g,Heinz
4191,Budweiser Flame Grilled Rib Crispy Coated Peanuts 150g,Budweiser
4192,De Cecco Cavatappi 500g,De Cecco
4193,Billington's Demerara Rough Cut Cafe Cubes 500g,Billington's
4194,Jacob's Mini Cheddars Smoky BBQ Flavour x6 138g,Jacob's
4195,Canderel Liquid Sweetener 50ml,Canderel
4196,OSU Raw Apple Cider Vinegar with The Mother Apple Juice Blend 500ml,OSU
4197,Kellogg's Coco Pops Mega Pops Chocolate Breakfast Cereal 365g,Kellogg's
4198,Rubicon Pineapple Fruit Juice Drink 288ml,Rubicon
4199,Sacla' Roasted Pepper & Crushed Almond Pesto 190g,Sacla'
4200,Dr. Oetker Dark Cooking Chocolate Bar 100g,Dr. Oetker
4201,Odysea Spicy Ajvar 250g,Odysea
4202,Rhythm 108 Vegan Hazelnut Chocolate Praline Biscuit Share Bag 135g,Rhythm 108
4203,Pom-Bear Original Sharing Crisps 65g,Pom-Bear
4204,Twix Chocolate & Caramel Cookies 4x30g,Twix
4205,Ryvita Thins Snack It Sea Salt & Cider Vinegar Flatbread Snacks 125g,Ryvita
4206,Laila Chickpeas 1kg,Laila
4207,Fudco Bold Green Cardamom 50g,Fudco
4208,Wonka Rainbow Nerds 141g,Wonka
4209,Whitby Seafoods Gluten Free Battered Fish Fillets x2 250g,Whitby Seafoods
4210,Reese's Pieces Peanut Butter in a Crunchy Shell Pouch 90g,Reese's
4211,Barebells Protein Milkshake Strawberry Flavour 330ml,Barebells
4212,Paxo Sage & Onion Low Salt Stuffing Mix 170g,Paxo
4213,Crosta & Mollica Black Peppercorn Bolli Italian Crackers 150g,Crosta & Mollica
4214,Whitworths Indian Lentil Dhal 250g,Whitworths
4215,Whitworths Semolina 500g,Whitworths
4216,Kielecki Mayonise 310ml,Kielecki
4217,Lindt Lindor Assorted 337g,Lindt
4218,Kubus Go Strawberry-Banana 300ml,Kubus
4219,Garner's Pickled Cauliflower with Turmeric & Ginger 450g (210g*),Garner's
4220,Bisto Best Vegetable Gravy Granules 230g,Bisto
4221,Mister Free'd Avocado Guacamole Flavour Tortilla Chips 135g,Mister Free'd
4222,Ballymaloe Original Relish 210g,Ballymaloe
4223,Premium Belgian Chocolate Biscuit Box 400g,Unknown
4224,Eat Natural Fruit & Nut Bars Milk Chocolate with Peanuts & Cranberries 3x45g,Eat Natural
4225,Prymat Mustard Deli 185g,Prymat
4226,"Meridian Chocca Chocolate Spread, Charity Edition 240g",Meridian
4227,Butterkist Sweet Microwave Popcorn x3 60g,Butterkist
4228,Fentimans Dandelion & Burdock 750ml,Fentimans
4229,Swizzels Drumstick Squashies Bubblegum Flavour 140g,Swizzels
4230,Twinings Superblends Time to Unwind Strawberry & Camomile with Limeflower Tea Bags x20 36g,Twinings
4231,Grace Hot Pepper Sauce 85ml,Grace
4232,Kallo Organic Tomato & Herb Stock Cubes 6x66g,Kallo
4233,Nando's Flavour Shaker Garlic & Herb Medium Peri Peri Seasoning 50g,Nando's
4234,Princes Strawberries in Light Syrup 410g,Princes
4235,Cofresh Jeera Para 300g,Cofresh
4236,KitKat Chunky Peanut Butter Snacksize Bars 4 x 34g,KitKat
4237,Taylors of Harrogate After Dark Ground Roast Coffee 200g,Taylors of Harrogate
4238,Capsicana Full On Feisty Hot Chipotle & Habanero Salsa 285g,Capsicana
4239,Lavazza Espresso Maestro Decaffeinated Medium Roasting Capsules x10 58g,Lavazza
4240,Naked Five Minute Noodles Singapore Curry 100g,Naked
4241,Tyrrells Furrows Cheese & Pickled Onion Sharing Crisps 150g,Tyrrells
4242,Tony's Chocolonely Fairtrade Milk Crispy Wafer 180g,Tony's Chocolonely
4243,Dorset Cereals Ultimate Fruit & Nut Muesli Crunch Breakfast Cereal 400g,Dorset Cereals
4244,Union Hand-Roasted Coffee Maraba Rwanda Cafetière Grind 200g,Union
4245,Walkers Max Pizza Hut Texan BBQ Sharing Crisps 140g,Walkers
4246,The Natural Confectionery Co. Dina Mix 130g,The Natural Confectionery Co.
4247,Ben's Plant Powered Tikka Masala 285g,Ben's
4248,Wagamama Chicken Ramen Meal Kit 150g,Wagamama
4249,Hartley's 10 Cal Gin & Tonic Flavour Jelly 175g,Hartley's
4250,Kellogg's Crunchy Nut Not So Nutty! Granola 600g,Kellogg's
4251,Ambrosia Deluxe Rice Madagascan Vanilla 2x110g,Ambrosia
4252,McVitie's Hobnobs Chocolate Cream Biscuits 160g,McVitie's
4253,Taylor & Colledge Organic Vanilla Bean Paste 65g,Taylor & Colledge
4254,Budweiser Buffalo Chicken Wings Crispy Coated Peanuts 150g,Budweiser
4255,Batchelors Slim a Soup Creamy Vegetable Sachets x4 59g,Batchelors
4256,Cofresh Sakar Para 300g,Cofresh
4257,Cawston Apple & Summer Berries Fruit Water 3x200ml,Cawston
4258,Ghee Easy Pure Organic Cooking Oil 245g,Ghee Easy
4259,Capsicana Brazilian Chilli & Tomato Cooking Paste 60g,Capsicana
4260,Plenish Organic Oat Dairy Alternative Long Life 1L,Plenish
4261,Patak's Jalfrezi Spice Paste 283g,Patak's
4262,Doisy & Dam Clusters Peanut & Salted Caramel Dark Chocolate 80g,Doisy & Dam
4263,Fudco Green Raisins 250g,Fudco
4264,Jack Daniel's Old No.7 Original BBQ Sauce 553g,Jack Daniel's
4265,Marmite Yeast Extract Crisps 6x25g,Marmite
4266,Ginbis Dream Animals Butter Biscuits 37g,Ginbis
4267,Lavazza Tierra for Africa Organic Ground Coffee 180g,Lavazza
4268,Fudco Garlic Paste 300g,Fudco
4269,Cafedirect 5 Organic Mayan Gold Mexico Ground Coffee 200g,Cafedirect
4270,Rice Dream Rice 1L,Rice Dream
4271,L'OR Espresso Caramel Flavour Coffee Capsules x10,L'OR
4272,Schär Gluten Free Curvies BBQ 170g,Schär
4273,Batchelors Cup a Soup Thai Sweet Potato & Carrot Sachets x4 86g,Batchelors
4274,Kedem Blush Grape Juice 650ml,Kedem
4275,Capsicana Easy Going Salsa 285g,Capsicana
4276,Oshee Multifruit Flavour Isotonic Drink with Sweeteners 0.75L,Oshee
4277,Capsicana Tortilla Chips Lightly Salted 170g,Capsicana
4278,Schär Gluten Free Crostini 150g,Schär
4279,McVitie's Chocolate Digestive Mini's Multipack Biscuits 5x95g,McVitie's
4280,Fudco Hot Mango Pickle 300g,Fudco
4281,NOMO Cookie Dough 150g,NOMO
4282,Sauce Shop Scotch Bonnet Chilli Jam 240g,Sauce Shop
4283,Selga Classic Biscuits 180g,Selga
4284,Cofresh Chilli & Lemon Grills Flavoured Potato Snacks 5 x 20g,Cofresh
4285,Fudco Kasuri Methi 50g,Fudco
4286,Jacob's Mediterranean Rosemary Crackers 190g,Jacob's
4287,Tiger Tiger Udon Japanese Style Noodles 2x200g,Tiger Tiger
4288,"KTC Virgin Coconut Oil, Organic 500ml",KTC
4289,Cofresh Thin Sev Savoury Indian Snack 325g,Cofresh
4290,Supermalt Less Sugar Non-Alcoholic Malt Beverage with B Vitamins 6x330ml,Supermalt
4291,Halva Vkusnyasha Saharnaya 250g,Vkusnyasha
4292,E. Wedel Classic Dark Chocolate 90g,E. Wedel
4293,Maynards Bassetts Fizzy Fish Jellies 130g,Maynards
4294,Fudco Mild Mango Pickle 300g,Fudco
4295,Rubicon Still Guava Fruit Juice Drink 288ml,Rubicon
4296,Gourmet Burger Kitchen BBQ Relish 250g,Gourmet Burger Kitchen
4297,De Cecco Farfalle 93 500g,De Cecco
4298,Fudco Plain Pappadums 200g,Fudco
4299,Tony's Chocolonely Fairtrade Milk Creamy Hazelnut Crunch 180g,Tony's Chocolonely
4300,Extra Refreshers Peppermint Sugar Free Chewing Gum Bottle 30pcs,Extra
4301,Fentimans Classic Curiosity Cola 750ml,Fentimans
4302,Sauce Shop Amarillo Chilli Jam 240g,Sauce Shop
4303,Extra Refreshers Bubblemint Sugar Free Chewing Gum Bottle x30,Extra
4304,Sour Patch Kids Fruit Flavour Gums 350g,Sour Patch Kids
4305,Tracklements Recipe No. 71 Apple & Cider Brandy Chutney 200g,Tracklements
4306,Polish Specialities Marinated Mushrooms 290g,Polish Specialities
4307,Nature Valley Crunchy Dipped Milk Chocolate Flavour 8x20g,Nature Valley
4308,Cadbury Dairy Milk Mint Crisp 54g,Cadbury
4309,H!P Cookies No Cream Oat Milk Vegan Chocolate 70g,H!P
4310,Fentimans Classic Rose Lemonade 4x275ml,Fentimans
4311,Rakusen's Thick Pea Soup 400g,Rakusen's
4312,Colman's Recipe Mix Chicken Chasseur 43g,Colman's
4313,Plant Pioneers No Chicken Chow Mein Style Noodles 75g,Plant Pioneers
4314,Island Sun Red Kidney Beans 500g,Island Sun
4315,Tracklements Recipe No. 54 Tomato & Chilli Chutney 190g,Tracklements
4316,Cadbury Chocolate Animals Biscuits pack 5x19.9g,Cadbury
4317,Sokolow Doktorska 500g,Sokolow
4318,John West Tuna Chunks with a Little Sunflower Oil 3x110g,John West
4319,Naked Free From Japanese Style Katsu Curry Long Grain Rice 78g,Naked
4320,Whole Earth Drizzler Golden Roasted Peanut Butter 320g,Whole Earth
4321,Cadbury Chocolate Mini Fingers Biscuits pack 5x19.3g,Cadbury
4322,Monster Energy Drink 9x500ml,Monster Energy
4323,Batchelors Cup a Soup Thai Green Curry Sachets x4 69g,Batchelors
4324,Cadbury Chocolate Cookie Mix 265g,Cadbury
4325,Califia Farms Cold Brew Caramel Oat Coffee 750ml,Califia Farms
4326,Lavazza Tierra for Planet Organic Ground Coffee 180g,Lavazza
4327,Bio & Me Nice & Nutty Gluten Free Porridge 58g,Bio & Me
4328,Sizzola Air Fryer Spray Oil 190ml,Sizzola
4329,Thorntons Pearls Salted Caramel Sensation 167g,Thorntons
4330,Aleyna Hot Chillies 470g (190g*),Aleyna
4331,Graze Peri Peri Vegan Mixed Sharing Snacks 100g,Graze
4332,Nescafé Gold Golden Honeycomb Aero Mocha Sachets 7x19g,Nescafé Gold
4333,Dr. Oetker Glamour & Sparkle Sprinkles 115g,Dr. Oetker
4334,Merchant Gourmet Wholegrain Spelt 250g,Merchant Gourmet
4335,Nature Valley Crunchy Dipped Cereal Bars Oats & Yoghurt Flavour 8x20g,Nature Valley
4336,Maryland Caramel Crisp Minis Cookies 19.8g,Maryland
4337,Sarson's Hot & Spicy Onions 460g,Sarson's
4338,Quaker Oat So Simple Caramelised Biscuit Porridge Pot 57g,Quaker
4339,Polish Specialities Sauerkraut 500g,Polish Specialities
4340,Blue Dragon Reduced Sugar Thai Sweet Chilli Sauce 190ml,Blue Dragon
4341,Nescafé Gold Chocolate Caramel Brownie Mocha Sachets 7x21.4g,Nescafé Gold
4342,Basics 12 Cup Bun Tray,Basics
4343,Knorr Gravy Pot Chicken 4 x 28 g,Knorr
4344,Tribe Choc Peanut Triple Decker 40g,Tribe
4345,Blue Dragon Mild Thai Sweet Chilli Sauce 380g,Blue Dragon
4346,Twinings Lady Grey Plant Based Tea Bags x40 100g,Twinings
4347,H!P Salty Pretzel Oat Milk Vegan Chocolate 70g,H!P
4348,Hellmann's Vegan Mayonnaise 475g,Hellmann's
4349,Merchant Gourmet Zesty Coconut Lime Leaf Wholegrain & White Rice 250g,Merchant Gourmet
4350,Hi-Chew Strawberry 50g,Hi-Chew
4351,Dr. Oetker Extra Dark Cooking Chocolate Bar 100g,Dr. Oetker
4352,itsu Ramen Ready Spicy Broth 86g,itsu
4353,Goralki Wafer Chocolate Filling 50g,Goralki
4354,Island Sun Black Eye Beans 500g,Island Sun
4355,KA Sparkling Black Grape Juice Soft Drink 2L,KA
4356,Sarson's Mixed Pickle 460g,Sarson's
4357,Kellogg's Nutri-Grain Morning Bar Strawberry 37g,Kellogg's
4358,Island Sun Popcorn Kernels 500g,Island Sun
4359,Taylors of Harrogate Lazy Sunday Beans Roast Coffee 200g,Taylors of Harrogate
4360,Hu Hazelnut Butter Dark Chocolate Bar 60g,Hu
4361,Lee Kum Kee Chilli Garlic Sauce 190g,Lee Kum Kee
4362,Shan Recipe & Seasoning Mix Special Bombay Biryani 60g,Shan
4363,Goldenfry Original Gravy Granules Onion 300g,Goldenfry
4364,Starbucks Vanilla Macchiato by Nescafe Dolce Gusto Coffee Pods x12,Starbucks
4365,Fudco Raisins & Berry Mix 250g,Fudco
4366,Karyatis Mediterranean Blend Oil 2L,Karyatis
4367,Mrs Crimble's Gluten Free Caramel Macaroons x6,Mrs Crimble's
4368,Ovaltine Biscuits 150g,Ovaltine
4369,Sarson's Red Cabbage 445g,Sarson's
4370,Up & Go Breakfast Shake Vanilla 300ml,Up & Go
4371,Palwin No. 10 Menorah Red 75cl,Palwin
4372,Kikkoman Less Salt Soy Sauce 500ml,Kikkoman
4373,Lindt Choco Wafer Assorted Chocolate Sharing Box 138g,Lindt
4374,Graze Marmite Crunch 28g,Graze
4375,Taylors of Harrogate Brasilia Ground 200g,Taylors of Harrogate
4376,Monster Energy Aussie Style Lemonade 500ml,Monster Energy
4377,Whitworths Brazilian Smoky Beans 250g,Whitworths
4378,Lee Kum Kee Char Siu Sauce 225g,Lee Kum Kee
4379,Filippo Berio Classico Olive Oil 250ml,Filippo Berio
4380,Old El Paso Mild Smoky BBQ Tortilla Pockets Fajita Kit 380g,Old El Paso
4381,Cofresh Chana Dal 325g,Cofresh
4382,Grace Halal Corned Beef 340g,Grace
4383,Love Corn Sea Salt Crunchy Corn 45g,Love Corn
4384,Colman's Big Night In Chicken Kebab Recipe Mix 30g,Colman's
4385,Buttermilk Caramel Nougat Choccy Bars 150g,Buttermilk
4386,Hartley's Jelly Sours Strawberry Flavour 125g,Hartley's
4387,Mentos Rolls Fruit 37.5g,Mentos
4388,Galaxy Smooth Milk Cookies 4x30g,Galaxy
4389,Taylors of Harrogate Rich Italian Beans Roast Coffee 700g,Taylors of Harrogate
4390,Mae Ploy Red Curry Paste 400g,Mae Ploy
4391,Galaxy Smooth Mint Chocolate Block Bar 110g,Galaxy
4392,Tribe Nut Butter Triple Decker Vegan Honeycomb 40g,Tribe
4393,Hi-Chew Green Apple 50g,Hi-Chew
4394,Nairn's Sourdough Flatbreads 125g,Nairn's
4395,McVitie's Hobnobs Vanilla Creams Biscuits 160g,McVitie's
4396,Al'Fez Middle Eastern Shawarma Kebab Paste Marinade 165g,Al'Fez
4397,Tahira Spicy Chicken Franks x10 340g,Tahira
4398,The Chia Co Black Chia Seed 453g,The Chia Co
4399,Cadbury Dairy Milk Chocolate Fruitier & Nuttier Trail Mix 100g,Cadbury
4400,Laila Green Lentils 1kg,Laila
4401,Truvia Brown for Baking 320g,Truvia
4402,Lavazza Organic Coffee Beans 500g,Lavazza
4403,Bahlsen Choco Leibniz Orange 111g,Bahlsen
4404,Odysea Chickpeas in a Rich Tomato Sauce with Carrots Extra Virgin Olive Oil & Cumin 310g,Odysea
4405,McCoy's Bangin' BBQ Potato Crisps x6 25g,McCoy's
4406,Walkers Max Strong Chilli & Lime Sharing Double Coated Peanuts 175g,Walkers
4407,Maynards Bassetts Wine Gums Juicies 130g,Maynards Bassetts
4408,Fox's Party Rings Choc Minis 5x21g,Fox's
4409,Quaker Rolled Porridge Oats 500g,Quaker
4410,Jacob's Cheddars Cheese & Pickle Flavour 150g,Jacob's
4411,S&B Wasabi 43g,S&B
4412,Candy Kittens Gourmies Sweet Raspberry & Guava 140g,Candy Kittens
4413,Kellogg's Rice Krispies Squares Cookies & Cream Bar 136g,Kellogg's
4414,Nairn's Original Wholegrain Crackers 160g,Nairn's
4415,McVitie's BN Chocolate Mini Rolls Cakes x5,McVitie's
4416,Rajah Haldi Ground Turmeric 1kg,Rajah
4417,Patak's Mango Chutney 210g,Patak's
4418,Tony's Chocolonely Littl' Bits Milk Caramel Sea Salt & Biscuit Mix 100g,Tony's Chocolonely
4419,Bonne Maman Hazelnut Chocolate Spread 360g,Bonne Maman
4420,McCoy's Curry Sauce Flavour Ridge Cut Potato Crisps x6 25g,McCoy's
4421,Nature Valley Protein Peanut & Chocolate Cereal Bars 40g,Nature Valley
4422,Mae Ploy Green Curry Paste 400g,Mae Ploy
4423,"FareShare £1 Donation (Only available as part of a regular shop, cannot be bought in isolation)",FareShare
4424,McCoy's Ridge Cut Sizzling King Prawn Flavour Potato Multipack Crisps 6x25g,McCoy's
4425,Del Monte Peach Slices In Light Syrup 227g,Del Monte
4426,Bio & Me Spiced Apple Gluten Free Porridge 58g,Bio & Me
4427,Dolce Gusto Americano Decaffeinato 16x8g,Dolce Gusto
4428,Karyatis Greek Extra Virgin Olive Oil 1L,Karyatis
4429,itsu Crystal'Noodles Sesame Glaze 77g,itsu
4430,"Merchant Gourmet Spiced Mango, Chilli & Lime Wholegrain & White Rice 250g",Merchant Gourmet
4431,Tahira Beef Burgers 816g,Tahira
4432,Lindt Lindor Blood Orange 200g,Lindt
4433,Fox's Fabulous Indulgent Centre Chocolate Orange Cookies 160g,Fox's
4434,Laila Mini Poppadoms Yoghurt Mint & Coriander 75g,Laila
4435,Ocean Spray Mint Sauce 240g,Ocean Spray
4436,Sarson's Sweet Onions 460g,Sarson's
4437,Tracklements Recipe No 24 Creamy Tartare Sauce 160g,Tracklements
4438,John West Wild Pacific Pink Salmon 213g,John West
4439,Tony's Chocolonely Littl' Bits Triple Chocolate Mix 100g,Tony's Chocolonely
4440,Buttermilk Coconut Choccy Bar 45g,Buttermilk
4441,Quaker Oat So Simple Simply Apple Sachets 271g,Quaker
4442,Capsicana Latin Flavour Argentinian Sizzling Steak Seasoning Mix 28g,Capsicana
4443,Dunn's River Peas & Beans 400g (240g*),Dunn's River
4444,Kinder Chocolate Small Bars Multipack 24x12.5g,Kinder
4445,Fentimans Classic Cherry Cola 275ml,Fentimans
4446,McVitie's Jaffa Cake Jonuts Biscuits Single Serve Pack,McVitie's
4447,Dole Apple & Cinnamon with Plant Based Cream Dessert 4x123g,Dole
4448,itsu Crispy Seaweed Thins Wasabi 4x5g,itsu
4449,Yeo's Laksa Paste 185g,Yeo's
4450,LEON Herbed Wholegrain Microwave Rice 240g,LEON
4451,Cafedirect Decaf Machu Picchu Peru Ground Coffee 200g,Cafedirect
4452,Sacla' Vegan Basil Pesto Pots 2x45g,Sacla'
4453,Colman's Recipe Mix Cottage Pie 45g,Colman's
4454,Love Corn Sea Salt Delicious Crunchy Corn 5x20g,Love Corn
4455,Epic Snax Co. American Style Giant Toastin Marshmallows 500g,Epic Snax Co.
4456,Yeo's Sambal Oeleck 250ml,Yeo's
4457,Walkers Oven Baked Prawn Cocktail Flavoured Crisp Snacks 37.5g,Walkers
4458,Jolly Rancher Gummies Sours 99g,Jolly Rancher
4459,OREO Choco Brownie Sandwich Biscuits 154g,OREO
4460,Odysea Aubergine Imam 310g,Odysea
4461,SlimFast Snack Bag Baked Sour Cream & Chive Flavour Bitessingle serve 23g,SlimFast
4462,Tony's Chocolonely Dark Creamy Hazelnut Crunch 180g,Tony's Chocolonely
4463,Heinz Organic Tomato Ketchup 580g,Heinz
4464,Nielsen-Massey Pure Coffee Extract 60ml,Nielsen-Massey
4465,Yutaka Sushi Roll Meal Kit 260g,Yutaka
4466,Brown & Polson Cornflour 500g,Brown & Polson
4467,Dr. Oetker Milk Chocolate Gold Pearls Cake Decorations x12,Dr. Oetker
4468,Bahlsen Butter Leaves Shortcake Thins Buttery Biscuit 125g,Bahlsen
4469,Baxters Favourites Cream of Tomato 4x400g,Baxters
4470,Heinz Vegan Mayo 775g,Heinz
4471,Sawanotsuru Japanese Sake 180ml,Sawanotsuru
4472,Batchelors American Buffalo Sauce Flavour Super Noodles 90g,Batchelors
4473,Nescafé 3 In 1 Caramel Instant Coffee Sachets 16x16g,Nescafé
4474,Dolmio Intensify Spicy Red Pepper Smoked Paprika & Chilli Pasta Sauce 400g,Dolmio
4475,Oddpods Chickpeas 200g,Oddpods
4476,Pimlico Confectioners Fruit Jellies 450g,Pimlico Confectioners
4477,Taylor & Colledge Fairtrade Organic Vanilla Extract 100ml,Taylor & Colledge
4478,Heinz Peppa Pig Pasta Shapes Snap Pots 4x190g,Heinz
4479,House of Cake Daisies Sugar Piping x12,House of Cake
4480,Yorkie Duo Chocolate Bar 72g,Yorkie
4481,Japanese Style Mochi Matcha 210g,Unknown
4482,McVitie's Blissfuls Belgian Milk Chocolate & Hazelnut Biscuits 172g,McVitie's
4483,Laila Red Split Lentils 2kg,Laila
4484,Candy Kittens Wild & Free 140g,Candy Kittens
4485,Booja-Booja Organic Chocolate Salted Caramel Truffles 92g,Booja-Booja
4486,Blue Dragon White Rice Vinegar 150ml,Blue Dragon
4487,Manilife Deep Roast Salted Peanuts 75g,Manilife
4488,Pip & Nut The Ultimate Crunchy Peanut Butter 1kg,Pip & Nut
4489,Huel Berry Ready to Drink Complete Meal 500ml,Huel
4490,Whitworths Mexican Spicy Grains 250g,Whitworths
4491,Gefen Israeli Couscous 250g,Gefen
4492,Princes Plant Based Chunky Vegetable Curry 392g,Princes
4493,Dr. Oetker Chocolatey Sprinkles Mix 93g,Dr. Oetker
4494,Taylors of Harrogate Rich Italian Decaf Ground Roast Coffee 200g,Taylors of Harrogate
4495,Kinder Chocolate Medium Snack Bars Multipack 2x21g,Kinder
4496,Tony's Chocolonely Fairtrade Tiny Flavours Mix of Chocolate 180g,Tony's Chocolonely
4497,BFree Gluten Free Oat Loaf 350g,BFree
4498,TyrrellsTomato & Chilli Chutney Flavour Hand Cooked English Crisps 150g,Tyrrells
4499,Lee Kum Kee Sichuan Style Hot & Spicy Stir Fry Sauce 190g,Lee Kum Kee
4500,Polish Specialities Red Cabbage 650g,Polish Specialities
4501,Pamapol Flaczki (Beef Tripe) 500g,Pamapol
4502,Yorkie Raisin & Biscuit Chocolate Duo Bar 66g,Yorkie
4503,M&M's Crispy 246g,M&M's
4504,Whitworths Strawberry Mango Flavour Fusions 75g,Whitworths
4505,Rowntree’s Safari Mix Sweets Sharing Bag 115g,Rowntree’s
4506,Cadbury Dairy Milk Golden Crisp 54g,Cadbury
4507,Fudco Pitted Dates 300g,Fudco
4508,Fudco Ginger & Garlic Paste 300g,Fudco
4509,Sea Castle Sardines in Pure Olive Oil 125g,Sea Castle
4510,itsu Crispy Seaweed Thins Sriracha 4x5g,itsu
4511,Tassimo Kenco Café Au Lait Coffee Pods x16,Tassimo
4512,Natco Paprika Powder 400g,Natco
4513,Violife Mozzarella Flavour Slices 160g,Violife
4514,Hu Almond Butter & Crispy Quinoa Dark Chocolate Bar 60g,Hu
4515,KitKat Chunky Duo 64g,KitKat
4516,Moo Free Bunnycomb 20g,Moo Free
4517,Princes Plant Based Mexican Mixed Bean Chilli 392g,Princes
4518,Lee Kum Kee Rich & Savoury Noodle Stir-Fry Sauce 50g,Lee Kum Kee
4519,Tony's Chocolonely Rainbow Tasting Pack x6 50g,Tony's Chocolonely
4520,Lindt Classic Recipe Vegan Caramel Sea Salt Chocolate Bar 100g,Lindt
4521,itsu Ramen Ready Original Broth 86g,itsu
4522,Cadbury Fruitier & Nuttier Chocolate Trail Mix Pack x3 105g,Cadbury
4523,Newman's Own Dressing & Dip Chipotle Ranch 250ml,Newman's Own
4524,Batchelors Pasta 'n' Sauce Chefs Special Caramelised Onion & Smoky Bacon Flavour Pasta Sachet 99g,Batchelors
4525,Rice Krispies Squares American Style Strawberry Sundae Flavour Bars 4x29g,Rice Krispies
4526,Nescafé Gold Iced Latte Vanilla Cream 7x15g,Nescafé
4527,L'OR Espresso Vanilla Flavour Coffee Capsules x10,L'OR
4528,Bolands Jam Mallows 250g,Bolands
4529,Fridge Raiders Variety Pack Chicken Snack Bites 7x22.5g,Fridge Raiders
4530,Options Winter Edition Belgian Choc Praline Flavour 220g,Options
4531,Weetabix Oatibix Flakes Nutty Crunch Cereal 450g,Weetabix
4532,McVitie's Digestives Double Chocolate Biscuits 250g,McVitie's
4533,Blue Riband Original Milk Chocolate Wafer Biscuit Bar Multipack x6 18g,Blue Riband
4534,Select Memorial Candles in Tin,Select
4535,Oshee Energy Classic 250ml,Oshee
4536,Heinz Mash Ups Mayoracha Mayonnaise Sriracha Sauce 400g,Heinz
4537,Healthy Boy Brand Thai Sweet Chilli Sauce 300ml,Healthy Boy Brand
4538,Lavazza Espresso Barista Intenso Coffee beans 1kg,Lavazza
4539,Natco Rice Flour 1.5kg,Natco
4540,Kellogg's Crunchy Nut Salted Caramel Breakfast Cereal 375g,Kellogg's
4541,Monster Energy Drink Ultra Fiesta Mango Zero Sugar 9x500ml,Monster Energy
4542,Tony's Chocolonel Chocolate Love A-Fair White Strawberry Cheesecake 180g,Tony's Chocolonel
4543,S&B Golden Curry Japanese Curry Mix Hot 92g,S&B
4544,LEON Tomato Ketchup 280g,LEON
4545,itsu Crystal Noodles Sweet Soy Glaze 73g,itsu
4546,Fudco Methi Seeds 100g,Fudco
4547,Jacob's Cheddars Original Twin Pack 2x150g,Jacob's
4548,LEON Spicy Wholegrain Microwave Rice 240g,LEON
4549,Rajah Dhaniya Ground Coriander 1kg,Rajah
4550,Ben's Original One Pan Creations Indian Biryani Style 250g,Ben's Original
4551,Bartenura Moscato 75cl,Bartenura
4552,Extra Refreshers Peppermint Sugar Free Chewing Gum Handy Box x7,Extra
4553,Dr. Oetker Milk Cooking Chocolate Bar 100g,Dr. Oetker
4554,Cadbury Brunch Nuts Peanut & Almond Bars 3x35g,Cadbury
4555,Laila Mung Dal Yellow 1kg,Laila
4556,Cofresh Light Chilli & Lemon Grills Flavoured Yellow Pea Snack 80g,Cofresh
4557,Hu Cashew Butter & Pure Vanilla Bean Dark Chocolate Bar 60g,Hu
4558,Twinings Spicy Chai Plant-Based Tea Bags 100g x40,Twinings
4559,Kotlin Tomato Paste Concentrate 190g,Kotlin
4560,Capri-Sun Double Strength Tropical No Added Sugar Multivitamin Squash 1L,Capri-Sun
4561,Kind Maple Pecan Almond Snack Bar 40g,Kind
4562,KA Sparkling Fruit Punch Soft Drink 2L,KA
4563,Blue Dragon Hot Thai Sweet Chilli Sauce 380g,Blue Dragon
4564,Blue Dragon Katsu Curry Paste 170g,Blue Dragon
4565,Nesquik Choco Waves 330g,Nesquik
4566,Fibre One Crispy Choc Brownies 90 Calorie 5x24g,Fibre One
4567,Walkers Max Pizza Hut Pepperoni Feast Multipack Crisps x6 27g,Walkers
4568,Urban Fruit Gently Baked Coconut Chips 4x18g,Urban Fruit
4569,Baxters Caramelised Onion Chutney 290g,Baxters
4570,Dolmio Intensify Mild Creamy Garlic & Black Pepper Pasta Sauce 390g,Dolmio
4571,Garner's Gin Pickled Gherkin 430g (215g*),Garner's
4572,Capsicana Latin Fusion Tomato & Coconut Fajita Kit 455g,Capsicana
4573,Dunn's River Original Chicken Fry Mix 300g,Dunn's River
4574,Thomas Fudge's Dark Chocolate Florentines,Thomas Fudge's
4575,Discos Salt & Vinegar Grab Bag Crisps 50g,Discos
4576,Natco Garlic Powder 400g,Natco
4577,Tony's Chocolonely Littl' Bits Milk Marshmallow & Biscuit Mix 100g,Tony's Chocolonely
4578,Walkers Crinkles Cheddar Cheese & Onion Multipack Crisps x5 23g,Walkers
4579,Blue Dragon Teriyaki Sauce 190ml,Blue Dragon
4580,Love Corn Sour Cream & Chive Flavour Delicious Crunchy Corn 115g,Love Corn
4581,KA Sparkling Pineapple Juice Soft Drink 2L,KA
4582,Mr Kipling Chocolate Fudge Fill & Glaze Icing 400g,Mr Kipling
4583,Ritter Sport Smooth Vegan Chocolate 100g,Ritter Sport
4584,Natco Cashew Kernels 750g,Natco
4585,Sodziaus Green Peas 680g,Sodziaus
4586,Sacla' Sun Dried Tomato Pesto 290g,Sacla'
4587,Kabuto Noodles Miso Ramen 65g,Kabuto Noodles
4588,Walkers Max Pizza Hut Pepperoni Feast Sharing Crisps 140g,Walkers
4589,Fudco Pappadums Black Pepper 200g,Fudco
4590,Teapigs Organic Snooze Sleepy Tea with Lavender 15x3g,Teapigs
4591,Bigga Grape Flavour Soft Drink 600ml,Bigga
4592,McVitie's Blissfuls Belgian Milk Chocolate & Caramel Biscuits 172g,McVitie's
4593,Twinings BioBlends Golden English Breakfast Tea Tea Bags x18 45g,Twinings
4594,Sarson's Distilled Pickling Vinegar 950ml,Sarson's
4595,Cadbury Dairy Milk Tiffin 53g,Cadbury
4596,LEON Smoked Garlic Aioli 240ml,LEON
4597,Lotus Biscoff Milk Chocolate with Biscoff Cream 180g,Lotus Biscoff
4598,Bonne Maman Caramelised Apple Spread 275g,Bonne Maman
4599,Bigga Fruit Punch Flavour Soft Drink 600ml,Bigga
4600,Wagamama Firecracker Mayo 240g,Wagamama
4601,Twinings Organic Pure Peppermint Tea Bags 40g x20,Twinings
4602,Kinder Surprise Natoons Egg 20g,Kinder
4603,John West Tuna Chunks with a Little Brine 3x110g,John West
4604,Kabuto Mac & Cheese Original 85g,Kabuto
4605,Proper Chips Sea Salt Lentil Chips 20g,Proper Chips
4606,Fentimens Classic Ginger Beer 4x275ml,Fentimens
4607,Maynards Bassetts Jelly Babies Mts 350g,Maynards
4608,Fox's Fabulous Chocolatey Indulgent Creams Hazelnut Flavour 130g,Fox's
4609,Natco Pure Milk Powder 300g,Natco
4610,Dole Peach & Vanilla with Plant Based Cream Dessert 4x123g,Dole
4611,Lotus Biscoff White Chocolate with Biscoff Cream 180g,Lotus
4612,KTC Blended Olive Pomace Oil 1L,KTC
4613,Sarson's Silverskin Onions 460g,Sarson's
4614,Popchips Hot & Spicy Flavour Potato Snacks 85g,Popchips
4615,Mahi Bhut Jolokia Hot Pepper Sauce 165g,Mahi
4616,Steinhauer Opiata Marinated Mushrooms 530g,Steinhauer
4617,Fudco Sweet Red Chilli Pickle 340g,Fudco
4618,Fudco Dosai Instant Mix 500g,Fudco
4619,Tracklements Recipe No. 17 Indian Mango Chutney 210g,Tracklements
4620,Loacker Classic Peanut Butter 90g,Loacker
4621,Regal Siprus Pink Guava Nectar 2 Ltr,Regal
4622,Choccie Dodgers Minis Flavour 117g,Choccie Dodgers
4623,Wagamama Katsu Mayo 240g,Wagamama
4624,Kellogg's Barista Edition Crunchy Nut Granola Chocolate Mocha Flavour 350g,Kellogg's
4625,Odysea Piri Piri Stuffed Olives 290g (150g*),Odysea
4626,Fruittella In the Snow Jellies 110g,Fruittella
4627,Thatchers Blood Orange Cider 10x330ml,Thatchers
4628,Slush Puppie the Original Squeezee 10x60ml,Slush Puppie
4629,Walkers Less Salt Lightly Salted Crisps 45g,Walkers
4630,Britannia Good Day Butter Cookies 216g,Britannia
4631,Haribo Box of Happy 120g,Haribo
4632,Freee Gluten Free Baking Powder 130g,Freee
4633,Clif Bar White Chocolate Macadamia Nut Flavour Energy Bar 68g,Clif Bar
4634,Odysea Etna Nocellara Pitted Olives 290g (150g),Odysea
4635,Fentimans Classic Cherry Cola 750ml,Fentimans
4636,Chase Pink Grapefruit & Pomelo Gin 70cl,Chase
4637,Yeo's Nasi Goreng Paste 190g,Yeo's
4638,Taylors of Harrogate Decaffe Beans Roast Coffee 200g,Taylors of Harrogate
4639,Merchant Gourmet Rich Sun Blush Tomato & Basil Wholegrain & White Rice 250g,Merchant Gourmet
4640,Haribo Peaches Sweets Bag 150g,Haribo
4641,World Of Nuts Dry Roast Salted Almond 180g,World Of Nuts
4642,White Rabbit Vegan Porcini Mushroom Risotto 180g,White Rabbit
4643,Butterkist Crunchy Hazelnut Chocolate Flavour Toffee Popcorn 155g,Butterkist
4644,Grace Macaroni And Cheese 206g,Grace
4645,Bon ChanceCheese & Garlic Bread Crisps 110g,Bon Chance
4646,Natco Tandoori Masala 400g,Natco
4647,Baxters Kimchi Korean Inspired Cabbage with Chilli Pepper 300g,Baxters
4648,Go Ahead Fruit Slices Apple 43g,Go Ahead
4649,McVitie's BN Raspberry Mini Rolls Cakes x5,McVitie's
4650,Maynards Bassetts Sports Mix Juicies 130g,Maynards Bassetts
4651,Achva Vanilla Sesame Halva 454g (p),Achva
4652,Candy Kittens Shox Gourmet Sours 140g,Candy Kittens
4653,Mutti Parma Vegan Bolognese with Pea Protein 400g,Mutti
4654,Forest Feast Valencia Orange Milk Chocolate Almonds 120g,Forest Feast
4655,Osem Sesame Cracker 250g,Osem
4656,Kenco Plant Based Almond Latte Instant Coffee Sachets x6,Kenco
4657,Starbucks Smooth Caramel Flavoured Coffee Capsules,Starbucks
4658,Patak's Punjabi Style Tikka Masala Curry Sauce Kit 270g,Patak's
4659,Betty Crocker Rainbow Cookie Mix 495g,Betty Crocker
4660,Buttermilk Zingy Orange Choccy Segments 100g,Buttermilk
4661,Batchelors Super Noodles Vindaloo Flavour Instant Noodle Pot 75g,Batchelors
4662,Akash Gold Basmati Rice 2kg,Akash
4663,Homepride No Added Sugar Pasta Bake Sauce Tomato & Cheddar Cheese 485g,Homepride
4664,Thomas Fudge's Milk Chocolate Florentines,Thomas Fudge's
4665,Schär Gluten Free Balance of Both 260g,Schär
4666,Trek Power Lotus Biscoff 3x44g,Trek
4667,Monster Energy Drink Pipeline Punch 9x500ml,Monster Energy
4668,The Happy Snack Company Crunchy Roasted Chickpeas Lightly Salted Flavour 4x25g,The Happy Snack Company
4669,Oshee Zero Multifruit Flavour Drink 0.75L,Oshee
4670,Colman's Big Night In Salt & Pepper Chicken Recipe Mix 23g,Colman's
4671,Suhana Butter Chicken Masala Spice Mix 50g,Suhana
4672,Fudco Lime & Chili Pickle 300g,Fudco
4673,Laila Chana Dal 1kg,Laila
4674,Merchant Gourmet Mixed Mushrooms 30g,Merchant Gourmet
4675,"Encona Taste Explorers Jamaican Jerk BBQ Sauce, Mild 220ml",Encona
4676,Moo Free Cookie Crunch White Choccy Bar with Crunchy Cocoa Balls 35g,Moo Free
4677,Ritter Sport Nut Selection White Whole Hazelnuts 100g,Ritter Sport
4678,Grace Mighty Malt Premium Original Non-Alcoholic Drink 6x330ml,Grace
4679,Fanta Lemon 24x330ml,Fanta
4680,Heinz Disney Frozen Pasta Shapes Snap Pots 4x190g,Heinz
4681,Ocean Spray Horseradish Sauce 215g,Ocean Spray
4682,Supermalt Original Sleek Can 330ml,Supermalt
4683,Grace Coconut Water 330ml,Grace
4684,Bigga Pineapple Flavour Soft Drink 600ml,Bigga
4685,Dr. Oetker White Chocolate Flavour Letters & Numbers 40g,Dr. Oetker
4686,Capsicana Mexican Smoky Chipotle Fajita Kit 455g,Capsicana
4687,Fox's Fabulous Chocolatey Indulgent Creams Honeycomb 130g,Fox's
4688,Lily O'Brien's Dark & Milk Choc Blend Caramel Sea Salt Bag 110g,Lily O'Brien's
4689,The Happy Snack Company Roasted Fava Beans Sea Salt & Balsamic Vinegar Flavour 4x25g,The Happy Snack Company
4690,House of Cake Blue Ombre Rose Cake Decorations x16,House of Cake
4691,Aunty Noray's Lamb Rashers 100g,Aunty Noray's
4692,McVitie's Jaffa Cakes Original Biscuits Raspberry Flavour Cakes x10 110g,McVitie's
4693,Cofresh Garlic Chakri Indian Savoury Rice Stick 300g,Cofresh
4694,Quaker Oat So Simple Simply Strawberry Porridge Sachets 8x32.5g,Quaker
4695,Thomas Fudge's Salted Caramel Florentines,Thomas Fudge's
4696,Loyd Grossman Italian Grated Cheese 80g,Loyd Grossman
4697,Witpak Sunflower Seeds 250g,Witpak
4698,Koh-Kae Peanuts Coconut Cream Flavour Coated 230g,Koh-Kae
4699,Estrella Sourcream & Onion 130g,Estrella
4700,Odysea Harissa Houmous 265g,
4701,Fridge Raiders Smoky BBQ Chicken Snack Bites 3x22.5g,
4702,Popworks Sweet BBQ Sharing Popped Crisps 85g,
4703,"Haliborange Omega-3 DHA Brain Support Orange Flavoured Syrup, 3-12 Years 300ml",
4704,Twinings Ceylon Sri Lanka Plant Based Tea Bags x40 100g,
4705,Cape Herb & Spice Rub Louisiana Cajun Seasoning 100g,
4706,Barilla Gluten Free Penne Rigate 400g,
4707,Suhana Chicken Tikka Masala Spice Mix 80g,
4708,McVitie's Digestives Creams Vanilla Biscuits 168g,
4709,L'OR Artiste Delicato Intensity 5 Instant Coffee 95g,
4710,Odysea Seafood Salad 200g (120g*),
4711,Galaxy Vegan Orange 100g,
4712,Twinings Distinctively Smoky Plant Based Tea Bags x40 100g,
4713,Maggi Air Fryer Shawarma 25g,
4714,Kabuto Mac & Cheese Sriracha Chilli 85g,
4715,Kabuto Noodles Singapore Noodles 65g,
4716,Nando's Peri Bbq Sauce 275g,
4717,Doritos Spicy Creamy Guacamole Sharing Dip 270g,
4718,Fudco Chia Seeds 250g,
4719,Bolands Elite Chocolate Kimberley Teacake 132g,
4720,Ottogi Jin Ramen Spicy Korean Style Instant Noodles 120g,
4721,Angel Delight Butterscotch Flavour 4x70g,
4722,World Of Nuts Dry Roast Salted Cashews 200g,
4723,Cadbury Brunch Nuts Red Berry Almond & Peanut Bars 3x35g,
4724,Fudco Pop Corn 500g,
4725,Nescafé Dolce Gusto Plant Based Flat White Oat Coffee Pods x12,
4726,Skittles Vegan Chewy Sweets Fruit Flavoured Sharing Pouch Bag 318g,
4727,Teapigs Organic Calm Relaxing Tea Biodegradable Temples x15 30g,
4728,Arden & Amici Crunchy Amaretti 200g,
4729,Fudco Golden Sultanas 250g,
4730,Cafedirect 4 Organic Machu Picchu Peru Coffee Beans 200g,
4731,Dolmio Intensify Fiery Sun Ripened Tomato & Chilli Pasta Sauce 400g,
4732,Sea Isle Prefluffed Rice 2kg,
4733,Starbucks Creamy Vanilla Flavoured Coffee Capsules,
4734,"Rakusen's Matzo Meal, Fine 375g",
4735,Whitworths Coconut Pineapple Flavour Fusions 80g,
4736,Extra Peppermint Sugarfree Chewing Gum Pieces Multipack 5x10,
4737,Aunty Noray's Merguez Sausages 280g,
4738,Patak's South Indian Style Madras Curry Kit 270g,
4739,Osem Bissli Onion 70g,
4740,Polish Specialities Gherkins in Brine 610g,
4741,Tony's Chocolonely Littl' Bits Dark Orange Choco Cookie 100g,
4742,Starbucks by Nespresso Guatemala Coffee Pods x10,
4743,Schär Gluten Free Pizza Margherita with Sourdough 300g,
4744,McVitie's Digestives Creams Chocolate Biscuits 168g,
4745,Liberty Easy Cook Long Grain Rice 5kg,
4746,Cofresh Jalfrezi Mix 325g,
4747,Al'Fez Shawarma Kebab Wrap Kit 410g,
4748,Lindt Swiss Luxury Selection 193g,
4749,Loacker Classic Double Choc 90g,
4750,Graze Cherry Bakewell Fibre Flapjack 53g,Graze
4751,Baxter's Vegetarian Honeyed Root Vegetable Sou,Baxter's
4752,Veetee The Rice Box Hom Mali Thai Jasmine Rice 500g,Veetee
4753,Freee Gluten Free Organic Chocolate Chip Oat Bars 4 x 35g,Freee
4754,Telma Mushroom Cup Soup 2x21.5g,Telma
4755,Tingly Ted’s Xtra Tingly Hot Sauce 265g,Tingly Ted’s
4756,McVitie's Victoria Dark Chocolate Orange Dreams Biscuits 155g,McVitie's
4757,Bonne Maman Peach Conserve 370g,Bonne Maman
4758,Hula Hoops Salt & Vinegar Flavour Big Hoops Sharp 45g,Hula Hoops
4759,Manilife Cocoa Dusted Peanuts 75g,Manilife
4760,Fudco Deshi Gor Pure Indian Natural Jaggery 500g,Fudco
4761,Ottogi Kimchi Ramen 120g,Ottogi
4762,Lee Kum Kee Oriental Sesame Soy Sauce 120ml,Lee Kum Kee
4763,Aero Melts Chocolate Neapolitan Ice Cream Sharing Bag 86g,Aero
4764,Humza Classic Hot Dog 350g,Humza
4765,Lowicz Cascaval Cheese 300g,Lowicz
4766,Trek Peanut Butter Protein Flapjack 50g,Trek
4767,Dr. Oetker Science Crazy Colour Changing Icing Cupcake Mix 295g,Dr. Oetker
4768,Natco Almonds 750g,Natco
4769,Askeys Treat Salted Caramel Flavour Topping 325g,Askeys
4770,Yan Yan Chocolate & Strawberry Flavour Dips Biscuit Snack 44g,Yan Yan
4771,Elephant Atta Chakki Gold 1.5kg,Elephant
4772,Grace Cassava Exotic Chips 75g,Grace
4773,Grace Exotic Plantain Chips Tostones 75g,Grace
4774,McDonnells Curry Sauce 250g,McDonnells
4775,Rubicon Sparkling Mango Juice Soft Drink 500ml,Rubicon
4776,Cape Herb & Spice Rub Caribbean Jerk Seasoning 100g,Cape Herb & Spice Rub
4777,Kellogg's Coco Pops Loops Breakfast Cereal 285g,Kellogg's
4778,Costa Coffee Mocha Italia Signature Blend 10x5.7g,Costa Coffee
4779,Fudco Ginger Paste 300g,Fudco
4780,Buttermilk Choccy Caramel Bar 40g,Buttermilk
4781,Tassimo Cadbury Orange Hot Chocolate Pods x8,Tassimo
4782,"Oxo Stock Pots Aromatic Asian Stock with Lemongrass, Ginger & Chilli 4 x 20g (80g)",Oxo
4783,Swizzels Minions Tropical Chew Bars 140g,Swizzels
4784,Mahi Tamarind Pulp 200g,Mahi
4785,"Gefen Instant Noodle Soup, Vegetable 66g",Gefen
4786,Odysea Gherkin Stuffed Olives 290g (150g*),Odysea
4787,Dr. Oetker Rainbow Chocolate Chips Mix 90g,Dr. Oetker
4788,Kubus Play Carrot/rasp/apple/lemon 400ml,Kubus Play
4789,Sharwoods Japanese Katsu Curry Sauce 415g,Sharwoods
4790,McVitie's Victoria Chocolate Creations Biscuits Gifting Pack 95g,McVitie's
4791,Fridge Raiders Meat-Free Smoky BBQ Tasty Bites 60g,Fridge Raiders
4792,Cake Décor Silver Glitter Spray 4g,Cake Décor
4793,Odysea Mixed Peppers Stuffed with Feta Cheese 280g (150g*),Odysea
4794,Ambrosia Ready To Eat Belgian Chocolate & Salted Caramel Sauce Dessert Pots 2x110g,Ambrosia
4795,Raise Clusters of Nuts & Seeds Maple Pecan 35g,Raise
4796,Bio & Me Oats & Plenty Apple & Cinnamon 400g,Bio & Me
4797,The Good Tide Seafood Co. Anchovy Fillets 100g,The Good Tide Seafood Co.
4798,McCoy's Steak Flavour Flame Grilled Potato Crisps 45g,McCoy's
4799,Violife Garlic Herb Creamy Plant Based Alternative 150g,Violife
4800,Wagamama House Dressing with Shallot Soy + Garlic 265g,Wagamama
4801,Lotus Biscoff Sandwich Milk Chocolate 150g,Lotus Biscoff
4802,Magija Quark Bar with Vanilla 45g,Magija
4803,Ensure Nutrivigor Vanilla Flavour Protein Shake 220ml,Ensure
4804,Taffel Nacho Cheese Balls 60g,Taffel
4805,Heinz Mash Ups Mayomust Mayonnaise Mustard Sauce 400g,Heinz
4806,Pamapol Bigos Domowy (Stew) 500g,Pamapol
4807,Teapigs Organic Cleanse Detox Tea with Coconut Tea Temples 15x3g,Teapigs
4808,Osem Cream Cracker 250g,Osem
4809,Bolands Kimberley Biscuits 300g,Bolands
4810,Princes Rhubarb In Light Syrup 540g,Princes
4811,OSU Apple Cider Vinegar with Blueberry & Pomegranate Juice 500ml,OSU
4812,Buttermilk Double Choccy Snack Bars 3x23g,Unknown
4813,Monster Energy Reserve White Pineapple 500ml,Monster Energy
4814,Cake Angels Bluey Ooh Fancy Cupcake Kit 171g,Cake Angels
4815,Walkers Baked Salt & Vinegar Crisps Snacks 37.5g,Walkers
4816,Heinz Chip Shop Classic Curry Sauce 590ml,Heinz
4817,Starbucks Signature Chocolate Salted Caramel Flavour Hot Chocolate Powder 10x20g Sachets,Starbucks
4818,Trophy Pudding Rice 2kg,Trophy
4819,Kellogg's Special K Golden Crunchy Golden Clusters Breakfast Cereal 360g,Kellogg's
4820,Walkers Less Salt Mild Cheese & Onion Crisps 45g,Walkers
4821,Milo Instant Malt Chocolate Drinking Powder Tin (Ghanaian) 400g,Milo
4822,Moo Free Fizzy Orange 20g,Moo Free
4823,ShuangRenHsu Chinese Noodles with Sesame & Peanut 352.5g,ShuangRenHsu
4824,JBB Hot Dogs with Veal 400g,JBB
4825,Guinness Foreign Extra Stout 4x325ml,Guinness
4826,Baxters Super Good Mexican Chicken & Lime 400g,Baxters
4827,McVitie's BN Strawberry Biscuits x16,McVitie's
4828,Guinness Chocolate Truffles 135g,Guinness
4829,Mr Kipling Sticky Toffee Sponge Pudding Desserts 2x95g,Mr Kipling
4830,Dole Kids Strawberry Jelly with Mixed Fruit,Dole
4831,Bio & Me Oats & Plenty Super Seedy & Nutty 400g,Bio & Me
4832,Bonne Maman Chocolate & Orange Spread 275g,Bonne Maman
4833,Urban Fruit Blueberries 75g,Urban Fruit
4834,Kellogg's Nutri-Grain Bakes Raisin 45g,Kellogg's
4835,Galaxy Vegan Crumbled Cookie 100g,Galaxy
4836,Twinings Superblends Wind Down Collection 33.2g x20,Twinings
4837,Fruittella By the Sea 110g,Fruittella
4838,"Magnum, 16.5% ABV - Jamaica Tonic Wine 20cl",Magnum
4839,Moo Free Moofreesas Choccy Bar with Crunchy Biscuit Balls 35g,Moo Free
4840,Kellogg's Crunchy Nut Butter Cocoa Hazelnut Single Snack Bar 45g,Kellogg's
4841,Mary Berry's Classic Salad Dressing 235ml,Mary Berry's
4842,Aero Melts Orange Chocolate Sharing Bag 86g,Aero
4843,Nescafé Dolce Gusto New York Morning Blend 18x8.3g,Nescafé
4844,Haribo Tropi Slices 150g,Haribo
4845,McCoy's Ridge Cut Cheddar & Onion Flavour Potato Crisps 45g,McCoy's
4846,Schär Gluten-Free Saltì Con Sale Marino with Sea Salt 175g,Schär
4847,Shan Chana Masala Seasoning Mix 100g,Shan
4848,Pip & Nut Crunchy Sweet & Salty Peanut Butter 300g,Pip & Nut
4849,Kurkure Masala Munch Sharing Snacks Crisps 100g,Kurkure
4850,Ocean Spray Apple Sauce 210g,Ocean Spray
4851,Haribo Spelly Jellies Sweets Bag (kosher) 150g,Haribo
4852,Elephant Atta Chakki Gold 10kg,Elephant
4853,Jacob's Crinklys Cheese & Onion Flavour 150g,Jacob's
4854,Hershey's Cookies 'n' Creme 90g,Hershey's
4855,KIND Protein Crunchy Peanut Butter Snack Bar 50g,KIND
4856,Pringles Hot Mexican Chilli & Lime Sharing Crisps 160g,Pringles
4857,Homepride Pasta Bake Tomato & Red Pepper 485g,Homepride
4858,Lee Kum Kee Black Bean Garlic Sauce 205g,Lee Kum Kee
4859,Lotus Biscoff Milk Chocolate with Biscoff Crumbs 180g,Lotus
4860,Tingly Ted’s Tingly Medium Hot Sauce 265g,Tingly Ted’s
4861,Yutaka Roasted Black Sesame Seeds 100g,Yutaka
4862,McVitie's Digestives Milk Chocolate Minis 80g,McVitie's
4863,Rajah Mild Madras Curry Powder 1kg,Rajah
4864,Forest Feast Whole Canadian Cranberries 170g,Forest Feast
4865,Nash Red Lemonade 1.5L,Nash
4866,Gefen Chunk Light Tuna in Water 170g,Gefen
4867,St Marys Banana Chips 30g,St Marys
4868,Kind Fruit & Nut Snack Bar 40g,Kind
4869,Costa Coffee Dark & Intense Brazilian Blend 10x5.7g,Costa Coffee
4870,Tymbark Mousse 100% Fruit & Carrot 120g,Tymbark
4871,Tribeology Premium Cocktails Margarita 250ml,Tribeology
4872,Dr. Oetker Spectacular Science Create Your Own Solar System Cupcake Mix 360g,Dr. Oetker
4873,Pringles Hot Smokin' BBQ Ribs Sharing Crisps 160g,Pringles
4874,Budweiser Spicy Hot Chilli Crispy Coated Peanuts 150g,Budweiser
4875,Regal Bakery Coconut Sprits Cookie Rings 350g,Regal Bakery
4876,Jubel Beer Cut with Blood Orange 4x330ml,Jubel
4877,Nongshim Shin Red Super Spicy 68g,Nongshim
4878,Laila Red Kidney Beans 2kg,Laila
4879,Elephant Atta Fine White Chapatti Flour 10kg,Elephant
4880,Natco Ginger Powder 400g,Natco
4881,Yutaka Mirin Sweet Rice Seasoning 150ml,Yutaka
4882,Tilda Everyday Rice 4kg,Tilda
4883,Smint Mints 8g,Smint
4884,Quaker Porridge To Go Golden Syrup Breakfast Bar 55g,Quaker
4885,Providence Deli Fiery Harissa 190g,Providence Deli
4886,Tropical Sun Semolina Fine 500g,Tropical Sun
4887,Jacob's Tuc In Original Twin Pack 2 x 150g,Jacob's
4888,Frank's Red Hot Fire Roasted Jalapeno Craft Sauce 145g,Frank's Red Hot
4889,East End Ground Garam Masala 100g,East End
4890,Capri Sun Tropical 4x200ml,Capri Sun
4891,Gallo Pronto Mushroom Risotto 250g,Gallo Pronto
4892,Whitworths Watermelon Papaya Flavour Fusions 80g,Whitworths
4893,Paxo Potato Rosti Cakes Red Onion & Herb 120g,Paxo
4894,Urban Fruit Gently Baked Chewy Banana 110g,Urban Fruit
4895,Dr. Oetker Science Squashable Jelly Bubbles Cupcake Mix 325g,Dr. Oetker
4896,Jammie Dodgers Minis Biscuits Apple & Blackcurrant x6 120g,Unknown
4897,Maggi Air Fryer Fajita 27g,Maggi
4898,Mohapx Sunflower Seeds 300g,Mohapx
4899,Nescafé Original Instant Coffee 150g,Nescafé
4900,Hellmann's Squeezy Mayonnaise Chilli Charger 250ml,Hellmann's
4901,Batchelors Cook With Noodles Chicken Flavour Instant Noodle Multipack 4x60g,Batchelors
4902,Bens Original Korma Sauce 450g,Bens Original
4903,Colman's Big Night In Singapore Noodles Recipe Mix 23g,Colman's
4904,Krakus Cured Pork Knuckle 300g,Krakus
4905,Twinings Organic Pure Camomile Tea Bags 30g x20,Twinings
4906,L'OR Artiste Vigoroso Intensity 8 Instant Coffee 95g,L'OR
4907,Milkybar Gold Caramel White Chocolate Sharing Bar 85g,Milkybar
4908,Kumana Avocado Hot Sauce Hot Original 235ml,Kumana
4909,Dr. Oetker Billionaire Chocolate Chips Mix 90g,Dr. Oetker
4910,Hellmann's Cheese Flavour Sauce Squeeze 250ml,Hellmann's
4911,Blue Food Colouring 60ml,Unknown
4912,Dr. Oetker White Cooking Chocolate Bar 100g,Dr. Oetker
4913,Walkers Quavers Prawn Cocktail Snacks 34g,Walkers
4914,Quaker Oat So Simple Original Porridge Sachets 6x27g,Quaker
4915,Ensure Nutrivigor Chocolate Flavour Protein Shake 220ml,Ensure
4916,Jacob's Crinklys Salt & Vinegar Flavour 150g,Jacob's
4917,Milkybar Buttons White Chocolate Raspberry Ripple Sharing Bag 86g,Milkybar
4918,Pringles Hot Kickin' Sour Cream Sharing Crisps 160g,Pringles
4919,Hip Pop Soda Orange 4x330ml,Hip Pop
4920,Love Corn Cheese & Onion Premium Crunchy Corn 45g,Love Corn
4921,Fudco Dehydrated Diced Papaya 250g,Fudco
4922,"Twinings Superblends Balance Rose, Lemon Verbena & Lemon Balm Tea Bags 32g x20",Twinings
4923,Kedem Light Grape Juice Beverage 650ml,Kedem
4924,Goong Instant Soup Curry 65g,Goong
4925,Gefen Natural Apple Sauce Pots 6x113g,Gefen
4926,E. Wedel Peanut Bar with Wafers in Milk Chocolate 45g,E. Wedel
4927,Costa Coffee Single Origin Colombian Character Roast 10x5.7g,Costa Coffee
4928,Cape Herb & Spice Rub Portuguese Peri Peri Seasoning 100g,Cape Herb & Spice
4929,Grace Jamaican Style Jerk BBQ Sauce 375g,Grace
4930,The Happy Snack Company Crunchy Roasted Fava Beans Red Pepper & Chilli Flavour 4x25g,The Happy Snack Company
4931,Costa Coffee Caramel Latte Barista Creations x10 16g,Costa Coffee
4932,Monty Bojangles Gift Wrapped Chocolatey Truffle Collection 190g,Monty Bojangles
4933,Candy Kittens Loves Ashton Attzs Gourmet Sweets 54g,Candy Kittens
4934,Batchelors Pasta 'n' Sauce Spicy Tomato Pasta Pot 65g,Batchelors
4935,Telma Tomato Cup Soup with Croutons 2x31g,Telma
4936,Natco Ready To Eat Meal Kit Bhel Puri 500g,Natco
4937,Tick Tock Organic Green Rooibos Tea 40 Biodegradable Bags 72g,Tick Tock
4938,Veetee The Rice Box 1121 Basmati Rice 500g,Veetee
4939,Ambrosia Ready To Eat Belgian Chocolate & Mint Fondant Sauce Dessert Pots 2x110g,Ambrosia
4940,Sauce Shop Honey Chipotle BBQ Sauce 260g,Sauce Shop
4941,Pringles Hot Sweet Chilli Sharing Crisps 160g,Pringles
4942,Mccanns Irish Rich Barmbrack 553g,Mccanns
4943,Sauce Shop Original Hot Sauce 160ml,Sauce Shop
4944,Gefen Stuffed Olives 283g,Gefen
4945,Osem Golden Cracker 150g,Osem
4946,Dolce Gusto Espresso Roma Vivace 16x6.2g,Dolce Gusto
4947,Surreal High Protein Low Sugar Cocoa Gluten Free Cereal 240g,Surreal
4948,Forest Feast Orchard Prunes 200g,Forest Feast
4949,Kellogg's Special K The Original 300g,Kellogg's
4950,Forest Feast Williams Pear 120g,Forest Feast
4951,Lily O'Brien's Milk Chocolate Truffles 200g,Lily O'Brien's
4952,Island Sun Rosecoco Beans 500g,Island Sun
4953,Rowse Cut Comb in Acacia Honey 340g,Rowse
4954,Twinings Superblends Sleep Plant-Based Tea Bags 60g x40,Twinings
4955,Fridge Raiders Hot & Spicy Chicken Snack Bites 70g,Fridge Raiders
4956,Cadbury Boost Duo Chocolate Bar 63g,Cadbury
4957,Dunn's River Whole Pimento 70g,Dunn's River
4958,KP Roasted Peanuts Dry Snack Pack 30g,KP
4959,Lee Kum Kee Hot Chilli Soy Sauce 120ml,Lee Kum Kee
4960,Shuang Renhsu Biang Biang Noodles with Mapo Sauce 283.5g,Shuang Renhsu
4961,Tribe Choc Peanut Protein Flapjacks 3x38g,Tribe
4962,Milkybar Gold Caramel Flavour White Chocolate 86g,Milkybar
4963,Cadbury Dairy Milk Fruitier & Nuttier Orange Trail Mix 100g,Cadbury
4964,Patak's Old Delhi Style Butter Chicken Curry Sauce Kit 270g,Patak's
4965,Raise Clusters of Nuts & Seeds Caramel Sea Salt 35g,Raise
4966,Telma Chicken Flavoured Stock Powder 400g,Telma
4967,Goong Instant Soup Gold Chicken 65g,Goong
4968,Guinness Foreign Extra Stout 600ml,Guinness
4969,Schär Gluten Free Balance of Both 475g,Schär
4970,Twinings Superblends Sweet Dreams Plant Based Tea Bags x20 40g,Twinings
4971,E. Wedel Classic Milk Chocolate 90g,E. Wedel
4972,Fudco Sweet Lime Pickle 340g,Fudco
4973,Clif Bar Crunchy Peanut Butter Energy Bar 68g,Clif Bar
4974,Hartley's Smooth Strawberry Jam 340g,Hartley's
4975,Wheaten Kosher Crackers 250g,Wheaten
4976,Shan Recipe & Seasoning Mix Karahi 50g,Shan
4977,KP Original Salted Peanuts Snack Pack 30g,KP
4978,Vitamin B12 Sugar Free Still Pink Grapefruit Drink 1L,Unknown
4979,Twinings Superblends Super Green Matcha Plant-Based Tea Bags 40g x20,Twinings
4980,Ufc Refresh Coconut Water 1L,Ufc
4981,Quaker Oat So Simple Golden Syrup Porridge Sachets 6x36g,Quaker
4982,Fybogel Hi Fibre Orange Ispaghula Husk Fibre Drink Sachets x30,Fybogel
4983,Humza Hot Dog with Chilli 350g,Humza
4984,Cofresh Sesame Coated Caramel Peanuts 150g,Cofresh
4985,Twinings Everyday 120 Plant-Based Tea Bags 348g,Twinings
4986,Cofresh Roasted & Salted Pistachios 60g,Cofresh
4987,Forest Feast Slow Roasted Salt & Vinegar Nut Mix 40g,Forest Feast
4988,Elizabeth Shaw Dark Chocolate Orange 140g,Elizabeth Shaw
4989,Dunn's River Jamaican Callaloo in Salted Water 540g,Dunn's River
4990,White Rabbit Proper Pepperoni Sourdough Gluten Free Pizza 355g,White Rabbit
4991,Misfits Plant Powered Choco Protein Bar White Choc Cookies & Cream Flavour 45g,Misfits
4992,Cafedirect Organic Machu Picchu Peru Coffee Beans 750g,Cafedirect
4993,Maryland Choc & Caramel 200g,Maryland
4994,Trek Millionaire Shortbread 3x44g,Trek
4995,Walkers Quavers BBQ Sauce Snacks Crisps 34g,Walkers
4996,Capri Sun Jungle 15x200ml,Capri Sun
4997,Tuscanini Penne 454g,Tuscanini
4998,Tribe Choc Peanut Protein Flapjack 50g,Tribe
4999,Pringles Hot Flamin' Cheese Sharing Crisps 160g,Pringles
5000,Dole Kids Orange Flavoured Jelly with Mixed Fruit 4x93g,Dole
5001,Rymut Chocolate Flavoured Corn Chips 90g,Rymut
5002,Reign Mang O Matic 500ml,Reign
5003,Goldfish Brand Hot & Spicy Curry Sauce 405g,Goldfish Brand
5004,Bahlsen Choco Leibniz White 111g,Bahlsen
5005,Fudco Mixed Lentils Dall Mix 500g,Fudco
5006,Lily O'Brien's Salted Caramel Truffles 200g,Lily O'Brien's
5007,Village Pride Fragrant Rice 10kg,Village Pride
5008,Graze Peri Peri Vegan Mixed Snacks 28g,Graze
5009,Ben's Original Jasmine Microwave Rice 220g,Ben's Original
5010,Nielsen-Massey Gourmet Two Vanilla Pods,Nielsen-Massey
5011,Telma Chicken Flavour Stock Cubes 8x9g,Telma
5012,Popworks Salted Toffee Sharing Popped Crisps 85g,Popworks
5013,BFree Sunflower & Pumpkin Seed Loaf 350g,BFree
5014,Sodastream Quick Connect CO2 Pink Gas Cylinder 425g,Sodastream
5015,L'OR Espresso Elegante Intensity 6 Coffee Pods x20,L'OR
5016,Munchies Gooey Caramel & Biscuit Sharing Bar 87g,Munchies
5017,Twinings Soulful Blends Quiet Mind 20 Plant-Based Tea Bags 40g,Twinings
5018,Riso Gallo Risotto with Porcini Mushrooms 250g,Riso Gallo
5019,Taylors of Harrogate Lazy Sunday Ground Roast Coffee 400g,Taylors of Harrogate
5020,Tate & Lyle Sweetener Tablets x300 15g,Tate & Lyle
5021,Fudco Idli Instant Mix 500g,Fudco
5022,Via Roma Premium Lager 660ml,Via Roma
5023,Osem Falafel Mix 180g,Osem
5024,Dega Paprykarz Szczeci?ski 135g,Dega
5025,Union Hand Roasted Coffee Huayna Picchu 200g,Union
5026,Union Hand Roasted Coffee Huayna Picchu 500g,Union
5027,Krasnystaw Blueberry Drinking Yogurt 350g,Krasnystaw
5028,Costa Coffee Latte Barista Creations x10 16g,Costa Coffee
5029,Plant Pioneers Mediterranean Veg Filler 130g,Plant Pioneers
5030,Pick Up Salted Caramel 5x28g,Pick Up
5031,Sodastream Classics Ginger Ale Sparkling Drink Mix 440ml,Sodastream
5032,Capri Sun Zero Orange 15x200ml,Capri Sun
5033,Dunns river coat and bake coating 300g,Dunns river
5034,Gallo My Risotto Perfetto Saffron 175g,Gallo
5035,Twinings Superblends Menopause Cool Moments Plant-Based Tea Bags 40g x20,Twinings
5036,McDougalls White & Wholegrain Plain Flour 1kg,McDougalls
5037,Natco Roasted & Salted Jumbo Pistachio Nuts 750g,Natco
5038,Cadbury Twirl Orange Chocolate Bar 43g,Cadbury
5039,Bahlsen Pick Up Choco & Milk Chocolate Biscuit Bars x5,Bahlsen
5040,Fentimans Classic Curiosity Cola 4x275ml,Fentimans
5041,Baxters Vegetarian Indian Spiced Cauliflower 380g,Baxters
5042,Ben's Original One Pan Creations Indonesian Nasi Goreng Style 250g,Ben's Original
5043,Whitby Seafoods Battered Gluten Free Calamari 200g,Whitby Seafoods
5044,Tic Tac Fresh Cool Cherry 16.4g,Tic Tac
5045,KP Flavour Kravers Crunchy Coated Katsu Curry Flavour Peanuts 130g,KP
5046,Cape Herb & Spice Rub Texan Steakhouse Seasoning 100g,Cape Herb & Spice
5047,Rowse Oxfordshire Wildflower Honey 225g,Rowse
5048,Kings Aberdeen Angus Steak Strips 60g,Kings
5049,Paxo Potato Rosti Cakes Mixed Veg 120g,Paxo
5050,Laila Red Kidney Beans 1kg,Laila
5051,Perkier Salted Caramel & Dark Chocolate 3x37g,Perkier
5052,East End Paprika Powder 100g,East End
5053,Twinings Strong English Breakfast 120 Plant-Based Tea Bags 375g,Twinings
5054,Kucharek Vegetable Cubes 120g,Kucharek
5055,Nem Viet Vietnamese Summer Roll Kit 145g,Nem Viet
5056,Blue Riband Milk Chocolate Hazelnut Wafer Biscuit Bar Multipack x6 18g,Blue Riband
5057,Sosu Korean BBQ Meal Kit 237g,Sosu
5058,McDougalls White & Wholegrain Self Raising Flour 1kg,McDougalls
5059,Select Shabbos Candles x20,Select
5060,Maggi Air Fryer Piri Piri 27g,Maggi
5061,Fulfil Chocolate Brownie Flavour Vitamin & Protein Bar 40g,Fulfil
5062,Baxters Silverskin Onions 440g,Baxters
5063,Forest Feast Slow Roasted Peanuts & Cashews,Forest Feast
5064,Tribe Caramel Protein Flapjacks 3x38g,Tribe
5065,Ardealul Pork Pate 200g,Ardealul
5066,The Spice Tailor Sticky & Spicy Korean Stir Fry Sauce 135g,The Spice Tailor
5067,Oxo Smoke House Seasoning Rub 35g,Oxo
5068,Nakd Cocoa Hazelnut Protein Bar 45g,Nakd
5069,Cake Decor Super Strength Food Colouring 76g,Cake Decor
5070,Tropical Vibes Scaries Cheeky Cherry 300ml,Tropical Vibes
5071,YO! Spicy Garlic Sriracha Stir Fry 100g,YO!
5072,Raw Halo Mylk & Hazelnut Truffle Centres Organic Chocolate 90g,Raw Halo
5073,N?kd Protein Bar Peanut Butter 45g,N?kd
5074,Baxters Favourites Highlanders Beef Broth 400g,Baxters
5075,Taylors of Harrogate Rich Italian Ground Roast Coffee 400g,Taylors of Harrogate
5076,Baxters Sliced Gherkins 540g,Baxters
5077,Grace's Oatmeal Biscuits 135g,Grace's
5078,Cape Herb & Spice Chipotle Chilli Smoky Southwestern Seasoning 80g,Cape Herb & Spice
5079,Rowntree's Randoms Foamies Sweets Sharing Bag 120g,Rowntree's
5080,Just Spices Original Salad Topping Seasoning 35g,Just Spices
5081,Oxo Deep Cajun Seasoning Rub 35g,Oxo
5082,Regal Bakery Egg Free Cake Rusk 18 Pieces,Regal Bakery
5083,Thorntons Pearls Orange Velvet & Milk Chocolate Gift Box of Chocolates 167g,Thorntons
5084,Mango Jelly 200g,Unknown
5085,Kinder Cards x2 25.6g,Kinder
5086,Wrigley's Airwaves Menthol & Eucalyptus Flavour Sugar Free Chewing Gum 70g,Wrigley's
5087,Cheezees - Jalapeno 45g,Cheezees
5088,Surreal High Protein Low Sugar Cinnamon Cereal 240g,Surreal
5089,Blue Dragon Sticky Korean BBQ 222g,Blue Dragon
5090,Costa Coffee Cappuccino Barista Creations x10 13g,Costa Coffee
5091,Just Spices Chicken Seasoning 79g,Just Spices
5092,KP Flavour Kravers Crunchy Coated Aromatic Thai Chilli Flavour Peanuts 130g,KP
5093,Fudco Kaloonji 100g,Fudco
5094,Dino's Famous Mustard 250g,Dino's
5095,Skittles Vegan Sweets Dessert Flavoured Treat Bag 152g,Skittles
5096,Kellogg's Honey Pops Breakfast Cereal 330g,Kellogg's
5097,"Paskesz Sour Sticks, Raspberry 50g",Paskesz
5098,Jubel Beer Cut with Blood Orange 330ml,Jubel
5099,Shandy Shack Rhubarb Lager 330ml,Shandy Shack
5100,Just Spices Avocado Topping Seasoning 60g,Just Spices
5101,East End Tandoori Masala 100g,East End
5102,East End Chilli Powder Hot 100g,East End
5103,Monty Bojangles Choccy Scoffy Truffles Cat Tin 135g,Monty Bojangles
5104,Sosu Yakisoba Meal kit 237g,Sosu
5105,Just Spices Scrambled Egg Seasoning 60g,Just Spices
5106,Monster Energy Reserve Watermelon 500ml,Monster Energy
5107,Flying Goose Brand Sriracha Wasabi Sauce 200ml,Flying Goose Brand
5108,"Simply Delish Zero Strawberry Jelly, Sugar Free 8g",Simply Delish
5109,Tribeology Premium Cocktails Passion Fruit Martini 250ml,Tribeology
5110,Guylian Belgian Chocolates 250g,Guylian
5111,Twinings Superblends Cleanse Matcha Plant-Based Tea Bags 40g x20,Twinings
5112,Oxo Hickory Smoked Chipotle Seasoning Rub 35g,Oxo
5113,Al'Fez Harissa Kebab Wrap Kit 410g,Al'Fez
5114,Lavazza Espresso Barista Gran Crema Coffee Beans 500g,Lavazza
5115,Fulfil Peanut Butter Chocolate Flavour Vitamin & Protein Bar 40g,Fulfil
5116,Hershey's Cookies N Creme Salted Caramel 90g,Hershey's
5117,Grace Mackerel In Hot Tomato Sauce 425g,Grace
5118,Jaimin Softy Chakli 200g,Jaimin
5119,Blue Dragon Chow Mein Noodle Kit 160g,Blue Dragon
5120,Tetley Original Tea Bags 1.25kg,Tetley
5121,The Good Tide Seafood Co. Anchovy Fillets Marinated with Lemon Peel 100g,The Good Tide Seafood Co.
5122,The Gut Stuff Peanut Butter High Fibre Bar 35g,The Gut Stuff
5123,Munchies Milk Chocolate Cookie Dough Ice Cream Sharing Bag 97g,Munchies
5124,Mokko Brown Sugar Bubble Tea 150g,Mokko
5125,The Spice Tailor Sticky Soy Teriyaki Stir Fry Sauce 135g,The Spice Tailor
5126,Oxo 8 Organic Succulent Chicken Stock Cubes 80g,Oxo
5127,Betty Crocker Peanut Butter Brownie Mix 350g,Betty Crocker
5128,Fudco Chilli & Garlic Chutney 340g,Fudco
5129,Sosu Bibimbap Rice Meal Kit 237g,Sosu
5130,Wrigley's Extra Spearmint 70g,Wrigley's
5131,PG Tips Gold Tea Bags x70 203g,PG Tips
5132,Flying Goose Brand Sriracha Hot Chilli Sauce 455ml,Flying Goose Brand
5133,"Simply Delish Zero Raspberry Jelly, Sugar Free 8g",Simply Delish
5134,Bonne Maman Crunchy Hazelnut Chocolate Spread 250g,Bonne Maman
5135,Crave Birthday Bisco's 130g,Crave
5136,Galipette Non Alcoholic Cider,Galipette
5137,Relentless Raspberry Zero Sugar 4x500ml,Relentless
5138,Guylian Temptations Assortment Single Wrapped Chocolates x20 200g,Guylian
5139,Extra White Bubblemint Sugarfree Chewing Gum Pieces Multipack 5x10,Extra
5140,Maggi Pan Perfect Sweet Teriyaki 37g,Maggi
5141,Cadbury Dairy Milk Caramello 47g,Cadbury
5142,Kurkure Chilli Chatka 100g,Kurkure
5143,Jaimin Methi Puri 200g,Jaimin
5144,Starbucks White Mocha by Nescafe Dolce Gusto Coffee Pods,Starbucks
5145,Kedem Animal Shaped Cookies 340g,Kedem
5146,Ktc Butter Ghee,Ktc
5147,Veetee The Rice Box Uruguayan Long Grain Rice 500g,Veetee
5148,Go Ahead Wholistic Peanut Dark Chocolate & Sea Salt Nut Butter Filled Snack Bar 40g,Go Ahead
5149,"Mazzetti l'Originale Chianti Wine Vinegar, Special Edition 250ml",Mazzetti
5150,Wrigley's Extra Cool Breeze 70g,Wrigley's
5151,Cantina Green Tomatillo & Avocado Salsa 240g,Cantina
5152,Kabuto Noodles Indian Masala Fusions 65g,Kabuto Noodles
5153,Fudco Dry Garlic Chutney 150g,Fudco
5154,Tribe White Chocolate Blondie Triple Decker 45g,Tribe
5155,Paxo Veggie Fillers Spicy Mediterranean 120g,Paxo
5156,Jaimin Dry Fruit Samosa 200g,Jaimin
5157,Sharwood's Korma Curry Paste 280g,Sharwood's
5158,Opies Pickled Pears with Spiced Malt Vinegar 390g,Opies
5159,Gallo Pronto Saffron Risotto 250g,Gallo Pronto
5160,Bens Original Medium Curry Sauce 440g,Bens Original
5161,Kinder Chocolate Single Medium Bar 21g,Kinder
5162,Laila Green Lentils 2kg,Laila
5163,Monster Energy Ultra Rosa 500ml,Monster Energy
5164,Laila Chana Dal 2kg,Laila
5165,Golden Fluff Microwave Popcorn Natural 255g,Golden Fluff
5166,Africa's Finest Zomi Oil 1L,Africa's Finest
5167,Walkers Max Pizza Hut Texan BBQ Grab Bag Crisps 50g,Walkers
5168,"Mazzetti l'Originale Prosecco Wine Vinegar, Special Edition 250ml",Mazzetti
5169,Kumana Avocado Hot Sauce Jalapeno 235ml,Kumana
5170,Nutella B-ready Chocolate Biscuit Snack Bar Single 22g,Nutella
5171,Betty Crocker Strawberry Flavour Icing 400g,Betty Crocker
5172,Lavazza Qualità Rossa 10 Capsules 57g,Lavazza
5173,Pasieka Multiflower Honey 1kg,Pasieka
5174,Baxters Sliced Gherkins Crunchy & Tangy 540g,Baxters
5175,Healthy Boy Brand Oyster Sauce 300ml,Healthy Boy Brand
5176,Halva Gift Box 300g,Unknown
5177,Lee Kum Kee Chinese Five-Spice Sauce Chu Hou 195g,Lee Kum Kee
5178,Fentimans Classic Victorian Lemonade 750ml,Fentimans
5179,Plant Pioneers Middle Eastern Veg Filler 130g,Plant Pioneers
5180,Bikaji Bombay Mix,Bikaji
5181,Herdez Yucatan Taco Kit Zingy Citrus Garlic & Coriander 497g,Herdez
5182,Herdez Barbacoa Taco Kit Smoky Chipotle Black Pepper & Allspice 497g,Herdez
5183,Koh-Kae Peanuts Nori Wasabi Flavour Coated 230g,Koh-Kae
5184,"Bisto Chicken with Garden Herbs Gravy Granules, Limited Edition 190g",Bisto
5185,Candy Kittens Wanderlust Gourmet Chews 140g,Candy Kittens
5186,Oxo 8 Organic Garden Vegetable Stock Cubes 80g,Oxo
5187,Kubus Play! Water & Fruits Apple & Peach 400ml,Kubus
5188,Lizi's Indulgent Moments Caramelised Croquant Granola 350g,Lizi's
5189,Surreal High Protein Low Sugar Frosted Cereal 240g,Surreal
5190,Silver Spoon Discover Baking Cake Kit 285g,Silver Spoon
5191,Twinings Soulful Blends Reset 20 Plant-Based Tea Bags 34g,Twinings
5192,Osem Bissli Pizza Flavored Wheat Snacks 200g,Osem
5193,Starbucks Daily Brew Iced Coffee with Milk 250ml,Starbucks
5194,Fudco Diced Pineapple 250g,Fudco
5195,Pamapol Pork Goulash 500g,Pamapol
5196,Squares Chocolatey Rice Krispies 36g,Squares
5197,Paskesz Sour Strawberry Belts 115g,Paskesz
5198,Sosu Donburi Meal Kit 237g,Sosu
5199,Paskesz Sour Sticks Strawberry 50g,Paskesz
5200,Jaimin Mini Bhakarwadi 200g,Jaimin
5201,Baxters Chef Selections Hot Smoked Salmon Chowder 400g,Baxters
5202,Rowse Yorkshire Creamy Honey 225g,Rowse
5203,Perkier Nutty Toffee & Dark Chocolate 3x37g,Perkier
5204,Mentos Gum Pure Fresh Cherry x50 97g,Mentos
5205,Laila Grills Chilli & Lemon 80g,Laila
5206,East End Curry Powder Hot 100g,East End
5207,Silver Spoon Discover Baking Chocolate Cake Kit 285g,Silver Spoon
5208,Lizi's Indulgent Moments Granola Sea Salt Fudge 350g,Lizi's
5209,Tony's Chocolonely 6 x 180g,Tony's Chocolonely
5210,Urban Fruit Gently Tumbled Pineapple & Coconut 85g,Urban Fruit
5211,Want Want Seaweed Rice Crackers 10x160g,Want Want
5212,OGGS Aquafaba Plant Based Egg Alternative 200ml,OGGS
5213,Kellogg's Special K Juicy Red Berry Bar 21.5g,Kellogg's
5214,Fentimans Classic Mandarin and Seville Orange Jigger 750ml,Fentimans
5215,Monster Energy Lewis Hamilton Zero Sugar 500ml,Monster Energy
5216,Monty Bojangles Magnificent Luxury Belgian Chocolates x8 115g,Monty Bojangles
5217,Lavazza Qualità Oro 10 Capsules 55g,Lavazza
5218,Patak's Keralan Style Korma Curry Sauce Kit 270g,Patak's
5219,Pop Tarts S'mores,Pop Tarts
5220,Laila Red Split Lentils 5kg,Laila
5221,Very Lazy Cajun Paste 130g,Very Lazy
5222,Fybocalm Constipation Relief Capsules x30,Fybocalm
5223,Twinings Soulful Blends Pause 20 Plant-Based Tea Bags 36g,Twinings
5224,Lavazza Qualita Oro 1kg,Lavazza
5225,Humza Beef Cured Sliced 80g,Humza
5226,Providence Sun-dried Tomatoes 280g,Providence
5227,Ben's Plant Powered Spicy Lentil Stew 285g,Ben's
5228,KP Flavour Kravers Coolin' Sour Cream & Chive Flavour Peanuts 140g,KP
5229,Go Ahead Wholistic Almond & Raspberry Nut Butter Filled Snack Bar 40g,Go Ahead
5230,Kellogg's Honey Loops Breakfast Cereal 330g,Kellogg's
5231,Tribe Protein Flapjack Caramel 50g,Tribe
5232,Just Spices Vegetable Seasoning Allrounder 75g,Just Spices
5233,Tate & Lyle Sweetener 75g,Tate & Lyle
5234,Niru Faluda Drink 290ml,Niru
5235,Herdez Mexico City Taco Kit 497g,Herdez
5236,Riso Gallo Risotto with Tomato and Basil 250g,Riso Gallo
5237,Jaimin Chana Jor Spicy Chickpea Flakes 200g,Jaimin
5238,Whitworths Shots Chocolate Cluster & Berries 25g,Whitworths
5239,Sharwood's Curry Paste Madras 280g,Sharwood's
5240,East End Coriander Whole 100g,East End
5241,Nongshim Chapagetti Chajangmyun 140g,Nongshim
5242,Very Lazy Teriyaki Paste 120g,Very Lazy
5243,Japanese Style Mochi Red Bean 210g,Unknown
5244,Rowntree's Randoms Fizzy Cactuz Sweets Sharing Bag 130g,Rowntree's
5245,The Curators Cheese Flavour Veggie Puffs 75g,The Curators
5246,Ginbis Dream Animals Coconut Flavoured Biscuits 37g,Ginbis
5247,Paxo Veggie Fillers Tomato & Herb 120g,Paxo
5248,Baron Herzog Pinot Grigio 750ml,Baron Herzog
5249,Misfits Plant Powered Choc Protein Bar Chocolate Speculoos Flavour 45g,Misfits
5250,Jutrzenka Elitka 180g,
5251,Dr. Oetker Make Your Own Pizza Base Mix 440g,
5252,Jaimin Soya Stick 150g,
5253,Mike and Ike Mega Mix Chewy Assorted Fruit Flavored Candies x10 141g,
5254,S&B Japanese Instant Tofu Miso Soup 3x10g,
5255,Crave FF Noughties Pickled Onion 80g,
5256,The Gut Stuff Cocoa & Hazelnut High Fibre Bar 35g,
5257,Tuscanini Crushed Tomatoes 700g,
5258,Twinings Soulful Blends Little Lift 20 Plant-Based Tea Bags 36g,
5259,Tropical Sun Canadian Style Sardines in Soya Oil with Hot Peppers 106g,
5260,Nudders Chocovered Salty Corn Balls 55g,
5261,Fudco Dahi Wada Instant Mix 500g,
5262,Ayoola Pounded Yam 4kg,
5263,East End Ground Ginger 100g,
5264,Mentos Gum Pure Fresh Tropical x50 100g,
5265,Fruit Bowl Yummy Yogurt Fruit Goals 5x18g,
5266,Orgran No Egg Replacer 200g,
5267,Crave The Big Dipper 48g,
5268,Regal Siprus Basil Seed Drink Mango 320ml,
5269,Wringley's Extra Ice Peppermint 70g,
5270,Sea Castle Sardines in Tomato Sauce 125g,
5271,Niru Mango Faluda Drink 290ml,
5272,Twinings Soulful Blends Peace 20 Plant-Based Tea Bags 40g,
5273,Klik La-Hit 35g,
5274,Yutaka Hon Wasabi Paste Real Wasabi Paste with Crunchy Bits 42g,
5275,Lee Kum Kee Black Bean Garlic Stir Fry Sauce 50g,
5276,Gavinatura Heartburn & Indigestion Relief Tablets x14,
5277,Manischewitz Borscht with Shredded Beets 709ml,
5278,Tuscanini Spaghetti Pasta 454g,
5279,Ensure Nutrivigor Chocolate Flavour Nutritional Protein Shake Powder 400g,
5280,Walkers Max Pizza Hut Pepperoni Feast Grab Bag Crisps 50g,
5281,Suhana Vegetable Biryani Masala Spice Mix 50g,
5282,Chippa Worcester Sauce 150g,
5283,The Gut Stuff High Fibre Sea Salt Caramel Fruit & Nut Bar 35g,
5284,Lavazza Espresso Barista Perfetto Coffee Beans 1000g,
5285,Dunn's River Hot & Spicy Chicken Fry Mix 300g,
5286,The Spice Tailor Cantonese Chow Mein Stir Fry Sauce 135g,
5287,Supligen Vanilla 290g,
5288,Royal Beef Lasagne 400g,
5289,Twinings Soulful Blends Revitalise 20 Plant-Based Tea Bags 34g,
5290,Thatchers Apple & Blackcurrant Cider 500ml,
5291,Crave FF Hot Dawgs Hot & Spicy 70g,
5292,Vici Premium Natural Large Surimi Tails 175g (Ready to Eat),
5293,Nature's Finest Tropical Fruits In Juice 400g,
5294,O'Kane Squeezy Honey 340g,
5295,"Belazu Angela Hartnett's Sicilian Inspired Pesto Exclusive, Limited Edition 170g",
5296,Rowse Scottish Heather Honey 225g,
5297,Koh-Kae Thai Spicy Mixed Flavour 110g,
5298,Royal Chicken Biryani 400g,
5299,Bartenura Sparkling Moscato Rose 750ml,
5300,Baxters Red Cabbage 440g,Baxters
5301,The Curators Veggie Puffs Barbecue 75g,The Curators
5302,Tropical Sun Lemon & Ginger Tea Bags x20 30g,Tropical Sun
5303,KitKat Caramel 4 x 41.5g,KitKat
5304,Nakd Blueberry Muffin Big Bar 45g,Nakd
5305,Starbucks Daily Brew Iced Coffee with Milk 4x250ml,Starbucks
5306,Wrigley's Extra White 70g,Wrigley's
5307,Fybocalm Wind & Bloating Relief Capsules x30,Fybocalm
5308,Mike and Ike Original Fruits Chewy Assorted Fruit Flavored Candies 141g,Mike and Ike
5309,Yan Yan Creamy Hazelnut Cocoa Flavour Biscuit Snack 44g,Yan Yan
5310,Just Spices Sandwich Seasoning 50g,Just Spices
5311,Starbucks Blonde Espresso Roast Decaf 10x55g,Starbucks
5312,Tala Siliconised Loaf Liners Set of 40 2Lb,Tala
5313,Maple Crest Maple Syrup 250g,Maple Crest
5314,Regal Bakery Baqar Khani Puff Pastry Hearts 350g,Regal Bakery
5315,Garden Cream Wafers Chocolate Flavoured x4 200g,Garden Cream
5316,Tropical Sun Honey Ginger Tea Bags x20 70g,Tropical Sun
5317,Hershey's Cookies N Creme Flat White Flavour 90g,Hershey's
5318,Fybocalm Diarrhoea Relief Capsules x30,Fybocalm
5319,Cantina Chipotle Chilli Crumb with a Hint of Lime 50g,Cantina
5320,Crave Notella 225g,Crave
5321,Nakd Cocoa Orange Big Bar 45g,Nakd
5322,Thatchers Apple & Blackcurrant Cider 4x440ml,Thatchers
5323,Fruit Bowl Blueberry & Bubble Gum Flavour Fruity Twists 5x16g,Fruit Bowl
5324,Fruit Bowl Strawberry & Vanilla Flavour Fruit Twists 5x16g,Fruit Bowl
5325,Lee Kum Kee Sweet & Sour Sauce 240g,Lee Kum Kee
5326,Carousel Gluten Free Waffle Cones x10,Carousel
5327,Taylors of Harrogate Rich Italian Roast Coffee Beans 400g,Taylors of Harrogate
5328,Laila Chana Dal 5kg,Laila
5329,East End Hot Peri Peri Seasoning 100g,East End
5330,Vici Premium Chilli Large Surimi Tails 175g (Ready to Eat),Vici
5331,L'Oreal Paris Men Expert Power Age Serum Hyaluronic Acid for Men 30ml,L'Oreal Paris
5332,Sunbites Sun Ripened Sweet Chilli Snacks 28g,Sunbites
5333,Tayto Smoky Bacon Flavour Potato Crisps 6x25g,Tayto
5334,Crabbie's Blood Orange Alcoholic Ginger Beer 500ml,Crabbie's
5335,Ensure Nutrivigor Vanilla Flavour Nutritional Protein Shake Powder 400g,Ensure
5336,ORS Hydration Lemon Flavour Soluble Tablets x24,ORS
5337,Jacob's Cheddars Red Leicester Flavour Mini Grab Bag 45g,Jacob's
5338,Garden Cream Wafers Vanilla Flavour x4 200g,Garden Cream
5339,Roi Thai Massaman Curry Soup 500ml,Roi Thai
5340,Rowse Honey with a Hint of Cinnamon 340g,Rowse
5341,Chippa Brown Sauce 300g,Chippa
5342,Goldenfry Gravy Powder 250g,Goldenfry
5343,Witpak Vital Fibre 200g,Witpak
5344,L’OR Classique Instant Coffee Refill 125g,L’OR
5345,Maxi Nutrition Maxwhey Vanilla 420g,Maxi Nutrition
5346,Discos Salt & Vinegar Multipack Crisps x6,Discos
5347,Heinz Cathedral City Cheesy Tinned Baked Beans 390g,Heinz
5348,L’OR Intense Instant Coffee Refill 125g,L’OR
5349,Tropical Sun Cerassie Karela Bitter Gourd Tea Bags x20 26g,Tropical Sun
5350,Kind Chocolate Chip Cashew Cereal Bar 40g,Kind
5351,Garden Cream Wafers Strawberry Flavour 200g,Garden
5352,Extra Refreshers Strawberry Lemon Sugarfree Chewing Gum Bottle x30,Extra
5353,Bolands Lemon Puff 200g,Bolands
5354,Crabbie's Original Alcoholic Ginger Beer 330ml,Crabbie's
5355,Baking Buddy Pumpkin 425g,Baking Buddy
5356,Colman's Hot Chilli Con Carne Recipe Mix 37g,Colman's
5357,Extra Watermelon Flavour Sugarfree Chewing Gum Pieces x10,Extra
5358,Extra Watermelon Flavour Sugarfree Chewing Gum Bottle x60,Extra
5359,Epic Snax Co. American Style Sticky Toffee Meltin Chocolate Flavour Swirls 100g,Epic Snax Co.
5360,Village Pride Easy Cook Rice 2kg,Village Pride
5361,Koikeya Kara Mucho Spicy Potato Chip 60g,Koikeya
5362,Jacob's Elite Chocolate Mikado 176g,Jacob's
5363,Twinings Favourites Collection 80g,Twinings
5364,Delecta Karpatka Cake 375g,Delecta
5365,Odlums Irish White Soda Bread Mix 1kg,Odlums
5366,McDonnells Spice Bag Classic Flavour Seasoning Mix 40g,McDonnells
5367,Supligen Cookies & Cream Liquid Meal Supplement 290ml,Supligen
5368,Maxi Nutrition Maxwhey Strawberry 420g,Maxi Nutrition
5369,Kind Protein Dark Chocolate Nut 50g,Kind
5370,Chippa Mayo 280g,Chippa
5371,Want Want Shelly Senbei Rice Crakers Strawberry Flavour 117g,Want Want
5372,Pura Refined Vegetable Oil 5L,Pura
5373,McDonnells Spice Bag Chinese Curry Flavour Seasoning Mix 40g,McDonnells
5374,Kind Fruit & Nut 3x30g,Kind
5375,Chef Brown Sauce 330g,Chef
5376,Branston Small Chunk Pickle 720g,Branston
5377,Old El Paso Black Beans 425g,Old El Paso
5378,Oliveira Da Serra Extra Virgin Olive Oil 500ml,Oliveira Da Serra
5379,Littleover Apiaries Acacia Honey 340g,Littleover Apiaries
5380,House of Cake Round Silver Cake Board 12 inch,House of Cake
5381,House of Cake Edible Eye Decorations 25g,House of Cake
5382,Plant Pioneers Spicy BBQ Noodles 90g,Plant Pioneers
5383,Dr. Oetker Pastel Pearls x12 33g,Dr. Oetker
5384,Ritz Crackers Box 200g,Ritz
5385,Colman's Tartare Sauce 144g,Colman's
5386,Fox's Fabulous Milk Chocolate Cookies 180g,Fox's
5387,Kellogg's Corn Flakes Breakfast Cereal 1kg,Kellogg's
5388,Tilda Kids Sunshine Vegetable Rice 125g,Tilda
5389,Finn Crisp Original Crispbread 200g,Finn Crisp
5390,Tilda Kids Cheese & Tomato Rice 125g,Tilda
5391,Tilda Kids Mild & Sweet Curry Rice 125g,Tilda
5392,Whole Earth Crunchy Peanut Butter 1kg,Whole Earth
5393,Whole Earth Smooth Peanut Butter 1kg,Whole Earth
5394,Treat Kitchen Jelly Beans Bottle 450g,Treat Kitchen
5395,Treat Kitchen Luv Ya! Heart Gummy Sweets 350g,Treat Kitchen
5396,Limited Edition Message Bottle 330g,Unknown
5397,Tetley Original Tea Bags x600 1.875kg,Tetley
5398,Heinz Beanz Cheesy 390g,Heinz
5399,Ella's Kitchen Organic the Red One Smoothie Multipack Baby Food Pouch 6+ Months 5x90g,Ella's Kitchen
5400,Organix Gingerbread Men Biscuits Toddler Snacks 12 months+ 135g,Organix
5401,Organix Mini Organic Raisin Snack Boxes Toddler Snacks Multipack 12 months+ 12x14g,Organix
5402,Organix Mini Cheese Crackers Toddler Snacks Multipack 12 months+ 4x20g,Organix
5403,Organix Farm Animal Biscuits Toddler Snacks 12 months+ 100g,Organix
5404,Organix Apple & Date Fruit Bars Toddler Snacks Multipack 12 months+ 6x17g,Organix
5405,Organix Tomato Noughts & Crosses Organic Baby Puffs Multipack 10 months+ 4x15g,Organix
5406,Ella's Kitchen Organic the Purple One Smoothie Multipack Baby Food Pouch 6+ Months 5x90g,Ella's Kitchen
5407,Organix Carrot & Herb Stix Organic Baby Puffs Multipack 10 months+ 4x15g,Organix
5408,Cheetos Puffs Sweet & Spicy Multipack Snacks Crisps 6x13g,Cheetos
5409,Organix Banana & Date Fruit Bars Toddler Snacks Multipack 12 months+ 6x17g,Organix
5410,Organix Cheese & Herb Organic Baby Puffs Multipack 10 months+ 4x15g,Organix
5411,Organix Gruffalo Biscuits Toddler Snacks Multipack 12 months+ 5x20g,Organix
5412,Pipers Burrow Hill Cider Vinegar & Sea Salt Sharing Crisps 150g,Pipers
5413,Elizabeth Shaw Dark Mint Crisp 162g,Elizabeth Shaw
5414,Amoy Coconut Milk 400ml,Amoy
5415,Doritos Dippers Hint of Salt Sharing Tortilla Crisps Chips 230g,Doritos
5416,Organix Jammie Monsters Biscuits Toddler Snacks Multipack 18 months+ 8x8g,Organix
5417,The Curators Original Beef Biltong 28g,The Curators
5418,Tilda Kids Vegetable Paella Rice 125g,Tilda
5419,Love Corn Salt & Vinegar Crunchy Corn Snack 115g,Love Corn
5420,Jack Link's Beef Jerky Sweet & Hot 25g,Jack Link's
5421,Organix BBQ Gruffalo Claws Toddler Snack Multipack 12 months+ 4x15g,Organix
5422,Granovita Organic Flaxseed Oil 260ml,Granovita
5423,Rakusen's of Yorkshire Matzos Flame Baked Cracker 200g,Rakusen's of Yorkshire
5424,Urban Fruit Gently Baked Mango 35g,Urban Fruit
5425,Nishiki Medium Grain Rice 4.54kg,Nishiki
5426,Proper Corn Sweet Cinnamon Popcorn 90g,Proper Corn
5427,Heinz Summer Fruit Porridge Baby Food 7+ Months 220g,Heinz
5428,Odysea Greek Early Harvest Extra Virgin Olive Oil 500ml,Odysea
5429,Bear Berry Fruit Treasures 3+ Years 5x20g,Bear
5430,Urban Fruit Gently Baked Pineapple 35g,Urban Fruit
5431,Bear Tropical Fruit Treasures 3+ Years 5x20g,Bear
5432,Cake Décor Gold Glitter Spray 4g,Cake Décor
5433,Kiddylicious Strawberry Crispy Tiddlers 12 Months+ 4x12g,Kiddylicious
5434,Cerelac Infant Cereals with Milk Mixed Fruits & Wheat From 7 Months 400g,Cerelac
5435,Angelic Free From Chocolate Chip Oat Squares Kids Snack 4x30g,Angelic
5436,Organix Strawberry & Apple Puffcorn 12+ Months 4x10g,Organix
5437,Kiddylicious Veggie Straws 10x12g,Kiddylicious
5438,Kabuto Noodles Mexican Taco Fusions 65g,Kabuto Noodles
5439,Cerelac Infant Cereals with Milk from 6 Months 400g,Cerelac
5440,Organix Kids Apple & Mango Smash 3 Years+ 100g,Organix
5441,Milupa Berry & Apple Bedtime 6-10+ Months 125g,Milupa
5442,Walkers Sensations Salted & Black Peppercorn Sharing Crisps 150g,Walkers
5443,Walkers Sensations Mature Cheddar Cheese & Chilli Crisps 150g,Walkers
5444,Dairy Pride Semi-Skimmed Longer Lasting UHT Milk 1 Litre,Dairy Pride
5445,Dairy Pride UHT Skimmed Milk 1L,Dairy Pride
5446,Fox's Biscuits Chunkie Half Coated Chocolate Cookies 175g,Fox's Biscuits
5447,Yorkshire Tea Decaf Tea Bags x80,Yorkshire Tea
5448,Sesame Snaps x4 pack,Sesame Snaps
5449,Yorkshire Tea Decaf Tea Bags x160,Yorkshire Tea
5450,Walkers Squares Variety Multipack Crisps Snacks 12x22g,Walkers
5451,Kenco Cappuccino Unsweetened Instant Coffee 8 Sachets,Kenco
5452,Kenco 2 in 1 Smooth White Instant Coffee Sachets x5,Kenco
5453,Askeys Ice Cream Wafers x48 75g,Askeys
5454,Mackays Scottish Strawberry Preserve 340g,Mackays
5455,Dr. Oetker Party Candles x18,Dr. Oetker
5456,Carousel Ice Cream Double Fan Wafers x12,Carousel
5457,Alfa One Rice Bran Oil 500ml,Alfa One
5458,Mackays Seedless Bramble Preserve 340g,Mackays
5459,Stamford Street Co. Tea Bags x160 400g,Stamford Street Co.
5460,La Chinata Smoked Pimenton Mild 70g,La Chinata
5461,Santa Maria Extra Fine Selection of Spices Tellicherry Black Pepper,Santa Maria
5462,Branston Small Chunk Piccalilli 360g,Branston
5463,Ortiz El Velero Yellow Fin Tuna in Olive Oil 112g,Ortiz
5464,John West Anchovy Fillets 95g,John West
5465,Carousel Ice Cream Nougat Wafers x6,Carousel
5466,Mr Porky Hand Cooked Pork Scratchings 65g,Mr Porky
5467,Green's Lemon Pie Filling 140g,Green's
5468,Askeys Treat Maple Syrup Dessert Sauce 325g,Askeys
5469,Carotino Red Palm Fruit & Rapeseed Oil 500ml,Carotino
5470,Bisto Chicken Gravy Granules 450g,Bisto
5471,Graze Crunch Snack Mix Sweet Chilli 31g,Graze
5472,Mutti Classic Pizza Sauce 400g,Mutti
5473,"Marmite Yeast Extract Spread, Limited Edition Elton John Jar 250g",Marmite
5474,Alpro Soya Growing Up Long Life Drink 1L,Alpro
5475,Alpro Plain Unsweetened No Sugars Plant-Based Alternative To Yoghurt 500g,Alpro
5476,Fibre One 90 Calorie Chocolate Fudge Brownie Bars 5x24g,Fibre One
5477,"Heinz Baked Beans, Organic 415g",Heinz
5478,Violife Original Flavour Slices Vegan Alternative to Cheese 200g,Violife
5479,Arla Jord Chilled Oat & Hemp Drink 1L,Arla Jord
5480,Alpro Soya Growing Up Long Life Drink 3 x 250ml,Alpro
5481,Fabulous Freefrom Factory Dairy Free Chocovered Raisins 75g,Fabulous Freefrom Factory
5482,Fruit Bowl Raspberry Peelers 5x16g,Fruit Bowl
5483,Flora Plant Butter Unsalted Vegan Alternative to Dairy Butter 250g,Flora
5484,Pipers Atlas Mountains Wild Thyme & Rosemary Sharing Crisps 150g,Pipers
5485,Alpro Plant Protein Chocolate Flavour Soya U.H.T. 1L,Alpro
5486,Lotus Biscoff Biscuit 16x248g,Lotus Biscoff
5487,The Fruit Factory Fruit Twists 90g,The Fruit Factory
5488,KTC Kesar Mango Pulp 850g,KTC
5489,Carousel Oyster Delights x6,Carousel
5490,The Groovy Food Company Organic Coconut Sugar 500g,The Groovy Food Company
5491,Aroy-D Coconut Milk 400ml,Aroy-D
5492,Rowse Organic Honey 340g,Rowse
5493,Foco Coconut Water 1L,Foco
5494,Bear Fruit Splits Strawberry & Apple x5 100g,Bear
5495,Britannia Good Day Cashew Cookies 216g,Britannia
5496,Naturya Organic Spirulina Powder 100g,Naturya
5497,Rowse Organic Runny Honey Squeezy 680g,Rowse
5498,Ambrosia Deluxe Rice Pudding Salted Caramel 2x100g,Ambrosia
5499,Mr Kipling Indulgent Cake Mix Triple Chocolate 416g,Mr Kipling
5500,White Rabbit Gluten Free Vegetarian Lasagne - ALLERGY UPDATE 400g,White Rabbit
5501,White Rabbit Gluten Free Macaroni Cheese - ALLERGY UPDATE 350g,White Rabbit
5502,Cadbury Caramilk Crispy 85g,Cadbury
5503,OSU Apple Cider Vinegar with Lemon Juice & a Hint of Ginger 500ml,OSU
5504,Mentos Fruit Chewy Dragees Rolls 5x38g,Mentos
5505,Yeo Valley Organic Little Yeos 4x85g,Yeo Valley
5506,Quorn Vegetarian Mince 300g,Quorn
5507,Quorn Vegetarian Chicken Style Pieces 300g,Quorn
5508,Fruit Bowl Strawberry Yogurt Flakes 5x21g,Fruit Bowl
5509,Fruit Bowl Juicy Yogurt Raisins 5x25g,Fruit Bowl
5510,Magnum Vegan Almond Ice Cream Sticks 3x90ml,Magnum
5511,Magnum Vegan Classic Chocolate Ice Cream Sticks 3x90ml,Magnum
5512,Fruit Bowl Raspberry Yogurt Flakes 5x21g,Fruit Bowl
5513,Branston Rich & Fruity Sauce 245g,Branston
5514,Fruit Bowl Blackcurrant Yogurt Flakes 5x21g,Fruit Bowl
5515,Encona West Indian Extra Hot Pepper Sauce 142ml,Encona
5516,Plant Pioneers Vegan Cheese Sauce Mix 35g,Plant Pioneers
5517,Magnum Vegan Sea Salt Caramel Ice Cream Sticks 3x90 ml,Magnum
5518,Bear Blueberry & Banana Smoothie Little Paws 2 Years+ 5x20g,Bear
5519,Paxo Meat Free Vegan Burger Mix 120g,Paxo
5520,Sun-Pat Smooth Peanut Butter 400g,Sun-Pat
5521,Sun-Pat Crunchy Peanut Butter 400g,Sun-Pat
5522,Sun Pat Simply Nutty Crunchy Peanut Butter 400g,Sun Pat
5523,Cadbury Crunchie Chocolate Bar Multipack x9 235g,Cadbury
5524,Galaxy Minstrels Chocolate More to Share Pouch Bag 240g,Galaxy
5525,Thai Taste Green Curry Paste 200g,Thai Taste
5526,La Espanola Extra Virgin Olive Oil 750ml,La Espanola
5527,Mrs Elswood Haimisha Gherkins 670g (360g*),Mrs Elswood
5528,La Espanola Olive Oil 750ml,La Espanola
5529,Filippo Berio Mild & Light Olive Oil 1L,Filippo Berio
5530,Filippo Berio Classic Olive Oil 1L,Filippo Berio
5531,The Curators Pork Puffs Original Salted 25g,The Curators
5532,Ryvita Snack It Thins Sour Cream & Chive Flatbread Snacks 125g,Ryvita
5533,La Espanola Light in Colour Olive Oil 750ml,La Espanola
5534,Gressingham Duck Fat 250g,Gressingham
5535,Forest Feast Salted Dark Chocolate Almonds 40g,Forest Feast
5536,Pure Dairy Free Vegan Olive Spread 500g,Pure
5537,McCain Quick Chips Twin Pack 2x100g,McCain
5538,Walkers Wotsits Crunchy Sweet & Spicy Sharing Snacks Crisps 140g,Walkers
5539,Amoy Reduced Fat Coconut Milk 400g,Amoy
5540,Doritos Dippers Hint of Sour Cream & Onion Sharing Tortilla Crisps Chips 230g,Doritos
5541,Lindt Classic Recipe Caramel Sea Salt 125g,Lindt
5542,Ryvita Snack It Thins Sea Salt & Cider Vinegar Flatbread Snacks 125g,Ryvita
5543,Bfree Tiger Rolls 4x60g,Bfree
5544,Rajah Chilli Powder 1kg,Rajah
5545,"Oshee Vitamin Water Detox & Herbal Mint, Dandelion & Nettle 555ml",Oshee
5546,Surreal High Protein Low Sugar Cocoa Cereal 240g,Surreal
5547,Oshee Protein Bar Milk Chocolate 45g,Oshee
5548,Jack Link's Biltong Original 70g,Jack Link's
5549,Nakd Fruit & Fibre Bars Apple & Cinnamon 3x44g,Nakd
5550,Organix Fruity Pic-Nix Dried Plum & Tomato 12+ Months 4x17g,Organix
5551,Nakd Fruit & Fibre Bar Strawberry & Raspberry 3x44g,Nakd
5552,Organix Fruity Pic-Nix Dried Plum & Carrot 12+ Months 4x17g,Organix
5553,Eat Natural Raw Protein Packed Peanuts Almond & Cocoa 45g,Eat Natural
5554,Kind Chocolate Chip Cashew Bars 3x30g,Kind
5555,Cadbury Dairy Milk Big Taste Triple Chocolate Bar 300g,Cadbury
5556,Cadbury Dairy Milk Big Taste Oreo Chocolate Bar 300g,Cadbury
5557,Lindt Classic Recipe Milk Chocolate Bar 125g,Lindt
5558,Baileys Chocolate Truffles Salted Caramel with a Hint of Baileys 205g,Baileys
5559,Belazu Ingredient Co. Italian Basil Pesto 165g,Belazu Ingredient Co.
5560,Napolina Lentils in Water 400g,Napolina
5561,Baxters Classic Tomato Chutney 270g,Baxters
5562,Cadbury Mini Eggs Chocolate Bag 80g,Cadbury
5563,Smarties Milk Chocolate Medium Easter Egg 119g,Smarties
5564,Lindt Milk Chocolate Lindor Filled Egg 28g,Lindt
5565,Lindt Gold Bunny Milk Chocolate 200g,Lindt
5566,Lindt Gold Bunny Milk Chocolate 10g,Lindt
5567,Lindt Gold Bunny Milk Chocolate 100g,Lindt
5568,Lindt Gold Bunny Milk Chocolate Pack x5 50g,Lindt
5569,Kinder Mini Eggs 75g,Kinder
5570,KitKat Bunny Milk Chocolate Easter Figure 29g,KitKat
5571,Milkybar White Chocolate Mini Eggs Sharing Bag 80g,Milkybar
5572,KitKat Chunky Milk Chocolate Medium Easter Egg 129g,KitKat
5573,Lindt Large Milk Chocolate Easter Egg with Lindor Mini Eggs 215g,Lindt
5574,Lindt Large Milk Chocolate Easter Egg with Lindor Assorted Mini Eggs 215g,Lindt
5575,Lindt Solid Mini Eggs Milk Canister 155g,Lindt
5576,Kinder Joy 20g,Kinder
5577,Kit Kat Bunny Milk Chocolate Easter Figure Sharing Bag 55g,Kit Kat
5578,Lindt Medium Easter Egg with Two Mini Gold Bunnies 115g,Lindt
5579,Reese's Peanut Butter Creme Egg 34g,Reese's
5580,Smarties Milk Chocolate Easter Egg Hunt Box 140g,Smarties
5581,Lindt Gold Bunny Milk Chocolate 50g,Lindt
5582,Lindt Gold Bunny Milk Chocolate Hunt Pack 160g,Lindt
5583,Lindt Giant Milk Chocolate Easter Egg with Lindor Truffles 260g,Lindt
5584,Tony's Chocolonely Fairtrade Egg-Stra Special Chocolate Eggs 150g,Tony's Chocolonely
5585,Haribo Eggs Galore 160g,Haribo
5586,Lindt Gold Bunny 200g,Lindt
5587,Lindt Gold Bunny White Chocolate 100g,Lindt
5588,Maltesers Bunny Orange 29g,Maltesers
5589,Kinder Easter with Surprise 36g,Kinder
5590,Tony's Chocolonely Fairtrade Easter Eggs Mix Pouch 255g,Tony's Chocolonely
5591,Lindt Lindor Salted Caramel Egg 28g,Lindt
5592,Milkybar Bunny White Chocolate Easter Hollow Figure 88g,Milkybar
5593,Lindt Giant Milk Chocolate Easter Egg with Lindor Assorted Truffles 260g,Lindt
5594,Yorkie Milk Chocolate Large Easter Egg 196g,Yorkie
5595,Smarties Milk Chocolate Large Easter Egg 188g,Smarties
5596,Lindt Giant Milk Chocolate Easter Egg with Lindor Salted Caramel Truffles 260g,Lindt
5597,Haribo Easter Jelly Bunnies 160g,Haribo
5598,Smarties Dinosaur Milk Chocolate Giant Easter Egg 226g,Smarties
5599,Lindt Giant Milk Chocolate Easter Egg with Lindor Mini Eggs 322g,Lindt
5600,Reese's Peanut Butter Cups Easter Egg 232g,Reese's
5601,Lindt Large Easter Egg with Gold Bunny 195g,Lindt
5602,Maltesers Truffles Luxury Chocolate Easter Egg 286g,Maltesers
5603,Kinder Bueno Eggs 80g,Kinder
5604,Reese’s Peanut Butter Medium Easter Egg 142g,Reese's
5605,"Lindt Gold Bunny Milk, Special Edition 200g",Lindt
5606,Haribo Eggs Galore 480g,Haribo
5607,Toblerone the Edgy Egg Giant Easter Egg 298g,Toblerone
5608,Libeert Milk Chocolate Figurine 30g,Libeert
5609,Reese's Peanut Butter Eggs 70g,Reese's
5610,Lindt Original Gold Bunny Chocolate Milk Easter Bar 120g,Lindt
5611,Lindt Giant Dark Chocolate Easter Egg with Lindor 70% Truffles 260g,Lindt
5612,Lindt Gold Bunny Salted Caramel 100g,Lindt
5613,Milk Easter Chocolate 100g,Unknown
5614,Smarties Sea Splash Milk Chocolate Giant Easter Egg 226g,Smarties
5615,Tony’s Chocolonely Milk Chocolate Giant Easter Egg 242g,Tony's Chocolonely
5616,Smarties Mini Eggs Milk Chocolate Incredible Easter Egg 470g,Smarties
5617,Tony’s Chocolonely Milk Caramel Sea Salt Giant Easter Egg 242g,Tony's Chocolonely
5618,Baileys Chocolate Easter Egg 225g,Baileys
5619,Lindt Giant Milk Chocolate Easter Egg with Assorted Lindor Mini Eggs 322g,Lindt
5620,Lindt Giant Easter Egg with Gold Bunny 360g,Lindt
5621,Guinness Dark Chocolate Easter Egg Rugby Ball 220g,Guinness
5622,NOMO Free From Ultimate Easter Egg 258g,NOMO
5623,Lindt Large Easter Egg with Salted Caramel Gold Bunny 195g,Lindt
5624,Libeert Milk Chocolate Figurine 85g,Libeert
5625,Haribo Hunt Hamper 320g,Haribo
5626,Douwe Egberts Pure Gold Instant Coffee Refill 150g,Douwe Egberts
5627,Rowntree’s Gummy Bears Sweets Sharing Bag 115g,Rowntree's
5628,Taylors of Harrogate Hot Lava Java Beans Roast Coffee 200g,Taylors of Harrogate
5629,Cadbury Creme Egg 40g,Cadbury
5630,Maltesers Milk Chocolate Medium Easter Egg 127g,Maltesers
5631,Jus-Rol Filo Pastry Sheets x7 270g,Jus-Rol
5632,Cadbury Creme Egg Chocolate Box x5 200g,Cadbury
5633,Cadbury Mini Eggs Chocolate Easter Egg 232g,Cadbury
5634,Cadbury Twirl Chocolate Easter Egg 198g,Cadbury
5635,Giant Cadbury Easter Egg with Dairy Milk & Caramel Bars 245g,Cadbury
5636,Maltesers Single Bunny 29g,Maltesers
5637,Maltesers Teasers Milk Chocolate Large Easter Egg 185g,Maltesers
5638,Cadbury Caramel Chocolate Egg 40g,Cadbury
5639,Nongshim Shin Cup Noodle Soup 75g,Nongshim
5640,Cadbury Creme Egg Chocolate Easter Egg 195g,Cadbury
5641,Pipers Great Berwick Longhorn Beef Sharing Crisps 150g,Pipers
5642,Milkybar Small White Chocolate Easter Egg 65g,Milkybar
5643,Bio&Me Super Seedy & Nutty Gut Loving Granola 360g,Bio&Me
5644,Giant Cadbury Easter Egg with Flake Bars 231.5g,Cadbury
5645,Bio&Me Low Sugar Naturally Gut Loving Granola 360g,Bio&Me
5646,Rakusen's Matzos Crackers 150g,Rakusen's
5647,Cadbury Creme Egg Chocolate Box x10 400g,Cadbury
5648,Cadbury Dairy Milk Caramel Nibbles Chocolate Easter Egg 96g,Cadbury
5649,Cadbury Crunchie Traditional Chocolate Easter Egg 190g,Cadbury
5650,Maltesers Multipack Chocolate Bunny 5x29g,Maltesers
5651,Galaxy Minstrels Milk Chocolate Large Easter Egg 234g,Galaxy
5652,Thorntons Milk Chocolate Unicorn Easter Egg 151g,Thorntons
5653,Ferrero Collection Crispy Eggs Hazelnut 100g,Ferrero
5654,Galaxy Milk Chocolate Extra Large Easter Egg 268g,Galaxy
5655,Cadbury Dairy Milk Large Hollow Bunny 100g,Cadbury
5656,Thorntons Milk Chocolate Dinosaur Easter Egg 151g,Thorntons
5657,Celebrations Milk Chocolate Large Easter Egg 220g,Celebrations
5658,Maltesers Bunnies Easter Egg 236g,Maltesers
5659,Carapelli Organic Extra Virgin Olive Oil 500ml,Carapelli
5660,Fox's Rocky Chocolate Bars 7x19g,Fox's
5661,Cadbury Twirl Orange Traditional Chocolate Easter Egg 198g,Cadbury
5662,Fox's Rocky Caramel Bars 7x19.5g,Fox's
5663,Kinder Surprise Large Milk Chocolate Easter Egg with Toy 100g,Kinder
5664,Cadbury Wispa Chocolate Easter Egg Large 182.5g,Cadbury
5665,Bio&Me Apple & Cinnamon Gut Loving Granola 360g,Bio&Me
5666,Cadbury Creme Egg Giant Easter Egg 235g,Cadbury
5667,Kinder Easter Egg Hunt Kit 150g,Kinder
5668,Cadbury Giant Easter Egg with Twirl Milk Chocolate & Orange Bars 241g,Cadbury
5669,Kinder Easter Rabbit with Surprise 75g,Kinder
5670,Maltesers White Chocolate Mini Bunnies Bag 58g,Maltesers
5671,Satonoyuki Tofu 300g,Satonoyuki
5672,Thorntons Medium White Chocolate Bunny Easter Egg,Thorntons
5673,Terry’s Chocolate Orange Large Easter Egg with Mini Eggs 200g,Terry’s
5674,NOMO Free From Easter Cookie Dough Bunny 30g,NOMO
5675,Milkybar Mini Eggs White Chocolate Sharing Bar 100g,Milkybar
5676,Cadbury Dairy Milk Easter Egg Hunt 317g,Cadbury
5677,M&M's Crispy Milk Chocolate Large Easter Egg 222g,M&M's
5678,Bluey Milk Chocolate Easter Egg & Bar 62g,Bluey
5679,Crayola Decorate Your Own Easter Egg 180g,Crayola
5680,Thortons Classic Milk Chocolate Easter Egg with a Selection of Classic Chocolates 150g,Thortons
5681,Thorntons Continental Milk Chocolate Easter Egg 257g,Thorntons
5682,Munchies Milk Chocolate Large Easter Egg 202g,Munchies
5683,Ferrero Rocher Golden Easter Egg Milk Chocolate & Hazelnut 250g,Ferrero Rocher
5684,Bio&Me Cashew & Almond Granola 350g,Bio&Me
5685,Bio&Me Berry Burst Granola 350g,Bio&Me
5686,Guylian Giant Easter Egg with Praline Seahorses 306g,Guylian
5687,KitKat Bunny Milk Chocolate Giant Easter Egg 234g,KitKat
5688,Thorntons Milk Chocolate Bunny Model 170g,Thorntons
5689,Cadbury Mini Eggs Ultimate Chocolate Easter Egg 380g,Cadbury
5690,Moo Free Milk Choccy Mini Eggs 50g,Moo Free
5691,NOMO Free From Choc Fudge Bunny 30g,NOMO
5692,Giant Maltesers Crunchy Easter Egg 496g,Maltesers
5693,Cadbury Mini Eggs Large Chocolate Bar 360g,Cadbury
5694,NOMO Free From Little Monsters Easter Egg & Lolly 92g,NOMO
5695,Galaxy Milk Chocolate & Creamy Hazelnut Truffles Easter Mini Eggs Bag 74g,Galaxy
5696,"Skittles Chewy Fruit Flavored Sweets, Milk Chocolate Large Easter Egg 195g",Skittles
5697,NOMO Free From Caramel Filled Easter Egg & Bar 148g,NOMO
5698,Cadbury Spring Share Box 450g,Cadbury
5699,Kinder Surprise Giant Milk Chocolate Easter Egg with Toy 220g,Kinder
5700,NOMO Free From Cookie Dough Crunch Easter Egg & Bunny,NOMO
5701,KitKat Chunky Milk & White Chocolate Giant Easter Egg 230g,KitKat
5702,Cadbury Fruit & Nut Inclusions Ultimate Giant Easter Egg 400g,Cadbury
5703,Cadbury Inclusions Milk Chunky Ultimate Giant Easter Egg 400g,Cadbury
5704,Cadbury Crunchie Inclusions Ultimate Giant Easter Egg 369g,Cadbury
5705,Moo Free Bunnycomb Easter Egg 85g,Moo Free
5706,Moo Free From Egg Hunt Box 10x15g,Moo Free
5707,Bio&Me Oats & Plenty Apple & Cinnamon 400g,Bio&Me
5708,KitKat Caramel Cookie Collision Incredible Giant Easter Egg 512.7g,KitKat
5709,Bio&Me Oats & Plenty Super Seedy & Nutty 400g,Bio&Me
5710,KitKat Milk Chocolate Easter Egg Hunt Box 120g,KitKat
5711,Moo Free From Milk Choc Mini Caramel Eggs 88g,Moo Free
5712,NOMO Free From Creamy Choc Easter Egg & Mini Bars 154g,NOMO
5713,Jack Link's Biltong Original Meat Snacks 25g,Jack Link's
5714,Cadbury Inclusions Half & Half Ultimate Giant Easter Egg 372g,Cadbury
5715,Rowntree's Randoms Milk Chocolate Incredible Easter Egg 540g,Rowntree's
5716,Terry's Chocolate Orange Truffles Easter Egg 260g,Terry's
5717,Cadbury Inclusions Marble Ultimate Giant Easter Egg 372g,Cadbury
5718,NOMO Free From Hollow Bunny 90g,NOMO
5719,Ferrero Rocher Easter Egg White Chocolate & Hazelnut 250g,Ferrero Rocher
5720,M&M’s Giant Milk Chocolate & Peanut Easter Egg 313g,M&M’s
5721,Moo Free From Strawberry Sundae Easter Egg 85g,Moo Free
5722,Lily O’Brien’s Giant Easter Egg with Desserts Collection Chocolates 240g,Lily O’Brien’s
5723,Nomo Free From Fudge Easter Egg & bunny 160g,Nomo
5724,Heinz Curry Ketchup 500ml,Heinz
5725,Werther's Original Cream Candies 1000g,Werther's Original
5726,Chocalot Bunny Box 437g,Chocalot
5727,Eat Real Lentil Chips Sea Salt Flavour 113g,Eat Real
5728,Alpro Hazelnut Chilled Drink 1L,Alpro
5729,Eat Real Veggie Straws 113g,Eat Real
5730,Cadbury Dairy Milk Mini Chocolate Easter Egg Bag 77g,Cadbury
5731,Eat Real Quinoa Chips Sour Cream & Chives Flavour 80g,Eat Real
5732,Eat Real Hummus Tomato & Basil Chips 135g,Eat Real
5733,Batchelors Big Super Noodles Pot Chicken Flavour 100g,Batchelors
5734,Rubicon Lychee Fruit Juice Drink 1L,Rubicon
5735,Dunn's River Processed Gungo Peas In Water 400g (240g*),Dunn's River
5736,Eat Real Kids Veggie Kale Straws 5x20g,Eat Real
5737,Carnation Vegan Condensed Milk Alterative Tin 370g,Carnation
5738,Taylors of Harrogate Yorkshire Tea Bags x600 1.875kg,Taylors of Harrogate
5739,Kenco Duo Cappuccino Unsweetened Instant Coffee x6,Kenco
5740,Doritos Burger King Flame Grilled Whopper Sharing Tortilla Chips Crisps 180g,Doritos
5741,Twinings the Earl Grey Plant Based Tea Bags x40 100g,Twinings
5742,Aunt Bessie's Shortcrust Pastry Mix 500g,Aunt Bessie's
5743,Smarties Milk Chocolate Mini Eggs Sharing Bag 80g,Smarties
5744,Merchant Gourmet Spiced Grains & Chestnuts with Wild Rice & Cranberries 250g,Merchant Gourmet
5745,Walkers Max Strong Fiery Prawn Cocktail Sharing Crisps 140g,Walkers
5746,Cadbury Assortment Chocolate Mini Mix 238G,Cadbury
5747,Twinings Darjeeling Plant Based Tea Bags x40 100g,Twinings
5748,Sharwood's Tikka Masala Curry Paste 280g,Sharwood's
5749,Sodastream Quick Connect CO2 Cylinder 425g,Sodastream
5750,Cadbury Crunchie Chocolate Bar Multipack x10 261g,
5751,Maltesers Chocolate Mini Bunnies Bag 58g,
5752,Del Monte Peach Slices Light Syrup 420g (250g Drained),
5753,Terry's Chocolate Orange Mini Eggs 80g,
5754,Tyrrells Truffle & Sea Salt Flavour Hand Cooked English Crisps 135g,
5755,Heinz Tomato Ketchup Squeezy 250g,
5756,Sensations Balsamic Vinegar & Caramelised Onion Sharing Crisps 150g,
5757,Jordans Frusli Apple & Cinnamon Chewy Cereal Bars 6x30g,
5758,Rowntree's Fruit Pastilles Sweets Tube 50g,
5759,Snickers Creamy Peanut Butter & Milk Chocolate Snack Bars Multipack 182g,
5760,Pipers Upton Cheyney Jalapeño & Dill Sharing Crisps 150g,
5761,"Eat Real Hummus, Lentil, Quinoa Chips X5 116g",
5762,Walkers Wotsits Giants Flamin’ Hot Sharing Crisps Snacks 130g,
5763,Cheetos Puffs Flamin' Hot Multipack Snacks Crsips 6x13g,
5764,Heinz Tomato Ketchup 50% Less Sugar 435g,
5765,Camp Chicory & Coffee Essence Liquid 241ml,
5766,Cadbury Dairy Milk Giant Buttons Easter Egg 96g,
5767,Cadbury Mini Eggs Chocolate Easter Egg 97g,
5768,Cadbury Dairy Milk Freddo Face Easter Egg 96g,
5769,Mentos Pure Freshmint Gum x50,
5770,Wright's Garlic & Rosemary Focaccia Bread Mix 500g,
5771,Cadbury Mini Eggs Large Easter Egg 193g,
5772,Cadbury Mini Eggs Pouch 308g,
5773,Old El Paso Gluten Free Sea Salt Tortilla Bowls 150g,
5774,Cadbury Creme Egg 10x40g,
5775,Aero Dark & Milk Peppermint Chocolate Sharing Bar 90g,
5776,Cadbury Dairy Milk Buttons Large Easter Egg 195g,
5777,Cadbury Creme Egg White 40g,
5778,Celebrations Chocolates Easter Sharing Pouch Bag 350g,
5779,Bear Fruit Splits Raspberry Pineapple x5 100g,
5780,Galaxy Milk Chocolate Truffles Easter Mini Eggs Bag 74g,
5781,Eat Real Hummus Chips Sea Salt & Balsamic Vinegar Flavour 135g,
5782,Nakd Caramel Protein Bars 3x45g,
5783,Jordans Frusli Sticky Toffee & Apple Flavour Chewy Cereal Bars 6x30g,
5784,Nakd Cocoa Mint Raw Fruit & Nut Bar 4x35g,
5785,Sun Hee Korean BBQ Sauce 300g,
5786,Smarties Bunny Milk Chocolate Easter Hollow Figure 94g,
5787,SlimFast Snack Bag Baked Cheddar Flavour Bites single serve 23g,
5788,NOMO Free From Mini Bunnies x5 53g,
5789,Reese's Peanut Butter Creme Egg 5x34g,
5790,Aero Golden Honeycomb Chocolate Sharing Bar 90g,
5791,Hellmann's Squeezy Mayonnaise Chilli Charger 250 ml,
5792,Eat Natural Raw Fruit & Nut Bar Almond Cranberries & Pomegranate 45g,
5793,Proper Prawn Cocktail Potato Crisps 100g,
5794,Dunn's River Jamaican Ackee in Salted Water 540g,
5795,Mcvitie's Blissfuls Belgian Milk Chocolate & Hazelnut x3 42g,
5796,Alpro No Bits Strawberry Banana & Peach Pear Yogurt Alternative 4x125g,
5797,Alpro Plain Yoghurt Alternative 500g,
5798,Alpro Soya Vanilla Flavoured 500g,
5799,Alpro Soya Yofu Red Fruit Mix Blueberry & Cherry 4x125g,
5800,Alpro Plain with Coconut Yoghurt Alternative 500g,Alpro
5801,Alpro Rasberry Cranberry & Blackberry Yogurt Alternative 4x125g,Alpro
5802,Walkers Wotsits Crunchy Flamin' Hot Snacks Crisps 140g,Walkers
5803,Calbee Grill A Corn Barbecue Flavoured 80g,Calbee
5804,GGE Wheat Crackers BBQ Cube 80g,GGE
5805,Del Monte Pear Halves In Juice 415g (230g Drained),Del Monte
5806,Meridian Crunchy Peanut Butter Giant Tub 1.5kg,Meridian
5807,Proper Flame Grilled Steak Potato Crisps 100g,Proper
5808,Filippo Berio Olive Oil 750ml,Filippo Berio
5809,Filippo Berio Mild & Light in Color Olive Oil 750ml,Filippo Berio
5810,Alpro Barista Long Life Oat Drink 1L,Alpro
5811,Good Hemp Seed Hearts 225g,Good Hemp
5812,Heinz Tomato Ketchup Bulk Pack 3x1kg,Heinz
5813,Heinz Baked Beans Bulk Pack 12x415g,Heinz
5814,Free and Easy Organic Three Bean Chilli Ready Meal 400g,Free and Easy
5815,Silver Spoon Discover Baking Chocolate Biscuit Kit 295g,Silver Spoon
5816,Napolina Olive Oil 500ml,Napolina
5817,Daddies Favourite Brown Sauce 685g,Daddies Favourite
5818,Carr's Melts Italian Herbs Flavour Crackers 150g,Carr's
5819,Maltesers Milk Chocolate Large Easter Mix Sharing Pouch Bag 212g,Maltesers
5820,McVitie's Jaffa Cakes x10 122g,McVitie's
5821,Jord Organic Chilled Oat Drink 1L,Jord
5822,Jacob's Mini Cheddars 30% Less Fat Double Gloucester & Chive Baked Snacks Multipack 6x17g,Jacob's
5823,Kind Dark Chocolate Nuts & Sea Salt Snack Bars Multipack 3x30g,Kind
5824,Kind Caramel Almond & Sea Salt Snack Bars Multipack 3x30g,Kind
5825,Kind Peanut Butter Dark Chocolate Snack Bars Multipack 3x30g,Kind
5826,Old Jamaica Cream Soda 330ml,Old Jamaica
5827,n?kd. Banoffee Pie Raw Fruit & Nut Bar 35g,n?kd
5828,Kind Maple Pecan Almond Snack Bars Multipack 3x30g,Kind
5829,Leon Korean Style Mayo 240ml,Leon
5830,LEON Love Burger Sauce 240ml,LEON
5831,Boostball Chocolate Brownie Keto Snack 4x10g,Boostball
5832,Cadbury Creme Egg Mixed Chocolate Box x5 200g,Cadbury
5833,Boostball White Chocolate Raspberry & Coconut Keto Snack 4x10g,Boostball
5834,Paterson's Scottish Cream Shortbread Biscuit Selection 2x500g,Paterson's
5835,KTC Vermicelli 200g,KTC
5836,Kenko Mayonnaise 500g,Kenko
5837,Leon Herbed Wholegrain Rice 240g,Leon
5838,Leon Tomato Ketchup 280g,Leon
5839,Leon Aioli Smoked Garlic 240ml,Leon
5840,Leon Spicy Wholegrain Rice 240g,Leon
5841,Want Want Rice Crackers 150g x12,Want Want
5842,Tribe Lemon Protein Flapjack 50g,Tribe
5843,Regal Siprus Basil Seed Drink Lychee 320ml,Regal Siprus
5844,Spicy Yuzu Paste 43g,Unknown
5845,Roi Thai Panang Curry Soup 500ml,Roi Thai
5846,Yutaka Akita Komachi Japanese Rice 10x150g,Yutaka
5847,Vici Premium Natural Large Surimi Tails 175g,Vici
5848,Vici Premium Chilli Large Surimi Tails 175g,Vici
5849,Dr. Oetker Easter Party Sprinkles 110g,Dr. Oetker
5850,Haribo Heart Throbs Sweets Sharing Bag,Haribo
5851,Dr. Oetker Easter Baking Cases x50,Dr. Oetker
5852,Hubbard’s Foodstore Peeled Plum Tomatoes 400g,Hubbard’s Foodstore
5853,Heck 97% British Pork Sausages 400g,Heck
5854,Heck British Chicken Italia Sausages 340g,Heck
5855,Teapigs Peppermint Leaves Tea Bags x15,Teapigs
5856,Lindt Lindor Milk 200g,Lindt
5857,Cadbury Fingers Mini 5x19.3g,Cadbury
5858,Cadbury Animals 5x19.9g,Cadbury
5859,Lindt Lindor Assorted Chocolate Truffles with a Smooth Melting Filling 200g,Lindt
5860,Jammie Dodgers Minis Apple & Blackcurrant Burst Flavour x6 120g,Jammie Dodgers
5861,Cadbury Creme Egg Minis Chocolate Bag 78g,Cadbury
5862,Tyrrells Lentil Sharing Crisps Sour Cream & Onion 80g,Tyrrells
5863,"Twinings Decaffeinated Everyday Tea, 80 Tea Bags",Twinings
5864,Del Monte Sliced Pineapple in Juice 435g (260g Drained),Del Monte
5865,Del Monte Pineapple Chunks in Juice 435g (260g Drained),Del Monte
5866,Del Monte Sliced Pineapple in Juice 220g (140g Drained),Del Monte
5867,Jack Link's Original Jerky Beef Meat Snacks 25g,Jack Link's
5868,Mrs Crimble's 4 Big Bakewell Slices 200g,Mrs Crimble's
5869,Fridge Raiders Southern Style Chicken Bites Mini Packs 3x22.5g,Fridge Raiders
5870,Jack Link's Sweet & Hot Beef Jerky Meat Snacks 25g,Jack Link's
5871,Whitworths Shots Single Snack Toffee Pecan 25g,Whitworths
5872,Rhythm108 Double Chocolate Biscuit Share Bag 135g,Rhythm108
5873,Rhythm 108 Vegan Hazelnut Praline Dark Chocolate Bars 3x33g,Rhythm 108
5874,Rhythm108 Swiss Choc Almond 99g,Rhythm108
5875,Del Monte Pineapple Chunks In Juice 230g,Del Monte
5876,Schär Gluten Free Spekulatius 100g,Schär
5877,Merchant Gourmet Rich Puy Lentil Bolognese 330g,Merchant Gourmet
5878,Mrs Crimble's Caramel Macaroons x6 180g,Mrs Crimble's
5879,Deliciously Ella Salted Chocolate Dipped Peanuts 81g,Deliciously Ella
5880,Paxo Meat Free Vegan Meatball Mix 120g,Paxo
5881,Booja-Booja Organic Chocolate Orange Truffles 92g,Booja-Booja
5882,10 in. Round Marbled Cake Board,Unknown
5883,Free and Easy Organic Vegetable Balti 400g,Free and Easy
5884,Dr. Oetker Easter Bunnies & Eggs Dark Chocolate Decorations 26g,Dr. Oetker
5885,Mrs Crimble's Gluten Free Pancake & Batter Mix 200g,Mrs Crimble's
5886,Heinz Spaghetti Hoops In Tomato Sauce x3 205g,Heinz
5887,Tyrrells Lentil Sharing Crisps Sweet Chilli & Red Pepper 80g,Tyrrells
5888,Jubbly Ice Lollies Orange 8x62ml,Jubbly
5889,"Olivado Avocado Oil, Extra Virgin 250ml",Olivado
5890,Walkers Sensations BBQ Beef Teriyaki Sharing Crisps 150g,Walkers
5891,"Nature's Heart Cashew, Goji & Chocolate Goldenberry Mix 100g",Nature's Heart
5892,"Nature's Heart Blueberry, Goji & Almond Mix 100g",Nature's Heart
5893,Cadbury Mini Eggs Chocolate Large Bag 270g,Cadbury
5894,JS Ranch Style Dressing 150ml,JS
5895,Ben's Original Classic Jasmine 220g,Ben's Original
5896,Cadbury Animals with Freddo Mini Chocolate Biscuits Pack x7 139.3g,Cadbury
5897,Patak's Aubergine Pickle 312g,Patak's
5898,Clarence Court Old Cotswold Legbar Large Free Range Eggs x6,Clarence Court
5899,Twix Caramel & Milk Chocolate Fingers Biscuit Snack Bars Large Multipack 16x20g,Twix
5900,Vita Coco Coconut Oil 250ml,Vita Coco
5901,McVitie's Tasties Coconut Rings Biscuits 300g,McVitie's
5902,Extra Spearmint Chewing Gum Sugar Free Multipack 6x10 Pieces,Extra
5903,Extra Cool Breeze Chewing Gum Sugar Free Multipack 6x10 Pieces,Extra
5904,Simon Howie Original Haggis In Bag 454g,Simon Howie
5905,Cadbury Mini Eggs Chocolate Bar 110g,Cadbury
5906,Simon Howie Vegetarian Haggis 454g,Simon Howie
5907,SlimFast Baked Sour Cream & Chive Flavour Pretzels 23g,SlimFast
5908,Cadbury Creme Egg Chocolate Bar 123g,Cadbury
5909,SlimFast Baked Cheddar Flavour Bites 22g,SlimFast
5910,Aero Melts Chocolate Neapolitan Ice cream Sharing Bag 86g,Aero
5911,Munchies Milk Chocolate Cookie Dough Ice cream Sharing bag 97g,Munchies
5912,Ben's Original Smokey BBQ Microwave Rice 220g,Ben's Original
5913,Jacob's Mini Cheddars Basil Pesto & Cheese Flavour 6x102g,Jacob's
5914,Bepps Black Eyed Pea Popped Salt & Black Pepper Snacks 70g,Bepps
5915,John West Lower Salt Tuna Chunks in Spring Water 3x145g,John West
5916,Cadbury Fingers Mini Chocolate Biscuits Multipack x6 115.8g,Cadbury
5917,Blue Riband Original Milk Chocolate Multipack 8x18g,Blue Riband
5918,Doritos Variety Multipack Tortilla Crisps Chips 12x30g,Doritos
5919,"Baxters Favourites, Cream Of Mushroom Soup 400g",Baxters
5920,Aero Bubbly Caramel Chocolate Bar Multipack 4 Pack 4x27g,Aero
5921,"King Oscar Sardines in Extra Virgin Olive Oil with Basil, Oregano & Garlic 106g",King Oscar
5922,"King Oscar Sardines in Extra Virgin Olive Oil with Red Bell Pepper, Garlic, Rosemary & Chilli 106g",King Oscar
5923,Skittles Squishy Cloudz Sour Sweets Fruit Flavoured Sweets Pouch Bag 94g,Skittles
5924,King Oscar Sardines in Extra Virgin Olive Oil with Sliced Spanish Manzanilla Olives 106g,King Oscar
5925,Breakaway Milk 8x19.1g,Breakaway
5926,L'OR Classique Instant Coffee 100g,L'OR
5927,L'OR Decaffeinated Instant Coffee 100g,L'OR
5928,Heinz No Added Sugar Spaghetti Hoops 205g,Heinz
5929,Monster Energy Lewis Hamilton Zero Sugar 4x500ml,Monster Energy
5930,Soreen Malt Lunchbox Loaves 5x30g,Soreen
5931,Soreen Banana Lunchbox Loaves 5x30g,Soreen
5932,Mr Kipling Viennese Whirls x6,Mr Kipling
5933,Soreen Strawberry Lunchbox Loaves 5x30g,Soreen
5934,McVitie's Lyle's Golden Syrup Cake 225g (Serves 9),McVitie's
5935,Jord Organic Chilled Oat & Hemp Drink 1L,Jord
5936,Spécialité Locale Sultana Fingerellas 250g,Spécialité Locale
5937,Soreen Malt Lunchbox Loaves 10x30g,Soreen
5938,Extra Ice Peppermint Chewing Gum Sugar Free Multipack 6x10 Pieces,Extra
5939,Pot Pasta Creamy Carbonara Instant Hot Snack 69g,Pot Pasta
5940,John West Lower Salt Tuna Chunks in Sunflower Oil 3x145g,John West
5941,McVitie's BN Mini Rolls Chocolate Flavour x5,McVitie's
5942,Want Want Mini Rice Crackers Seaweed Flavour 60g,Want Want
5943,McVitie's BN Mini Rolls Raspberry Flavour x5,McVitie's
5944,Special K Crunchy Golden Clusters,Special K
5945,Kellogg's Honey Bsss Pops 330g,Kellogg's
5946,Yeo's Szechuan Kung Po Sauce 285g,Yeo's
5947,Kellogg's Honey Bsss Loops 330g,Kellogg's
5948,Calbee Grill a Corn Hot & Spicy 80g,Calbee
5949,McVitie's Jamaica Ginger Cake 225g (Serves 9),McVitie's
5950,Kellogg's Cereal Variety Pack x8 185g,Kellogg's
5951,"Homepride Extra Fine Plain Flour, Stay Fresh Pack 1kg",Homepride
5952,Soreen Apple Lunchbox Loaves 5x30g,Soreen
5953,Extra Peppermint Chewing Gum Sugar Free Multipack 6x10 Pieces,Extra
5954,"John West Light Lunch, Mexican Style Tuna Salad 220g",John West
5955,Airwaves Menthol & Eucalyptus Chewing Gum Sugar Free Multipack 6x10 Pieces,Airwaves
5956,Extra White Bubblemint Chewing Gum Sugar Free Multipack 6x10 Pieces,Extra
5957,Tate + Lyle Fairtrade Preserving Sugar 1kg,Tate + Lyle
5958,Extra White Chewing Gum Sugar Free Multipack 6x10 Pieces,Extra
5959,Food Thoughts Roasted Cacao Nibs 125g,Food Thoughts
5960,Angel Delight Strawberry Flavour 4x70g,Angel Delight
5961,Maltesers Teasers Milk Chocolate Large Easter Egg 220g,Maltesers
5962,"Oshee Vitamin Isotonic Water, Limited Edition 555ml",Oshee
5963,Orion Choco Boy Chocolate Biscuits 36g,Orion
5964,Patak's Keralan Style Korma Curry Kit 270g,Patak's
5965,Patak's Punjabi Style Tikka Masala Curry Kit 270g,Patak's
5966,Patak's Old Delhi Style Butter Chicken Curry Kit 270g,Patak's
5967,Branston Baked Beans with Sausages 220g,Branston
5968,John West Immunity No Drain Tuna Steak with Springwater 3x110g,John West
5969,Bepps Black Eyed Pea Popped BBQ Snacks 70g,Bepps
5970,Carousel Ice Cream Dipped Waffle Cones x6,Carousel
5971,JORD Organic Oat Drink 1L,JORD
5972,"Haribo Heart Throbs, Special Edition 160g",Haribo
5973,After Eight Bites Dark Chocolate Pouch 107g,After Eight
5974,White Rabbit Pepperoni Pizza,White Rabbit
5975,Popchips Original Chips Sharing Crisps 85g,Popchips
5976,Kitkat 4f Dark Cocoa 41.5g Iap,Kitkat
5977,Hubbard's Curry Sauce 440g,Hubbard's
5978,Hubbard's Pasta Sauce 440g,Hubbard's
5979,White Rabbit Mediterranean Veg Gluten Free Pizzetta 175g,White Rabbit
5980,ORS Hydration Blackcurrant Flavour Soluble Tablets x24,ORS
5981,Heinz Vegan Salad Cream 435g,Heinz
5982,Mrs Crimble's Pancake & Batter Mix 200g,Mrs Crimble's
5983,Sour Patch Kids Sweets Bag 140g,Sour Patch Kids
5984,Sour Patch Kids Fruit Mix Sweets Bag 140g,Sour Patch Kids
5985,Cadbury Dairy Milk Orange Chocolate Bar 180g,Cadbury
5986,Sour Patch Kids Watermelon Sweets Bag 140g,Sour Patch Kids
5987,Jude's Strawberry Sauce 275g,Jude's
5988,Aero Melts Caramel Milk Chocolate Sharing Bag 86g,Aero
5989,Jord Organic Chilled Hemp & Oat Drink 1L,Jord
5990,Want Want Crunchy Senbei Rice Crackers 155g,Want Want
5991,Cadbury Dairy Milk Marvellous Creations Jelly Popping Candy 160g,Cadbury
5992,Toblerone Milk Chocolate Large Bar 360g,Toblerone
5993,Belvita Apple & Pear Multigrain Fruit Crunch 225g,Belvita
5994,Cadbury Delights Soft Nougat Salted Caramel Bars 5x22g,Cadbury
5995,Cadbury Dairy Milk Fruitier & Nuttier Trail Mix 100g,Cadbury
5996,Oreo Original Chocolate Sandwich Biscuits 2x154g,Oreo
5997,Cadbury Bournville Brunch Bar Choc Chip 5x160g,Cadbury
5998,Cadbury Darkmilk Original Chocolate Bar 85g,Cadbury
5999,Cadbury Darkmilk Giant Buttons Bag 105g,Cadbury
6000,Cadbury Dairy Milk Giant Chocolate Buttons Bag 40g,Cadbury
6001,Cadbury Caramilk Golden Caramel Chocolate Bar x4 112g,Cadbury
6002,Maynards Bassetts Sports Mix 165g,Maynards Bassetts
6003,Belvita Breakfast Biscuits Soft Bakes Filled Strawberry Multipack 250g,Belvita
6004,Cadbury Dairy Milk Salted Caramel 120g,Cadbury
6005,Cadbury White Chocolate Giant Buttons 110g,Cadbury
6006,Cadbury Double Decker x9 335.7g,Cadbury
6007,Cadbury Twirl Chocolate Bar Multipack 215g x10,Cadbury
6008,Belvita Soft Bakes Apricot Filled Breakfast 250g,Belvita
6009,Belvita Breakfast Biscuits Duo Crunch Strawberry & Live Yogurt Multipack 5pk 253g,Belvita
6010,Cadbury Dairy Milk Orange Giant Buttons Chocolate Bag 110g,Cadbury
6011,Fry's Chocolate Cream Multipack x3 147g,Fry's
6012,Cadbury Heroes Chocolate Carton 290g,Cadbury
6013,Cadbury Dairy Milk Giant Chocolate Buttons Bag 119g,Cadbury
6014,Sour Patch Kids Soda Sweets Bag 130g,Sour Patch Kids
6015,Toblerone White Chocolate Large Bar 360g,Toblerone
6016,Cadbury Brunch Choc Chip Cereal Bar Multipack 5x32g,Cadbury
6017,The Natural Confectionery Co. Jelly Snakes 130g,The Natural Confectionery Co.
6018,Cadbury Brunch Raisin Cereal Bar Multipack 5x32g,Cadbury
6019,Belvita Breakfast Biscuits Soft Bakes Filled Choco Hazelnut Multipack 250g,Belvita
6020,Belvita Breakfast Biscuits Soft Bakes Choc Chips Multipack 250g,Belvita
6021,Cadbury Dairy Milk Fruit & Nut Chocolate Bar 110g,Cadbury
6022,Cadbury Dairy Milk Oreo Bites Bag 110g,Cadbury
6023,Toblerone Orange Twist Chocolate Bar 360g,Toblerone
6024,Cadbury Wispa Gold Chocolate Bar Multipack 4pk 153.2g,Cadbury
6025,Belvita Soft Bakes Blueberry 250g,Belvita
6026,Cadbury Skeleton Fingers White Chocolate Biscuits 114g,Cadbury
6027,Barny Milk Bear Biscuits x5 125g,Barny
6028,Oreo Original Vanilla Chocolate Sandwich Biscuit 132g,Oreo
6029,Maynards Bassetts Liquorice Allsorts 165g,Maynards Bassetts
6030,Cadbury Dairy Milk Chocolate Bar 360g,Cadbury
6031,Cadbury Milk Chocolate Biscuit Fingers 114g,Cadbury
6032,Cadbury Crunchie Multipack Chocolate Bar x4 128g,Cadbury
6033,Al'Fez Moroccan Middle Eastern Spiced Couscous 200g,Al'Fez
6034,Cadbury Delights Soft Nougat Hazelnut Flavour & Caramel Bars 5x22g,Cadbury
6035,Belvita Soft Bakes Golden Oats 250g,Belvita
6036,Trebor Extra Strong Mints 48g,Trebor
6037,Ritz Breaks Original Crackers 6x31.6g,Ritz
6038,Cadbury Dairy Milk Fruitier & Nuttier Trail Mix 3x35g,Cadbury
6039,Ritz Original Crackers 200g,Ritz
6040,Cadbury Dairy Milk Little Chocolate Bars Multipacks x6 108g,Cadbury
6041,Trebor Softmints Spearmint Mints 4x44.9g,Trebor
6042,Maynards Bassetts Jelly Babies 165g,Maynards Bassetts
6043,Cadbury Fudge Bar x5 110g,Cadbury
6044,Cadbury Chocolate Mini Fingers x5 115g,Cadbury
6045,Cadbury Timeout Wafer Chocolate Bar Multipack x6 121.2g,Cadbury
6046,Belvita Breakfast Biscuits Cocoa with Choc Chips Multipack x5 225g,Belvita
6047,Trebor Extra Strong Peppermint Mints 4x41.3g,Trebor
6048,Belvita Breakfast Biscuits 30% Less Sugars Chocolate Chips Multipack 225g,Belvita
6049,Cadbury Milk Tray Chocolate Box 360g,Cadbury
6050,Trebor Mighties Sugar Free Mints 12.6g,Trebor
6051,Belvita Breakfast Biscuits Crunch Live Yogurt Multipack 5pk 253g,Belvita
6052,Cadbury Animals Chocolate Biscuits 7x20g,Cadbury
6053,Oggs Egg Alternative 200ml,Oggs
6054,Cadbury Snack Shortcake Chocolate Biscuit Multipack 6pk 120g,Cadbury
6055,Ritz Cheese Crackers 200g,Ritz
6056,Belvita Breakfast Dark Chocolate & Hazelnut Baked Bar x4 160g,Belvita
6057,Cadbury Dairy Milk Chocolate Bar 9pk 244g,Cadbury
6058,Cadbury Dairy Milk Crunchie 180g,Cadbury
6059,Sour Patch Kids Watermelon 140g,Sour Patch Kids
6060,Oreo Double Stuff Sandwich Biscuits 157g,Oreo
6061,Oreo Cadbury Chocolate Coated Biscuits 164g,Oreo
6062,Regal Siprus Finest Mango Nectar 2 Ltr,Regal Siprus
6063,Petits Filous Kids Strawberry & Apricot Yoghurt Big Pots 4x85g,Petits Filous
6064,Green & Black's Organic Tasting Collection Boxed Chocolate 395g,Green & Black's
6065,Cadbury Dairy Milk Buttons Mint Chocolate Bag 110g,Cadbury
6066,Sour Patch Kids Cola Sweets Bag 160g,Sour Patch Kids
6067,Cadbury Caramilk Buttons Golden Caramel Chocolate Bag 105g,Cadbury
6068,Cadbury Delights Soft Nougat Orange & Caramel Bars 5x22g,Cadbury
6069,Surreal Cinnamon High Protein Cereal 240g,Surreal
6070,Kellogg's Pop-Tarts Strawberry Sensation Breakfast Pastry Snack 8x48g,Kellogg's
6071,Ambrosia My Mini Custard 30% Reduced Sugar 6x55g,Ambrosia
6072,Surreal Frosted High Protein Cereal 240g,Surreal
6073,Sour Patch Kids Soda Sweets Bag 140g,Sour Patch Kids
6074,Kellogg's Pop-Tarts Choctastic Breakfast Pastry Snack 8x48g,Kellogg's
6075,Sour Patch Kids Fruit Mix Sweets Bag 160g,Sour Patch Kids
6076,Ambrosia Rice Pudding Mini Pots 6x55g,Ambrosia
6077,Ambrosia Custard Mini Pots 6x55g,Ambrosia
6078,Ben & Jerry's Dairy Free Cookie Dough Caramel Vegan Ice Cream Tub 465ml,Ben & Jerry's
6079,Cadbury Curly Wurly Chocolate Bar x5 107.5g,Cadbury
6080,John West Energy No Drain Tuna Steak with Springwater 3x110g,John West
6081,Munchies Gold Caramel Flavour Sharing Bag 94g,Munchies
6082,Lindt Milk Chocolate Egg with Lindor Assorted Truffles 260g,Lindt
6083,Kinnerton Peppa Pig Milk Chocolate Easter Egg and Bar 62g,Kinnerton
6084,Lindt Milk Chocolate Egg with Lindor Salted Caramel Truffles 260g,Lindt
6085,NOMO Free From Little Monsters Egg & Lolly 92g,NOMO
6086,Terry's Chocolate Orange Mini Eggs 200g,Terry's
6087,Cadbury Mini Eggs Traditional Chocolate Gift Shell Egg 193g,Cadbury
6088,Ben's Original Vegetable Pilau Microwave Rice 220g,Ben's Original
6089,Guylian Milk Chocolate Egg with Original Praliné Seahorses x12 306g,Guylian
6090,Thorntons Classic Milk Chocolate Egg with a Selection of Classic Chocolates 150g,Thorntons
6091,Lindt Milk Chocolate Easter Egg with Lindor Milk Truffles 260g,Lindt
6092,Green & Black's Organic Classic Miniature Chocolate Bar Collection 12x15g,Green & Black's
6093,KitKat Caramel Cookie Collision Incredible Egg 512.7g,KitKat
6094,NOMO Free From Creamy Choc Egg & Mini Bars 154g,NOMO
6095,Tony's Chocolonely Milk Caramel Sea Salt 242g,Tony's Chocolonely
6096,Tony's Chocolonely Milk Chocolate 242g,Tony's Chocolonely
6097,Reese's Peanut Butter Egg 142g,Reese's
6098,Lindt Gold Bunny Milk Chocolate 360g,Lindt
6099,Lindt Milk Chocolate Egg with Lindor Assorted Mini Eggs 215g,Lindt
6100,Pipers Kirkby Malham Chorizo Sharing Crisps 150g,
6101,Cadbury Twirl Milk Chocolate & Orange Flavoured Bars 241g,
6102,Lindt Gold Bunny 115g,
6103,Belvita Raisin & Currant Fruit Crunch 225g,
6104,FULFIL Chocolate Caramel Flavour Vitamin & Protein Bar 3×40g,
6105,Lindt Chocolate Easter Egg with Lindor 70% Truffles 260g,
6106,Cadbury Roses Chocolate Carton 290g,
6107,NOMO Free From Cookie Dough Crunch Egg & Bunny 160g,
6108,Lindt Gold Bunny 195g,
6109,NOMO Free From Ultimate Egg 258g,
6110,Lindt Milk Chocolate Egg with Lindor Milk Filled Eggs 322g,
6111,Kinder Surprice 220g,
6112,Lindt Milk Chocolate Egg with Lindor Milk Mini Eggs 215g,
6113,Lindt Lindor Milk Chocolate Egg with Lindor Assorted Filled Eggs 322g,
6114,Lindt Gold Bunny Salted Caramel 195g Egg,
6115,Toblerone the Edgy Egg Milk Chocolate with Honey & Almond Nougat 298g,
6116,Lindt Lindor Assorted Dark Blue Shell Egg 322g,
6117,"Homepride Extra Fine Self Raising Flour, Stay Fresh Pack 1kg",
6118,Scrambled Oggs Plant Based Eggs Alternative 330ml,
6119,Cadbury Dairy Milk Buttons 195g,
6120,M&M's Milk Chocolate Egg 313g,
6121,"Starbucks by Nescafe Dolce Gusto Madagascar Vanilla Macchiato Coffee Pods, 12 Pods Per Box",
6122,Cadbury Crunchie Inclusions Ultimate Egg 396g,
6123,Cidona Sparkling Apple Drink 2L,
6124,Petits Filous Big Pots Strawberry & Apricot Fromage Frais 4x85g,
6125,Cadbury Mini Eggs Chocolate Large Bag,
6126,Cadbury Dairy Milk & White Half & Half Ultimate Egg 372g,
6127,Lily O'Brien's Desserts Collection 240g,
6128,Milkybar White Chocolate Egg 65g,
6129,Milk Chocolate 100g,
6130,Smarties 119g,
6131,"Nescafé Gold Salted Caramel Mocha Sachets, Special Edition 7x19g",
6132,KitKat Chunky 129g,
6133,Petits Filous Kids Strawberry & Apricot Yogurt Pots 4 x 85g,
6134,Smarties 188g,
6135,Haribo Jelly Bunnies 160g,
6136,Galaxy 268g,
6137,NOMO Free From Easter Cookie Dough Bunny,
6138,Moo Free From Strawberry Sundae Egg,
6139,Lindt GOLD BUNNY 115g,
6140,Cadbury Wispa Chocolate Easter Egg Large 182.5gG,
6141,NOMO Free From Cookie Dough Crunch Egg & Bunny,
6142,Cadbury Dairy Milk Mini Dairy Milk Chocolate Eggs Bag 77G,
6143,NOMO Free From Fudge Egg & Bunny 160g,
6144,Cadbury Mini Eggs Chocolate Bag 80G,
6145,Dr. Oetker 50 Easter Baking Cases,
6146,Kit Kat Milk Chocolate Easter Egg Hunt Box 120g,
6147,Yorkie 196g,
6148,Smarties Mini Eggs 80g,
6149,Cadbury Dairy Milk Thoughtful Gesture Chocolate Shell 286G,
6150,Walkers Vegan BBQ Pork Rib 5pk,Walkers
6151,Cadbury Creme Egg Special Gesture Chocolate Shell Egg 235g,Cadbury
6152,Cadbury Dairy Milk Freddo Face Chocolate Egg 96g,Cadbury
6153,Munchies 254g,Munchies
6154,Kinder Surprise 100g,Kinder
6155,Want Want Senbei Rice Crackers 56g,Want Want
6156,Walkers Vegan Flame Grilled Steak 5pk,Walkers
6157,Cadbury Dairy Milk Freddo Chocolate Bar x5 90g,Cadbury
6158,Califia Farms Cold Brew Medium Roast Black Coffee 750ml,Califia Farms
6159,Dr. Oetker Bunnies & Eggs Dark Chocolate Decorations 26g,Dr. Oetker
6160,Twinings the Earl Grey Decaffeinated Plant Based Tea Bags x40 100g,Twinings
6161,Thorntons White Chocolate Bunny Egg 151g,Thorntons
6162,Moo Free Bunnycomb Egg 85g,Moo Free
6163,Dr. Oetker Make Your Own Pizza Baking Kit 440g,Dr. Oetker
6164,NOMO Free From Caramel Filled Egg & Bar 148g,NOMO
6165,Starbucks Daily Brew Coffee with Milk 250ml,Starbucks
6166,Nomo Choc Fudge Bunny 30g,Nomo
6167,Nomo Creamy Choc Egg & Mini Bars 154g,Nomo
6168,Moo Free Strawberry Sundae Easter Egg 85g,Moo Free
6169,Nomo Hollow Bunny 90g,Nomo
6170,Popworks Sweet BBQ Nhfss 85g,Popworks
6171,NOMO Caramel Egg & Bar 148g,NOMO
6172,Nomo the Ultimate Egg 258g,Nomo
6173,Moo Free Caramel Mini Eggs 88g,Moo Free
6174,Fruit Bowl Unicorn Fruit Flakes 5x18g,Fruit Bowl
6175,Fox's Biscuits Milk Chocolate Chunk Cookie 175g,Fox's Biscuits
6176,McVitie's Galaxy Cake Bars x5,McVitie's
6177,Halo Top Sea Salt Caramel Ice Cream 473ml,Halo Top
6178,NOMO Creamy Choc Egg & Monster Lolly 80g,NOMO
6179,Moo Free Easter Egg Hunt Box 10x15g,Moo Free
6180,Nomo Mini Cookie Dough Bunnies 53g,Nomo
6181,Cadbury Bitsa Wispa Chocolate Bag 185.5g,Cadbury
6182,Cadbury Dairy Milk Mega Buttons Chocolate Bag 192g,Cadbury
6183,NOMO Cookie Dough Egg & Bunny 160g,NOMO
6184,NOMO Bunny 30g,NOMO
6185,Pulsin Soya Protein 250g,Pulsin
6186,Merchant Gourmet Puy Lentils 400g,Merchant Gourmet
6187,Nomo Choc Fudge Egg & Bunny 160g,Nomo
6188,Reese's Peanut Butter Crème Egg 5 x 34g (170g),Reese's
6189,Cadbury Easter Sharing Chocolate Pack 317g,Cadbury
6190,HARIBO Eggs Galore! 160g,HARIBO
6191,Maltesers Chocolate Easter Bunny Treat 29g,Maltesers
6192,Cadbury Mini Eggs Chocolate Bag 385G,Cadbury
6193,Lindt GOLD BUNNY Salted Caramel 100g,Lindt
6194,Cadbury Creme Egg Single Chocolate,Cadbury
6195,Milkybar Mini Eggs Bar 90g,Milkybar
6196,Cadbury Mini Eggs Chocolate Tablet 360g,Cadbury
6197,Cadbury Creme Egg Chocolate 10pk 400G,Cadbury
6198,HARIBO Jelly Bunnies 160g,HARIBO
6199,Maltesers Multipack Chocolate Bunny 5 x 29g,Maltesers
6200,Cadbury White Creme Egg Chocolate Single 40g,Cadbury
6201,Cadbury Mini Eggs Chocolate Tablet 110g,Cadbury
6202,Kit Kat Bunny Milk Chocolate Easter Figure 29g,Kit Kat
6203,M&M's Milk Chocolate Easter Shape with Mini Chocolate M&M's 100g,M&M's
6204,Cadbury Dairy Milk Caramel Chocolate Egg Single,Cadbury
6205,Smarties 8 Egg Hunt 140g,Smarties
6206,Cadbury Chocolate Hollow Bunny 100G,Cadbury
6207,Lindt 5 Gold Bunny Milk Chocolate 50g,Lindt
6208,Libeert Belgian Milk Choc Bunny 85g,Libeert
6209,Maltesers Orange Chocolate Easter Bunny Treat 29g,Maltesers
6210,Cadbury Creme Egg Chocolate Tablet 123g,Cadbury
6211,Canderel 360 Tablets 30.6g,Canderel
6212,Moo Free Choccy Eggs 50g,Moo Free
6213,KitKat Bites Biscoff Milk Chocolate Sharing Bag 90g,KitKat
6214,Cadbury Dairy Milk Caramel Nibbles 186g,Cadbury
6215,Kellogg's All-Bran Golden Crunch Cereal 390g,Kellogg's
6216,Cadbury Egg Hunt Chocolate Pack 317g,Cadbury
6217,Merchant Gourmet Spicy Lentil Chilli 2x165g,Merchant Gourmet
6218,Maille Hollandaise Sauce 200g,Maille
6219,Cadbury Mixed Creme Egg & Caramel Chocolate Egg 10pk 400G,Cadbury
6220,Maltesers Crunchy Egg 496g,Maltesers
6221,Walkers Vegan Grilled Cheese Toastie 5pk,Walkers
6222,Cadbury Creme Egg Chocolate 5pk 200G,Cadbury
6223,Sharwood's Garlic & Coriander Naans x2,Sharwood's
6224,J-Basket Seaweed Crisps Almond Sesame 35g,J-Basket
6225,Taylors of Harrogate Lazy Sunday Ground Coffee 454g,Taylors of Harrogate
6226,Fruit Bowl Dino Yogurt Eggs 5x20g,Fruit Bowl
6227,Rakusen's Chocolate Digestive Biscuits 200g,Rakusen's
6228,Cadbury Dairy Milk Buttons 184.8g,Cadbury
6229,Tala Siliconised Loaf Liners 2lb x40,Tala
6230,Rhythm108 Gluten Free Super Coconut Swiss Dark Chocolate 33g,Rhythm108
6231,Sharwoods Plain Flame-Baked Naans x2 260g,Sharwoods
6232,KitKat 8 Egg Hunt Pack 120g,KitKat
6233,Galaxy Vegan Instant Silky & Smooth Hot Chocolate Drink 250g,Galaxy
6234,Celebrations Chocolates Easter Sharing Pouch Bag 400g,Celebrations
6235,The Curators Smoky Bacon Pork Puffs 75g,The Curators
6236,Cadbury Mini Creme Egg Chocolate Bag 78G,Cadbury
6237,Cadbury Mixed Creme Egg Chocolate 5 Pack 200g,Cadbury
6238,Pringles Multigrain Salt & Vinegar Sharing Crisps 166g,Pringles
6239,Kinder Joy Cocoa Milk Cream & Wafer Bites Chocolate Egg With Surprise Toy 20g,Kinder
6240,Taylors of Harrogate Rich Italian Ground Coffee 454g,Taylors of Harrogate
6241,Bovril Beef Paste and Yeast Extract 250g,Bovril
6242,Cadbury Mini Eggs Chocolate Bag 360g,Cadbury
6243,Cadbury Mini Eggs 193.5g,Cadbury
6244,Cadbury Creme Egg 5x40g,Cadbury
6245,Lindt GOLD BUNNY Milk Chocolate 10g,Lindt
6246,Cadbury Dairy Milk Caramel Nibbles 96g,Cadbury
6247,Cadbury Dairy Milk Buttons 96g,Cadbury
6248,Cadbury Creme Egg 10 x 40g (400g),Cadbury
6249,Cadbury Dairy Milk Minis Bag 93g,Cadbury
6250,Fruit Shoot Orange Kids Juice Drink 8x200ml,Fruit Shoot
6251,Cadbury Creme Egg 195g,Cadbury
6252,Cadbury Creme Egg Minis 78g,Cadbury
6253,Cadbury Creme Egg Bar 123g,Cadbury
6254,Cadbury Caramel Egg Single 40g,Cadbury
6255,Cadbury Minis Mix 238g,Cadbury
6256,Cadbury Mini Eggs 360g,Cadbury
6257,Fruit Shoot Summer Fruits Kids Juice Drink 8x200ml,Fruit Shoot
6258,Cadbury Creme Egg 5 x 40g (200g),Cadbury
6259,Kind Chocolate Chip Cashew Bars 12x40g,Kind
6260,Merchant Gourmet Fragrant Lentil Madras Curry 2x165g,Merchant Gourmet
6261,Walkers Marmite Multipack Crisps 6x25g,Walkers